WorkerThreadPool: 16 threads, 12 max low-priority.
Godot Engine v4.7.2.stable.official.ed1daf0bf - https://godotengine.org
TextServer: Added interface "Dummy"
TextServer: Added interface "ICU / HarfBuzz / Graphite (Built-in)"
Using "default" pen tablet driver...

TextServer: Primary interface set to: "ICU / HarfBuzz / Graphite (Built-in)".
CORE API HASH: 2004498165
EDITOR API HASH: 1696660745
SceneTreeFTI: traversal method DEFAULT
Loading resource: C:/Users/36193/AppData/Roaming/Godot/editor_settings-4.7.tres remapped: C:/Users/36193/AppData/Roaming/Godot/editor_settings-4.7.tres
Completed load for: 'C:/Users/36193/AppData/Roaming/Godot/editor_settings-4.7.tres' remapped 'C:/Users/36193/AppData/Roaming/Godot/editor_settings-4.7.tres' at thread -1
EditorSettings: Load OK!
EditorTheme: Generating new theme for the config '1013720055'.
EditorTheme: Generating new icons.
EditorTheme: Generating new fonts.
EditorTheme: Generating new styles.
Loading resource: C:/Users/36193/AppData/Local/Godot/editor_doc_cache-4.7.res remapped: C:/Users/36193/AppData/Local/Godot/editor_doc_cache-4.7.res
Loaded system CA certificates
Completed load for: 'C:/Users/36193/AppData/Local/Godot/editor_doc_cache-4.7.res' remapped 'C:/Users/36193/AppData/Local/Godot/editor_doc_cache-4.7.res' at thread -1
Failed to bind socket. Error: 3.
[   0% ] [90m[1mfirst_scan_filesystem[22m | Started 项目初始化 (5 steps)[39m[0m
[   0% ] [90m[1mfirst_scan_filesystem[22m | 正在扫描文件结构……[39m[0m
[  16% ] [90m[1mfirst_scan_filesystem[22m | 正在加载全局类名……[39m[0m
[  33% ] [90m[1mfirst_scan_filesystem[22m | 正在校验 GDExtension……[39m[0m
[  50% ] [90m[1mfirst_scan_filesystem[22m | 正在创建自动加载脚本……[39m[0m
Loading resource: res://autoload/save_service.gd remapped: res://autoload/save_service.gd
Completed load for: 'res://autoload/save_service.gd' remapped 'res://autoload/save_service.gd' at thread -1
Loading resource: res://autoload/ad_service.gd remapped: res://autoload/ad_service.gd
Completed load for: 'res://autoload/ad_service.gd' remapped 'res://autoload/ad_service.gd' at thread -1
Loading resource: res://autoload/audio_service.gd remapped: res://autoload/audio_service.gd
Loading resource: res://assets/audio/hero/attack/attack.wav remapped: res://assets/audio/hero/attack/attack.wav
Loading resource: res://.godot/imported/attack.wav-8eb876faa515d224241c5812362b72f2.sample remapped: res://.godot/imported/attack.wav-8eb876faa515d224241c5812362b72f2.sample
Completed load for: 'res://assets/audio/hero/attack/attack.wav' remapped 'res://assets/audio/hero/attack/attack.wav' at thread -1
Loading resource: res://assets/audio/hero/attack/attack2.mp3 remapped: res://assets/audio/hero/attack/attack2.mp3
Loading resource: res://.godot/imported/attack2.mp3-8a2b7c37edc1613852989760e85bdd74.mp3str remapped: res://.godot/imported/attack2.mp3-8a2b7c37edc1613852989760e85bdd74.mp3str
Completed load for: 'res://assets/audio/hero/attack/attack2.mp3' remapped 'res://assets/audio/hero/attack/attack2.mp3' at thread -1
Loading resource: res://assets/audio/hero/attack/attack3.mp3 remapped: res://assets/audio/hero/attack/attack3.mp3
Loading resource: res://.godot/imported/attack3.mp3-1af81541e198e45c2051f7e34df268f9.mp3str remapped: res://.godot/imported/attack3.mp3-1af81541e198e45c2051f7e34df268f9.mp3str
Completed load for: 'res://assets/audio/hero/attack/attack3.mp3' remapped 'res://assets/audio/hero/attack/attack3.mp3' at thread -1
Loading resource: res://assets/audio/hero/attack/attack4.wav remapped: res://assets/audio/hero/attack/attack4.wav
Loading resource: res://.godot/imported/attack4.wav-2410137b696b1cbac4fd28d9fee7f657.sample remapped: res://.godot/imported/attack4.wav-2410137b696b1cbac4fd28d9fee7f657.sample
Completed load for: 'res://assets/audio/hero/attack/attack4.wav' remapped 'res://assets/audio/hero/attack/attack4.wav' at thread -1
Loading resource: res://assets/audio/hero/voice/attack-shout-01.mp3 remapped: res://assets/audio/hero/voice/attack-shout-01.mp3
Loading resource: res://.godot/imported/attack-shout-01.mp3-3d071b9a8c1ffa8a86c42b4e6284996e.mp3str remapped: res://.godot/imported/attack-shout-01.mp3-3d071b9a8c1ffa8a86c42b4e6284996e.mp3str
Completed load for: 'res://assets/audio/hero/voice/attack-shout-01.mp3' remapped 'res://assets/audio/hero/voice/attack-shout-01.mp3' at thread -1
Loading resource: res://assets/audio/hero/voice/attack-shout-02.mp3 remapped: res://assets/audio/hero/voice/attack-shout-02.mp3
Loading resource: res://.godot/imported/attack-shout-02.mp3-5e2e468a7a28ada7d52925cca4f157d9.mp3str remapped: res://.godot/imported/attack-shout-02.mp3-5e2e468a7a28ada7d52925cca4f157d9.mp3str
Completed load for: 'res://assets/audio/hero/voice/attack-shout-02.mp3' remapped 'res://assets/audio/hero/voice/attack-shout-02.mp3' at thread -1
Loading resource: res://assets/audio/hero/voice/attack-shout-03.mp3 remapped: res://assets/audio/hero/voice/attack-shout-03.mp3
Loading resource: res://.godot/imported/attack-shout-03.mp3-6a822903db68cd3fd260609b89be604c.mp3str remapped: res://.godot/imported/attack-shout-03.mp3-6a822903db68cd3fd260609b89be604c.mp3str
Completed load for: 'res://assets/audio/hero/voice/attack-shout-03.mp3' remapped 'res://assets/audio/hero/voice/attack-shout-03.mp3' at thread -1
Loading resource: res://assets/audio/hero/miss/miss.wav remapped: res://assets/audio/hero/miss/miss.wav
Loading resource: res://.godot/imported/miss.wav-30d5aff5b24eca71bf9cf95d7db31cad.sample remapped: res://.godot/imported/miss.wav-30d5aff5b24eca71bf9cf95d7db31cad.sample
Completed load for: 'res://assets/audio/hero/miss/miss.wav' remapped 'res://assets/audio/hero/miss/miss.wav' at thread -1
Loading resource: res://assets/audio/hero/miss/miss2.wav remapped: res://assets/audio/hero/miss/miss2.wav
Loading resource: res://.godot/imported/miss2.wav-ad3330cc09fe7b35f8165d2adc339da5.sample remapped: res://.godot/imported/miss2.wav-ad3330cc09fe7b35f8165d2adc339da5.sample
Completed load for: 'res://assets/audio/hero/miss/miss2.wav' remapped 'res://assets/audio/hero/miss/miss2.wav' at thread -1
Loading resource: res://assets/audio/hero/move/move1.wav remapped: res://assets/audio/hero/move/move1.wav
Loading resource: res://.godot/imported/move1.wav-c52d484299ea146833c1ca45576d87e5.sample remapped: res://.godot/imported/move1.wav-c52d484299ea146833c1ca45576d87e5.sample
Completed load for: 'res://assets/audio/hero/move/move1.wav' remapped 'res://assets/audio/hero/move/move1.wav' at thread -1
Loading resource: res://assets/audio/hero/move/move2.wav remapped: res://assets/audio/hero/move/move2.wav
Loading resource: res://.godot/imported/move2.wav-51bf13811047348a87016835e14c3765.sample remapped: res://.godot/imported/move2.wav-51bf13811047348a87016835e14c3765.sample
Completed load for: 'res://assets/audio/hero/move/move2.wav' remapped 'res://assets/audio/hero/move/move2.wav' at thread -1
Loading resource: res://assets/audio/hero/skill/skill.mp3 remapped: res://assets/audio/hero/skill/skill.mp3
Loading resource: res://.godot/imported/skill.mp3-9a68071dc871fc7e3b58ea239f530a1b.mp3str remapped: res://.godot/imported/skill.mp3-9a68071dc871fc7e3b58ea239f530a1b.mp3str
Completed load for: 'res://assets/audio/hero/skill/skill.mp3' remapped 'res://assets/audio/hero/skill/skill.mp3' at thread -1
Loading resource: res://assets/audio/hero/firewheel-loop.mp3 remapped: res://assets/audio/hero/firewheel-loop.mp3
Loading resource: res://.godot/imported/firewheel-loop.mp3-c9c674a94870029245082ce3e17e70b4.mp3str remapped: res://.godot/imported/firewheel-loop.mp3-c9c674a94870029245082ce3e17e70b4.mp3str
Completed load for: 'res://assets/audio/hero/firewheel-loop.mp3' remapped 'res://assets/audio/hero/firewheel-loop.mp3' at thread -1
Loading resource: res://assets/audio/hero/ultimate-power-up.wav remapped: res://assets/audio/hero/ultimate-power-up.wav
Loading resource: res://.godot/imported/ultimate-power-up.wav-98f0d3e5a5a70d70cf880c70b4613b33.sample remapped: res://.godot/imported/ultimate-power-up.wav-98f0d3e5a5a70d70cf880c70b4613b33.sample
Completed load for: 'res://assets/audio/hero/ultimate-power-up.wav' remapped 'res://assets/audio/hero/ultimate-power-up.wav' at thread -1
Loading resource: res://assets/audio/hero/guan_yu/knife-wave.mp3 remapped: res://assets/audio/hero/guan_yu/knife-wave.mp3
Loading resource: res://.godot/imported/knife-wave.mp3-7a06e9a4011f4a804ab948727bcfd9bc.mp3str remapped: res://.godot/imported/knife-wave.mp3-7a06e9a4011f4a804ab948727bcfd9bc.mp3str
Completed load for: 'res://assets/audio/hero/guan_yu/knife-wave.mp3' remapped 'res://assets/audio/hero/guan_yu/knife-wave.mp3' at thread -1
Loading resource: res://assets/audio/hero/zhang_fei/ground-slam.wav remapped: res://assets/audio/hero/zhang_fei/ground-slam.wav
Loading resource: res://.godot/imported/ground-slam.wav-3a828a0448d2de2a3f9302b6a5df73a4.sample remapped: res://.godot/imported/ground-slam.wav-3a828a0448d2de2a3f9302b6a5df73a4.sample
Completed load for: 'res://assets/audio/hero/zhang_fei/ground-slam.wav' remapped 'res://assets/audio/hero/zhang_fei/ground-slam.wav' at thread -1
Loading resource: res://assets/audio/tianji/fire-rain.mp3 remapped: res://assets/audio/tianji/fire-rain.mp3
Loading resource: res://.godot/imported/fire-rain.mp3-5359dd581073917c22afe7346926ca1b.mp3str remapped: res://.godot/imported/fire-rain.mp3-5359dd581073917c22afe7346926ca1b.mp3str
Completed load for: 'res://assets/audio/tianji/fire-rain.mp3' remapped 'res://assets/audio/tianji/fire-rain.mp3' at thread -1
Loading resource: res://assets/audio/tianji/lightning.mp3 remapped: res://assets/audio/tianji/lightning.mp3
Loading resource: res://.godot/imported/lightning.mp3-334204e487f3dda8f71f817eaae4358e.mp3str remapped: res://.godot/imported/lightning.mp3-334204e487f3dda8f71f817eaae4358e.mp3str
Completed load for: 'res://assets/audio/tianji/lightning.mp3' remapped 'res://assets/audio/tianji/lightning.mp3' at thread -1
Loading resource: res://assets/audio/tianji/arrow-volley.mp3 remapped: res://assets/audio/tianji/arrow-volley.mp3
Loading resource: res://.godot/imported/arrow-volley.mp3-49bd628e031de1c864f40fb6fda84a3c.mp3str remapped: res://.godot/imported/arrow-volley.mp3-49bd628e031de1c864f40fb6fda84a3c.mp3str
Completed load for: 'res://assets/audio/tianji/arrow-volley.mp3' remapped 'res://assets/audio/tianji/arrow-volley.mp3' at thread -1
Loading resource: res://assets/audio/tianji/water.mp3 remapped: res://assets/audio/tianji/water.mp3
Loading resource: res://.godot/imported/water.mp3-b3cc6971e52245e70108f30c26fe9e90.mp3str remapped: res://.godot/imported/water.mp3-b3cc6971e52245e70108f30c26fe9e90.mp3str
Completed load for: 'res://assets/audio/tianji/water.mp3' remapped 'res://assets/audio/tianji/water.mp3' at thread -1
Loading resource: res://assets/audio/tianji/wind.mp3 remapped: res://assets/audio/tianji/wind.mp3
Loading resource: res://.godot/imported/wind.mp3-96f836e2aa1e10076a00765baa6056ae.mp3str remapped: res://.godot/imported/wind.mp3-96f836e2aa1e10076a00765baa6056ae.mp3str
Completed load for: 'res://assets/audio/tianji/wind.mp3' remapped 'res://assets/audio/tianji/wind.mp3' at thread -1
Loading resource: res://assets/audio/battle/iron-siege-march.mp3 remapped: res://assets/audio/battle/iron-siege-march.mp3
Loading resource: res://.godot/imported/iron-siege-march.mp3-bdba6b0f48f4d20e4424129d1ea94b06.mp3str remapped: res://.godot/imported/iron-siege-march.mp3-bdba6b0f48f4d20e4424129d1ea94b06.mp3str
Completed load for: 'res://assets/audio/battle/iron-siege-march.mp3' remapped 'res://assets/audio/battle/iron-siege-march.mp3' at thread -1
Loading resource: res://assets/audio/battle/red-banner-charge.mp3 remapped: res://assets/audio/battle/red-banner-charge.mp3
Loading resource: res://.godot/imported/red-banner-charge.mp3-abfa8491c545c0d8c8c9169d3a371771.mp3str remapped: res://.godot/imported/red-banner-charge.mp3-abfa8491c545c0d8c8c9169d3a371771.mp3str
Completed load for: 'res://assets/audio/battle/red-banner-charge.mp3' remapped 'res://assets/audio/battle/red-banner-charge.mp3' at thread -1
Loading resource: res://assets/audio/enemies/duel/formation-cheer.mp3 remapped: res://assets/audio/enemies/duel/formation-cheer.mp3
Loading resource: res://.godot/imported/formation-cheer.mp3-88c589f3d247c83410bb96b5488b8210.mp3str remapped: res://.godot/imported/formation-cheer.mp3-88c589f3d247c83410bb96b5488b8210.mp3str
Completed load for: 'res://assets/audio/enemies/duel/formation-cheer.mp3' remapped 'res://assets/audio/enemies/duel/formation-cheer.mp3' at thread -1
Loading resource: res://assets/audio/enemies/boss/entrance-laugh.mp3 remapped: res://assets/audio/enemies/boss/entrance-laugh.mp3
Loading resource: res://.godot/imported/entrance-laugh.mp3-14a6a81e24caeee7bc199616b053caa1.mp3str remapped: res://.godot/imported/entrance-laugh.mp3-14a6a81e24caeee7bc199616b053caa1.mp3str
Completed load for: 'res://assets/audio/enemies/boss/entrance-laugh.mp3' remapped 'res://assets/audio/enemies/boss/entrance-laugh.mp3' at thread -1
Loading resource: res://assets/audio/enemies/ambient/enemy-voice-01.wav remapped: res://assets/audio/enemies/ambient/enemy-voice-01.wav
Loading resource: res://.godot/imported/enemy-voice-01.wav-b20c2e30bafa01cf5ac5b16cefe0c610.sample remapped: res://.godot/imported/enemy-voice-01.wav-b20c2e30bafa01cf5ac5b16cefe0c610.sample
Completed load for: 'res://assets/audio/enemies/ambient/enemy-voice-01.wav' remapped 'res://assets/audio/enemies/ambient/enemy-voice-01.wav' at thread -1
Loading resource: res://assets/audio/enemies/ambient/enemy-voice-02.wav remapped: res://assets/audio/enemies/ambient/enemy-voice-02.wav
Loading resource: res://.godot/imported/enemy-voice-02.wav-3500053f7b2284bfec57fc34f36a3cde.sample remapped: res://.godot/imported/enemy-voice-02.wav-3500053f7b2284bfec57fc34f36a3cde.sample
Completed load for: 'res://assets/audio/enemies/ambient/enemy-voice-02.wav' remapped 'res://assets/audio/enemies/ambient/enemy-voice-02.wav' at thread -1
Completed load for: 'res://autoload/audio_service.gd' remapped 'res://autoload/audio_service.gd' at thread -1
Loading resource: res://autoload/loading_overlay.gd remapped: res://autoload/loading_overlay.gd
Loading resource: res://assets/art/ui/guofeng/panel_frame_2x.png remapped: res://assets/art/ui/guofeng/panel_frame_2x.png
Loading resource: res://.godot/imported/panel_frame_2x.png-446fcb42a28d40dee7cad5b5d182db30.ctex remapped: res://.godot/imported/panel_frame_2x.png-446fcb42a28d40dee7cad5b5d182db30.ctex
Completed load for: 'res://assets/art/ui/guofeng/panel_frame_2x.png' remapped 'res://assets/art/ui/guofeng/panel_frame_2x.png' at thread -1
Loading resource: res://assets/art/ui/guofeng/upgrade_card_frame_2x.png remapped: res://assets/art/ui/guofeng/upgrade_card_frame_2x.png
Loading resource: res://.godot/imported/upgrade_card_frame_2x.png-a4c98fa60e79dcfc042311a0b48bd1ef.ctex remapped: res://.godot/imported/upgrade_card_frame_2x.png-a4c98fa60e79dcfc042311a0b48bd1ef.ctex
Completed load for: 'res://assets/art/ui/guofeng/upgrade_card_frame_2x.png' remapped 'res://assets/art/ui/guofeng/upgrade_card_frame_2x.png' at thread -1
Loading resource: res://assets/art/ui/guofeng/button_normal_2x.png remapped: res://assets/art/ui/guofeng/button_normal_2x.png
Loading resource: res://.godot/imported/button_normal_2x.png-3debc8ecd6e362ebc72f3c513106003f.ctex remapped: res://.godot/imported/button_normal_2x.png-3debc8ecd6e362ebc72f3c513106003f.ctex
Completed load for: 'res://assets/art/ui/guofeng/button_normal_2x.png' remapped 'res://assets/art/ui/guofeng/button_normal_2x.png' at thread -1
Loading resource: res://assets/art/ui/guofeng/button_hover_2x.png remapped: res://assets/art/ui/guofeng/button_hover_2x.png
Loading resource: res://.godot/imported/button_hover_2x.png-800d8664b48db35084c41cf4a9e5fb5c.ctex remapped: res://.godot/imported/button_hover_2x.png-800d8664b48db35084c41cf4a9e5fb5c.ctex
Completed load for: 'res://assets/art/ui/guofeng/button_hover_2x.png' remapped 'res://assets/art/ui/guofeng/button_hover_2x.png' at thread -1
Loading resource: res://assets/art/ui/guofeng/button_pressed_2x.png remapped: res://assets/art/ui/guofeng/button_pressed_2x.png
Loading resource: res://.godot/imported/button_pressed_2x.png-cab946cfc38a09d7f446109a365de5c6.ctex remapped: res://.godot/imported/button_pressed_2x.png-cab946cfc38a09d7f446109a365de5c6.ctex
Completed load for: 'res://assets/art/ui/guofeng/button_pressed_2x.png' remapped 'res://assets/art/ui/guofeng/button_pressed_2x.png' at thread -1
Loading resource: res://assets/art/ui/guofeng/button_disabled_2x.png remapped: res://assets/art/ui/guofeng/button_disabled_2x.png
Loading resource: res://.godot/imported/button_disabled_2x.png-78de51ee3f7f12741ebd310d15f556c3.ctex remapped: res://.godot/imported/button_disabled_2x.png-78de51ee3f7f12741ebd310d15f556c3.ctex
Completed load for: 'res://assets/art/ui/guofeng/button_disabled_2x.png' remapped 'res://assets/art/ui/guofeng/button_disabled_2x.png' at thread -1
Loading resource: res://assets/art/ui/guofeng/hud_bar_frame_2x.png remapped: res://assets/art/ui/guofeng/hud_bar_frame_2x.png
Loading resource: res://.godot/imported/hud_bar_frame_2x.png-0ecb06302013ea7ec55904da135ff00e.ctex remapped: res://.godot/imported/hud_bar_frame_2x.png-0ecb06302013ea7ec55904da135ff00e.ctex
Completed load for: 'res://assets/art/ui/guofeng/hud_bar_frame_2x.png' remapped 'res://assets/art/ui/guofeng/hud_bar_frame_2x.png' at thread -1
Loading resource: res://assets/art/ui/guofeng/title_divider_2x.png remapped: res://assets/art/ui/guofeng/title_divider_2x.png
Loading resource: res://.godot/imported/title_divider_2x.png-214a0d492d4d342910a343ca1308fb92.ctex remapped: res://.godot/imported/title_divider_2x.png-214a0d492d4d342910a343ca1308fb92.ctex
Completed load for: 'res://assets/art/ui/guofeng/title_divider_2x.png' remapped 'res://assets/art/ui/guofeng/title_divider_2x.png' at thread -1
Loading resource: res://assets/fonts/kaiti.ttf remapped: res://assets/fonts/kaiti.ttf
Loading resource: res://.godot/imported/kaiti.ttf-e3d8818de4e9c0735685c46d818ff81c.fontdata remapped: res://.godot/imported/kaiti.ttf-e3d8818de4e9c0735685c46d818ff81c.fontdata
Completed load for: 'res://assets/fonts/kaiti.ttf' remapped 'res://assets/fonts/kaiti.ttf' at thread -1
Completed load for: 'res://autoload/loading_overlay.gd' remapped 'res://autoload/loading_overlay.gd' at thread -1
Loading resource: res://autoload/scene_router.gd remapped: res://autoload/scene_router.gd
Completed load for: 'res://autoload/scene_router.gd' remapped 'res://autoload/scene_router.gd' at thread -1
Loading resource: res://autoload/haptic_service.gd remapped: res://autoload/haptic_service.gd
Completed load for: 'res://autoload/haptic_service.gd' remapped 'res://autoload/haptic_service.gd' at thread -1
Loading resource: res://addons/GodotTapTapSDK/GodotTapTap.gd remapped: res://addons/GodotTapTapSDK/GodotTapTap.gd
Completed load for: 'res://addons/GodotTapTapSDK/GodotTapTap.gd' remapped 'res://addons/GodotTapTapSDK/GodotTapTap.gd' at thread -1
Loading resource: res://autoload/tap_auth_service.gd remapped: res://autoload/tap_auth_service.gd
Completed load for: 'res://autoload/tap_auth_service.gd' remapped 'res://autoload/tap_auth_service.gd' at thread -1
[  66% ] [90m[1mfirst_scan_filesystem[22m | 正在初始化插件……[39m[0m
Loading resource: res://addons/GodotTapTapSDK/export_plugin.gd remapped: res://addons/GodotTapTapSDK/export_plugin.gd
Completed load for: 'res://addons/GodotTapTapSDK/export_plugin.gd' remapped 'res://addons/GodotTapTapSDK/export_plugin.gd' at thread -1
[  83% ] [90m[1mfirst_scan_filesystem[22m | 正在启动文件扫描……[39m[0m
[92m[ DONE ][39m [1mfirst_scan_filesystem[22m
[0m
[   0% ] [90m[1mloading_editor_layout[22m | Started 正在加载编辑器 (5 steps)[39m[0m
[   0% ] [90m[1mloading_editor_layout[22m | 正在加载编辑器布局……[39m[0m
[  16% ] [90m[1mloading_editor_layout[22m | 正在加载停靠面板……[39m[0m
[  33% ] [90m[1mloading_editor_layout[22m | 正在重新打开场景……[39m[0m
Loading resource: res://scenes/home/main.tscn remapped: res://scenes/home/main.tscn
Loading resource: res://scripts/ui/home_screen.gd remapped: res://scripts/ui/home_screen.gd
Loading resource: res://assets/art/environment/bowangpo1/1.png remapped: res://assets/art/environment/bowangpo1/1.png
Loading resource: res://.godot/imported/1.png-9ce6ee0482826a776f876db1c3034621.ctex remapped: res://.godot/imported/1.png-9ce6ee0482826a776f876db1c3034621.ctex
Completed load for: 'res://assets/art/environment/bowangpo1/1.png' remapped 'res://assets/art/environment/bowangpo1/1.png' at thread -1
Loading resource: res://assets/art/environment/xinye1/ground-canvas.png remapped: res://assets/art/environment/xinye1/ground-canvas.png
Loading resource: res://.godot/imported/ground-canvas.png-7ff18434ab5eee6a9c5810258eefdaeb.ctex remapped: res://.godot/imported/ground-canvas.png-7ff18434ab5eee6a9c5810258eefdaeb.ctex
Completed load for: 'res://assets/art/environment/xinye1/ground-canvas.png' remapped 'res://assets/art/environment/xinye1/ground-canvas.png' at thread -1
Loading resource: res://assets/art/environment/bowangpo1/ground-canvas.png remapped: res://assets/art/environment/bowangpo1/ground-canvas.png
Loading resource: res://.godot/imported/ground-canvas.png-ccf7cf8b61c1a606db87e36a926f65d2.ctex remapped: res://.godot/imported/ground-canvas.png-ccf7cf8b61c1a606db87e36a926f65d2.ctex
Completed load for: 'res://assets/art/environment/bowangpo1/ground-canvas.png' remapped 'res://assets/art/environment/bowangpo1/ground-canvas.png' at thread -1
Loading resource: res://assets/art/environment/huoshaoxinye1/ground-canvas.png remapped: res://assets/art/environment/huoshaoxinye1/ground-canvas.png
Loading resource: res://.godot/imported/ground-canvas.png-bf66b70007d8a9e52abfe8902bee7325.ctex remapped: res://.godot/imported/ground-canvas.png-bf66b70007d8a9e52abfe8902bee7325.ctex
Completed load for: 'res://assets/art/environment/huoshaoxinye1/ground-canvas.png' remapped 'res://assets/art/environment/huoshaoxinye1/ground-canvas.png' at thread -1
Loading resource: res://assets/art/environment/xiangyangchetui1/ground-canvas.png remapped: res://assets/art/environment/xiangyangchetui1/ground-canvas.png
Loading resource: res://.godot/imported/ground-canvas.png-3c88fcb4e2042db01164d982b3406a75.ctex remapped: res://.godot/imported/ground-canvas.png-3c88fcb4e2042db01164d982b3406a75.ctex
Completed load for: 'res://assets/art/environment/xiangyangchetui1/ground-canvas.png' remapped 'res://assets/art/environment/xiangyangchetui1/ground-canvas.png' at thread -1
Loading resource: res://assets/art/environment/jingzhou_siege/ground-canvas.png remapped: res://assets/art/environment/jingzhou_siege/ground-canvas.png
Loading resource: res://.godot/imported/ground-canvas.png-d0fedca3f1accdc98b59e64f93896a53.ctex remapped: res://.godot/imported/ground-canvas.png-d0fedca3f1accdc98b59e64f93896a53.ctex
Completed load for: 'res://assets/art/environment/jingzhou_siege/ground-canvas.png' remapped 'res://assets/art/environment/jingzhou_siege/ground-canvas.png' at thread -1
Loading resource: res://assets/art/environment/dangyangduanhou/ground-canvas.png remapped: res://assets/art/environment/dangyangduanhou/ground-canvas.png
Loading resource: res://.godot/imported/ground-canvas.png-8ebfb70515ebb54dfee729dea302cbb8.ctex remapped: res://.godot/imported/ground-canvas.png-8ebfb70515ebb54dfee729dea302cbb8.ctex
Completed load for: 'res://assets/art/environment/dangyangduanhou/ground-canvas.png' remapped 'res://assets/art/environment/dangyangduanhou/ground-canvas.png' at thread -1
Loading resource: res://assets/art/environment/changbanpo/ground-canvas.png remapped: res://assets/art/environment/changbanpo/ground-canvas.png
Loading resource: res://.godot/imported/ground-canvas.png-4453ae3b4f6ea96ea40ed0c5f3a19eac.ctex remapped: res://.godot/imported/ground-canvas.png-4453ae3b4f6ea96ea40ed0c5f3a19eac.ctex
Completed load for: 'res://assets/art/environment/changbanpo/ground-canvas.png' remapped 'res://assets/art/environment/changbanpo/ground-canvas.png' at thread -1
Loading resource: res://assets/art/environment/shilian/trial-preview.png remapped: res://assets/art/environment/shilian/trial-preview.png
Loading resource: res://.godot/imported/trial-preview.png-15e903ec6bb0472542e6a04eccd615b5.ctex remapped: res://.godot/imported/trial-preview.png-15e903ec6bb0472542e6a04eccd615b5.ctex
Completed load for: 'res://assets/art/environment/shilian/trial-preview.png' remapped 'res://assets/art/environment/shilian/trial-preview.png' at thread -1
Loading resource: res://assets/art/ui/backgrounds/main_menu/mainFrame_new.png remapped: res://assets/art/ui/backgrounds/main_menu/mainFrame_new.png
Loading resource: res://.godot/imported/mainFrame_new.png-f534a1d8bac346639d51eb36a09a1007.ctex remapped: res://.godot/imported/mainFrame_new.png-f534a1d8bac346639d51eb36a09a1007.ctex
Completed load for: 'res://assets/art/ui/backgrounds/main_menu/mainFrame_new.png' remapped 'res://assets/art/ui/backgrounds/main_menu/mainFrame_new.png' at thread -1
Loading resource: res://assets/art/ui/backgrounds/select_hero.png remapped: res://assets/art/ui/backgrounds/select_hero.png
Loading resource: res://.godot/imported/select_hero.png-f44d05dc7c8db7efb7109175cd2ee888.ctex remapped: res://.godot/imported/select_hero.png-f44d05dc7c8db7efb7109175cd2ee888.ctex
Completed load for: 'res://assets/art/ui/backgrounds/select_hero.png' remapped 'res://assets/art/ui/backgrounds/select_hero.png' at thread -1
Loading resource: res://assets/art/ui/hero_select/PicHeroLogo.png remapped: res://assets/art/ui/hero_select/PicHeroLogo.png
Loading resource: res://.godot/imported/PicHeroLogo.png-3f974ebaab51a8beaf6a7273cfc867cc.ctex remapped: res://.godot/imported/PicHeroLogo.png-3f974ebaab51a8beaf6a7273cfc867cc.ctex
Completed load for: 'res://assets/art/ui/hero_select/PicHeroLogo.png' remapped 'res://assets/art/ui/hero_select/PicHeroLogo.png' at thread -1
Loading resource: res://assets/art/ui/hero_select/start.png remapped: res://assets/art/ui/hero_select/start.png
Loading resource: res://.godot/imported/start.png-c4f2a21158825947e4467c806e8af3d8.ctex remapped: res://.godot/imported/start.png-c4f2a21158825947e4467c806e8af3d8.ctex
Completed load for: 'res://assets/art/ui/hero_select/start.png' remapped 'res://assets/art/ui/hero_select/start.png' at thread -1
Loading resource: res://assets/art/ui/main_menu/button_on.png remapped: res://assets/art/ui/main_menu/button_on.png
Loading resource: res://.godot/imported/button_on.png-079b29de61ccd2002944f65c653bbbef.ctex remapped: res://.godot/imported/button_on.png-079b29de61ccd2002944f65c653bbbef.ctex
Completed load for: 'res://assets/art/ui/main_menu/button_on.png' remapped 'res://assets/art/ui/main_menu/button_on.png' at thread -1
Loading resource: res://assets/art/ui/main_menu/battle.png remapped: res://assets/art/ui/main_menu/battle.png
Loading resource: res://.godot/imported/battle.png-07968e22306b6b523e55ea2e62d4a4a8.ctex remapped: res://.godot/imported/battle.png-07968e22306b6b523e55ea2e62d4a4a8.ctex
Completed load for: 'res://assets/art/ui/main_menu/battle.png' remapped 'res://assets/art/ui/main_menu/battle.png' at thread -1
Loading resource: res://assets/art/ui/main_menu/book.png remapped: res://assets/art/ui/main_menu/book.png
Loading resource: res://.godot/imported/book.png-b1e42d0321c61dcdd0fc317e54356a1d.ctex remapped: res://.godot/imported/book.png-b1e42d0321c61dcdd0fc317e54356a1d.ctex
Completed load for: 'res://assets/art/ui/main_menu/book.png' remapped 'res://assets/art/ui/main_menu/book.png' at thread -1
Loading resource: res://assets/art/ui/main_menu/setting.png remapped: res://assets/art/ui/main_menu/setting.png
Loading resource: res://.godot/imported/setting.png-f8b832f44b86db96aa269bf2e1c0bc23.ctex remapped: res://.godot/imported/setting.png-f8b832f44b86db96aa269bf2e1c0bc23.ctex
Completed load for: 'res://assets/art/ui/main_menu/setting.png' remapped 'res://assets/art/ui/main_menu/setting.png' at thread -1
Loading resource: res://assets/art/ui/main_menu/exist.png remapped: res://assets/art/ui/main_menu/exist.png
Loading resource: res://.godot/imported/exist.png-be7be8c8d07fcb16e3d61e231d987032.ctex remapped: res://.godot/imported/exist.png-be7be8c8d07fcb16e3d61e231d987032.ctex
Completed load for: 'res://assets/art/ui/main_menu/exist.png' remapped 'res://assets/art/ui/main_menu/exist.png' at thread -1
Loading resource: res://assets/art/ui/shop/selectBtn.png remapped: res://assets/art/ui/shop/selectBtn.png
Loading resource: res://.godot/imported/selectBtn.png-0211d3005a7f0180567b5b0a7363381f.ctex remapped: res://.godot/imported/selectBtn.png-0211d3005a7f0180567b5b0a7363381f.ctex
Completed load for: 'res://assets/art/ui/shop/selectBtn.png' remapped 'res://assets/art/ui/shop/selectBtn.png' at thread -1
Loading resource: res://assets/art/ui/shop/unselectBtn.png remapped: res://assets/art/ui/shop/unselectBtn.png
Loading resource: res://.godot/imported/unselectBtn.png-2a58a542ae8fcc070d3c32f1a66c174a.ctex remapped: res://.godot/imported/unselectBtn.png-2a58a542ae8fcc070d3c32f1a66c174a.ctex
Completed load for: 'res://assets/art/ui/shop/unselectBtn.png' remapped 'res://assets/art/ui/shop/unselectBtn.png' at thread -1
Loading resource: res://assets/art/ui/shop/skillTab.png remapped: res://assets/art/ui/shop/skillTab.png
Loading resource: res://.godot/imported/skillTab.png-12d9fc80abf1538166fcc2ea2f4804ec.ctex remapped: res://.godot/imported/skillTab.png-12d9fc80abf1538166fcc2ea2f4804ec.ctex
Completed load for: 'res://assets/art/ui/shop/skillTab.png' remapped 'res://assets/art/ui/shop/skillTab.png' at thread -1
Loading resource: res://assets/art/ui/shop/shop_background.png remapped: res://assets/art/ui/shop/shop_background.png
Loading resource: res://.godot/imported/shop_background.png-80e2647c0ab41640cb095ec4d49705e5.ctex remapped: res://.godot/imported/shop_background.png-80e2647c0ab41640cb095ec4d49705e5.ctex
Completed load for: 'res://assets/art/ui/shop/shop_background.png' remapped 'res://assets/art/ui/shop/shop_background.png' at thread -1
Loading resource: res://assets/art/ui/expedition/select_battle.png remapped: res://assets/art/ui/expedition/select_battle.png
Loading resource: res://.godot/imported/select_battle.png-ab7d44f3bc5b6cfaa28ad2646d7a38ff.ctex remapped: res://.godot/imported/select_battle.png-ab7d44f3bc5b6cfaa28ad2646d7a38ff.ctex
Completed load for: 'res://assets/art/ui/expedition/select_battle.png' remapped 'res://assets/art/ui/expedition/select_battle.png' at thread -1
Loading resource: res://assets/art/ui/expedition/zhuxian.png remapped: res://assets/art/ui/expedition/zhuxian.png
Loading resource: res://.godot/imported/zhuxian.png-28e054cbda03469bd152ee0bead08afe.ctex remapped: res://.godot/imported/zhuxian.png-28e054cbda03469bd152ee0bead08afe.ctex
Completed load for: 'res://assets/art/ui/expedition/zhuxian.png' remapped 'res://assets/art/ui/expedition/zhuxian.png' at thread -1
Loading resource: res://assets/art/ui/expedition/fuben.png remapped: res://assets/art/ui/expedition/fuben.png
Loading resource: res://.godot/imported/fuben.png-6a26138e2c1996c1e1c7c3413fc2e048.ctex remapped: res://.godot/imported/fuben.png-6a26138e2c1996c1e1c7c3413fc2e048.ctex
Completed load for: 'res://assets/art/ui/expedition/fuben.png' remapped 'res://assets/art/ui/expedition/fuben.png' at thread -1
Loading resource: res://assets/art/ui/expedition/battleName.png remapped: res://assets/art/ui/expedition/battleName.png
Loading resource: res://.godot/imported/battleName.png-0e058721740eeec252f7311f6b1fb8dd.ctex remapped: res://.godot/imported/battleName.png-0e058721740eeec252f7311f6b1fb8dd.ctex
Completed load for: 'res://assets/art/ui/expedition/battleName.png' remapped 'res://assets/art/ui/expedition/battleName.png' at thread -1
Loading resource: res://assets/art/ui/expedition/back.png remapped: res://assets/art/ui/expedition/back.png
Loading resource: res://.godot/imported/back.png-31520f075965cbc5787d9f18cfedd514.ctex remapped: res://.godot/imported/back.png-31520f075965cbc5787d9f18cfedd514.ctex
Completed load for: 'res://assets/art/ui/expedition/back.png' remapped 'res://assets/art/ui/expedition/back.png' at thread -1
Loading resource: res://assets/art/ui/title/logo.png remapped: res://assets/art/ui/title/logo.png
Loading resource: res://.godot/imported/logo.png-772934b012f9afd8293171a440ab508c.ctex remapped: res://.godot/imported/logo.png-772934b012f9afd8293171a440ab508c.ctex
Completed load for: 'res://assets/art/ui/title/logo.png' remapped 'res://assets/art/ui/title/logo.png' at thread -1
Loading resource: res://assets/art/ui/title/taptap_login_button.png remapped: res://assets/art/ui/title/taptap_login_button.png
Loading resource: res://.godot/imported/taptap_login_button.png-6230dbad4a053a95af2a95082f33de75.ctex remapped: res://.godot/imported/taptap_login_button.png-6230dbad4a053a95af2a95082f33de75.ctex
Completed load for: 'res://assets/art/ui/title/taptap_login_button.png' remapped 'res://assets/art/ui/title/taptap_login_button.png' at thread -1
Loading resource: res://assets/art/ui/title/title-animation.ogv remapped: res://assets/art/ui/title/title-animation.ogv
Completed load for: 'res://assets/art/ui/title/title-animation.ogv' remapped 'res://assets/art/ui/title/title-animation.ogv' at thread -1
Loading resource: res://assets/art/characters/zhao_yun/sprites/idle_right/zhaoyun-idle-right-01.png remapped: res://assets/art/characters/zhao_yun/sprites/idle_right/zhaoyun-idle-right-01.png
Loading resource: res://.godot/imported/zhaoyun-idle-right-01.png-5ac7f2c956f0e887bca019543edb35bf.ctex remapped: res://.godot/imported/zhaoyun-idle-right-01.png-5ac7f2c956f0e887bca019543edb35bf.ctex
Completed load for: 'res://assets/art/characters/zhao_yun/sprites/idle_right/zhaoyun-idle-right-01.png' remapped 'res://assets/art/characters/zhao_yun/sprites/idle_right/zhaoyun-idle-right-01.png' at thread -1
Loading resource: res://assets/art/characters/zhao_yun/sprites/idle_right/zhaoyun-idle-right-02.png remapped: res://assets/art/characters/zhao_yun/sprites/idle_right/zhaoyun-idle-right-02.png
Loading resource: res://.godot/imported/zhaoyun-idle-right-02.png-5ac31e45de858e7c912a8e6e33ce8ee1.ctex remapped: res://.godot/imported/zhaoyun-idle-right-02.png-5ac31e45de858e7c912a8e6e33ce8ee1.ctex
Completed load for: 'res://assets/art/characters/zhao_yun/sprites/idle_right/zhaoyun-idle-right-02.png' remapped 'res://assets/art/characters/zhao_yun/sprites/idle_right/zhaoyun-idle-right-02.png' at thread -1
Loading resource: res://assets/art/characters/zhao_yun/sprites/idle_right/zhaoyun-idle-right-03.png remapped: res://assets/art/characters/zhao_yun/sprites/idle_right/zhaoyun-idle-right-03.png
Loading resource: res://.godot/imported/zhaoyun-idle-right-03.png-d662545d20f80ddec4ec2e466646d7ec.ctex remapped: res://.godot/imported/zhaoyun-idle-right-03.png-d662545d20f80ddec4ec2e466646d7ec.ctex
Completed load for: 'res://assets/art/characters/zhao_yun/sprites/idle_right/zhaoyun-idle-right-03.png' remapped 'res://assets/art/characters/zhao_yun/sprites/idle_right/zhaoyun-idle-right-03.png' at thread -1
Loading resource: res://assets/art/characters/zhao_yun/sprites/idle_right/zhaoyun-idle-right-04.png remapped: res://assets/art/characters/zhao_yun/sprites/idle_right/zhaoyun-idle-right-04.png
Loading resource: res://.godot/imported/zhaoyun-idle-right-04.png-f431dde3ac6db77b4f7d1e353ded233c.ctex remapped: res://.godot/imported/zhaoyun-idle-right-04.png-f431dde3ac6db77b4f7d1e353ded233c.ctex
Completed load for: 'res://assets/art/characters/zhao_yun/sprites/idle_right/zhaoyun-idle-right-04.png' remapped 'res://assets/art/characters/zhao_yun/sprites/idle_right/zhaoyun-idle-right-04.png' at thread -1
Loading resource: res://assets/art/characters/guan_yu/sprites/idle_right/guan-yu-idle-01.png remapped: res://assets/art/characters/guan_yu/sprites/idle_right/guan-yu-idle-01.png
Loading resource: res://.godot/imported/guan-yu-idle-01.png-77517b27f481485523aa9494978f00ae.ctex remapped: res://.godot/imported/guan-yu-idle-01.png-77517b27f481485523aa9494978f00ae.ctex
Completed load for: 'res://assets/art/characters/guan_yu/sprites/idle_right/guan-yu-idle-01.png' remapped 'res://assets/art/characters/guan_yu/sprites/idle_right/guan-yu-idle-01.png' at thread -1
Loading resource: res://assets/art/characters/guan_yu/sprites/idle_right/guan-yu-idle-02.png remapped: res://assets/art/characters/guan_yu/sprites/idle_right/guan-yu-idle-02.png
Loading resource: res://.godot/imported/guan-yu-idle-02.png-a56ecd25fcbe03fe6f427524eb2a170b.ctex remapped: res://.godot/imported/guan-yu-idle-02.png-a56ecd25fcbe03fe6f427524eb2a170b.ctex
Completed load for: 'res://assets/art/characters/guan_yu/sprites/idle_right/guan-yu-idle-02.png' remapped 'res://assets/art/characters/guan_yu/sprites/idle_right/guan-yu-idle-02.png' at thread -1
Loading resource: res://assets/art/characters/guan_yu/sprites/idle_right/guan-yu-idle-03.png remapped: res://assets/art/characters/guan_yu/sprites/idle_right/guan-yu-idle-03.png
Loading resource: res://.godot/imported/guan-yu-idle-03.png-a8b500feda83104d9809909d0e7c298d.ctex remapped: res://.godot/imported/guan-yu-idle-03.png-a8b500feda83104d9809909d0e7c298d.ctex
Completed load for: 'res://assets/art/characters/guan_yu/sprites/idle_right/guan-yu-idle-03.png' remapped 'res://assets/art/characters/guan_yu/sprites/idle_right/guan-yu-idle-03.png' at thread -1
Loading resource: res://assets/art/characters/guan_yu/sprites/idle_right/guan-yu-idle-04.png remapped: res://assets/art/characters/guan_yu/sprites/idle_right/guan-yu-idle-04.png
Loading resource: res://.godot/imported/guan-yu-idle-04.png-d0f9789b4801c92f12dc41cd48f5859c.ctex remapped: res://.godot/imported/guan-yu-idle-04.png-d0f9789b4801c92f12dc41cd48f5859c.ctex
Completed load for: 'res://assets/art/characters/guan_yu/sprites/idle_right/guan-yu-idle-04.png' remapped 'res://assets/art/characters/guan_yu/sprites/idle_right/guan-yu-idle-04.png' at thread -1
Loading resource: res://assets/art/characters/guan_yu/sprites/idle_right/guan-yu-idle-05.png remapped: res://assets/art/characters/guan_yu/sprites/idle_right/guan-yu-idle-05.png
Loading resource: res://.godot/imported/guan-yu-idle-05.png-9a7891abac52a927c7ad0688aa09e87a.ctex remapped: res://.godot/imported/guan-yu-idle-05.png-9a7891abac52a927c7ad0688aa09e87a.ctex
Completed load for: 'res://assets/art/characters/guan_yu/sprites/idle_right/guan-yu-idle-05.png' remapped 'res://assets/art/characters/guan_yu/sprites/idle_right/guan-yu-idle-05.png' at thread -1
Loading resource: res://assets/art/characters/zhang_fei/sprites/idle_right/zhang-fei-idle-01.png remapped: res://assets/art/characters/zhang_fei/sprites/idle_right/zhang-fei-idle-01.png
Loading resource: res://.godot/imported/zhang-fei-idle-01.png-da4370795ea3ea93fb25bb3c4d260cc8.ctex remapped: res://.godot/imported/zhang-fei-idle-01.png-da4370795ea3ea93fb25bb3c4d260cc8.ctex
Completed load for: 'res://assets/art/characters/zhang_fei/sprites/idle_right/zhang-fei-idle-01.png' remapped 'res://assets/art/characters/zhang_fei/sprites/idle_right/zhang-fei-idle-01.png' at thread -1
Loading resource: res://assets/art/characters/zhang_fei/sprites/idle_right/zhang-fei-idle-02.png remapped: res://assets/art/characters/zhang_fei/sprites/idle_right/zhang-fei-idle-02.png
Loading resource: res://.godot/imported/zhang-fei-idle-02.png-a9f259b5e6a4e614b6a288822b417e51.ctex remapped: res://.godot/imported/zhang-fei-idle-02.png-a9f259b5e6a4e614b6a288822b417e51.ctex
Completed load for: 'res://assets/art/characters/zhang_fei/sprites/idle_right/zhang-fei-idle-02.png' remapped 'res://assets/art/characters/zhang_fei/sprites/idle_right/zhang-fei-idle-02.png' at thread -1
Loading resource: res://assets/art/characters/zhang_fei/sprites/idle_right/zhang-fei-idle-03.png remapped: res://assets/art/characters/zhang_fei/sprites/idle_right/zhang-fei-idle-03.png
Loading resource: res://.godot/imported/zhang-fei-idle-03.png-fdfab53c665bb1cdcdb2c44d59b28e0f.ctex remapped: res://.godot/imported/zhang-fei-idle-03.png-fdfab53c665bb1cdcdb2c44d59b28e0f.ctex
Completed load for: 'res://assets/art/characters/zhang_fei/sprites/idle_right/zhang-fei-idle-03.png' remapped 'res://assets/art/characters/zhang_fei/sprites/idle_right/zhang-fei-idle-03.png' at thread -1
Loading resource: res://assets/art/characters/ma_chao/sprites/stay1/1.png remapped: res://assets/art/characters/ma_chao/sprites/stay1/1.png
Loading resource: res://.godot/imported/1.png-1522d0a4e6a40cc071e953062d40357e.ctex remapped: res://.godot/imported/1.png-1522d0a4e6a40cc071e953062d40357e.ctex
Completed load for: 'res://assets/art/characters/ma_chao/sprites/stay1/1.png' remapped 'res://assets/art/characters/ma_chao/sprites/stay1/1.png' at thread -1
Loading resource: res://assets/art/characters/ma_chao/sprites/stay1/2.png remapped: res://assets/art/characters/ma_chao/sprites/stay1/2.png
Loading resource: res://.godot/imported/2.png-73ba07402b46c4dd4ce3891fc18cb5eb.ctex remapped: res://.godot/imported/2.png-73ba07402b46c4dd4ce3891fc18cb5eb.ctex
Completed load for: 'res://assets/art/characters/ma_chao/sprites/stay1/2.png' remapped 'res://assets/art/characters/ma_chao/sprites/stay1/2.png' at thread -1
Loading resource: res://assets/art/characters/ma_chao/sprites/stay1/3.png remapped: res://assets/art/characters/ma_chao/sprites/stay1/3.png
Loading resource: res://.godot/imported/3.png-9ddd0261797b9c35570b782202b7823c.ctex remapped: res://.godot/imported/3.png-9ddd0261797b9c35570b782202b7823c.ctex
Completed load for: 'res://assets/art/characters/ma_chao/sprites/stay1/3.png' remapped 'res://assets/art/characters/ma_chao/sprites/stay1/3.png' at thread -1
Loading resource: res://assets/art/characters/ma_chao/sprites/stay1/4.png remapped: res://assets/art/characters/ma_chao/sprites/stay1/4.png
Loading resource: res://.godot/imported/4.png-2fe2a4e53917f8b3dea53f3692b8caa2.ctex remapped: res://.godot/imported/4.png-2fe2a4e53917f8b3dea53f3692b8caa2.ctex
Completed load for: 'res://assets/art/characters/ma_chao/sprites/stay1/4.png' remapped 'res://assets/art/characters/ma_chao/sprites/stay1/4.png' at thread -1
Loading resource: res://assets/art/characters/ma_chao/sprites/stay1/5.png remapped: res://assets/art/characters/ma_chao/sprites/stay1/5.png
Loading resource: res://.godot/imported/5.png-71f4aea56eefda2ee9519688e48bc572.ctex remapped: res://.godot/imported/5.png-71f4aea56eefda2ee9519688e48bc572.ctex
Completed load for: 'res://assets/art/characters/ma_chao/sprites/stay1/5.png' remapped 'res://assets/art/characters/ma_chao/sprites/stay1/5.png' at thread -1
Loading resource: res://assets/art/characters/ma_chao/sprites/move1/1.png remapped: res://assets/art/characters/ma_chao/sprites/move1/1.png
Loading resource: res://.godot/imported/1.png-babe64490d2650be30894efff25593fe.ctex remapped: res://.godot/imported/1.png-babe64490d2650be30894efff25593fe.ctex
Completed load for: 'res://assets/art/characters/ma_chao/sprites/move1/1.png' remapped 'res://assets/art/characters/ma_chao/sprites/move1/1.png' at thread -1
Loading resource: res://assets/art/characters/ma_chao/sprites/move1/2.png remapped: res://assets/art/characters/ma_chao/sprites/move1/2.png
Loading resource: res://.godot/imported/2.png-b24a8f3a31020232ef749a8de3c3b200.ctex remapped: res://.godot/imported/2.png-b24a8f3a31020232ef749a8de3c3b200.ctex
Completed load for: 'res://assets/art/characters/ma_chao/sprites/move1/2.png' remapped 'res://assets/art/characters/ma_chao/sprites/move1/2.png' at thread -1
Loading resource: res://assets/art/characters/ma_chao/sprites/move1/3.png remapped: res://assets/art/characters/ma_chao/sprites/move1/3.png
Loading resource: res://.godot/imported/3.png-4ad5d1a805124c64efb22f45d881d737.ctex remapped: res://.godot/imported/3.png-4ad5d1a805124c64efb22f45d881d737.ctex
Completed load for: 'res://assets/art/characters/ma_chao/sprites/move1/3.png' remapped 'res://assets/art/characters/ma_chao/sprites/move1/3.png' at thread -1
Loading resource: res://assets/art/characters/ma_chao/sprites/move1/4.png remapped: res://assets/art/characters/ma_chao/sprites/move1/4.png
Loading resource: res://.godot/imported/4.png-27e331f8566c5ec1315dd43312985db7.ctex remapped: res://.godot/imported/4.png-27e331f8566c5ec1315dd43312985db7.ctex
Completed load for: 'res://assets/art/characters/ma_chao/sprites/move1/4.png' remapped 'res://assets/art/characters/ma_chao/sprites/move1/4.png' at thread -1
Loading resource: res://assets/art/characters/ma_chao/sprites/move1/5.png remapped: res://assets/art/characters/ma_chao/sprites/move1/5.png
Loading resource: res://.godot/imported/5.png-3b0e91ce1436a2dc3fe9bf19011435ea.ctex remapped: res://.godot/imported/5.png-3b0e91ce1436a2dc3fe9bf19011435ea.ctex
Completed load for: 'res://assets/art/characters/ma_chao/sprites/move1/5.png' remapped 'res://assets/art/characters/ma_chao/sprites/move1/5.png' at thread -1
Loading resource: res://assets/art/characters/zhao_yun/sprites/walk_right/zhaoyun-walk-right-01.png remapped: res://assets/art/characters/zhao_yun/sprites/walk_right/zhaoyun-walk-right-01.png
Loading resource: res://.godot/imported/zhaoyun-walk-right-01.png-a302f4d126198f1951331fe73442fc0f.ctex remapped: res://.godot/imported/zhaoyun-walk-right-01.png-a302f4d126198f1951331fe73442fc0f.ctex
Completed load for: 'res://assets/art/characters/zhao_yun/sprites/walk_right/zhaoyun-walk-right-01.png' remapped 'res://assets/art/characters/zhao_yun/sprites/walk_right/zhaoyun-walk-right-01.png' at thread -1
Loading resource: res://assets/art/characters/zhao_yun/sprites/walk_right/zhaoyun-walk-right-02.png remapped: res://assets/art/characters/zhao_yun/sprites/walk_right/zhaoyun-walk-right-02.png
Loading resource: res://.godot/imported/zhaoyun-walk-right-02.png-b9f87dce4c823527790b1707f4536c46.ctex remapped: res://.godot/imported/zhaoyun-walk-right-02.png-b9f87dce4c823527790b1707f4536c46.ctex
Completed load for: 'res://assets/art/characters/zhao_yun/sprites/walk_right/zhaoyun-walk-right-02.png' remapped 'res://assets/art/characters/zhao_yun/sprites/walk_right/zhaoyun-walk-right-02.png' at thread -1
Loading resource: res://assets/art/characters/zhao_yun/sprites/walk_right/zhaoyun-walk-right-03.png remapped: res://assets/art/characters/zhao_yun/sprites/walk_right/zhaoyun-walk-right-03.png
Loading resource: res://.godot/imported/zhaoyun-walk-right-03.png-7a89426c77b0b6d39a54096472dcb107.ctex remapped: res://.godot/imported/zhaoyun-walk-right-03.png-7a89426c77b0b6d39a54096472dcb107.ctex
Completed load for: 'res://assets/art/characters/zhao_yun/sprites/walk_right/zhaoyun-walk-right-03.png' remapped 'res://assets/art/characters/zhao_yun/sprites/walk_right/zhaoyun-walk-right-03.png' at thread -1
Loading resource: res://assets/art/characters/zhao_yun/sprites/walk_right/zhaoyun-walk-right-04.png remapped: res://assets/art/characters/zhao_yun/sprites/walk_right/zhaoyun-walk-right-04.png
Loading resource: res://.godot/imported/zhaoyun-walk-right-04.png-7dc4dcf1af3531ef082355fcccf02bd4.ctex remapped: res://.godot/imported/zhaoyun-walk-right-04.png-7dc4dcf1af3531ef082355fcccf02bd4.ctex
Completed load for: 'res://assets/art/characters/zhao_yun/sprites/walk_right/zhaoyun-walk-right-04.png' remapped 'res://assets/art/characters/zhao_yun/sprites/walk_right/zhaoyun-walk-right-04.png' at thread -1
Loading resource: res://assets/art/characters/zhao_yun/sprites/walk_right/zhaoyun-walk-right-05.png remapped: res://assets/art/characters/zhao_yun/sprites/walk_right/zhaoyun-walk-right-05.png
Loading resource: res://.godot/imported/zhaoyun-walk-right-05.png-aaf6ce8dc97fc384799924f5bc823caa.ctex remapped: res://.godot/imported/zhaoyun-walk-right-05.png-aaf6ce8dc97fc384799924f5bc823caa.ctex
Completed load for: 'res://assets/art/characters/zhao_yun/sprites/walk_right/zhaoyun-walk-right-05.png' remapped 'res://assets/art/characters/zhao_yun/sprites/walk_right/zhaoyun-walk-right-05.png' at thread -1
Loading resource: res://assets/art/characters/zhao_yun/sprites/walk_right/zhaoyun-walk-right-06.png remapped: res://assets/art/characters/zhao_yun/sprites/walk_right/zhaoyun-walk-right-06.png
Loading resource: res://.godot/imported/zhaoyun-walk-right-06.png-5430519a44a050ef2693cced0a08067f.ctex remapped: res://.godot/imported/zhaoyun-walk-right-06.png-5430519a44a050ef2693cced0a08067f.ctex
Completed load for: 'res://assets/art/characters/zhao_yun/sprites/walk_right/zhaoyun-walk-right-06.png' remapped 'res://assets/art/characters/zhao_yun/sprites/walk_right/zhaoyun-walk-right-06.png' at thread -1
Loading resource: res://assets/art/characters/zhao_yun/sprites/walk_right/zhaoyun-walk-right-07.png remapped: res://assets/art/characters/zhao_yun/sprites/walk_right/zhaoyun-walk-right-07.png
Loading resource: res://.godot/imported/zhaoyun-walk-right-07.png-c6ca3d66d414c06e7e4f492a7fb82d08.ctex remapped: res://.godot/imported/zhaoyun-walk-right-07.png-c6ca3d66d414c06e7e4f492a7fb82d08.ctex
Completed load for: 'res://assets/art/characters/zhao_yun/sprites/walk_right/zhaoyun-walk-right-07.png' remapped 'res://assets/art/characters/zhao_yun/sprites/walk_right/zhaoyun-walk-right-07.png' at thread -1
Loading resource: res://assets/art/characters/zhao_yun/sprites/walk_right/zhaoyun-walk-right-08.png remapped: res://assets/art/characters/zhao_yun/sprites/walk_right/zhaoyun-walk-right-08.png
Loading resource: res://.godot/imported/zhaoyun-walk-right-08.png-53a2e7b127a9c6b739554e2d721cb4b6.ctex remapped: res://.godot/imported/zhaoyun-walk-right-08.png-53a2e7b127a9c6b739554e2d721cb4b6.ctex
Completed load for: 'res://assets/art/characters/zhao_yun/sprites/walk_right/zhaoyun-walk-right-08.png' remapped 'res://assets/art/characters/zhao_yun/sprites/walk_right/zhaoyun-walk-right-08.png' at thread -1
Loading resource: res://assets/art/characters/guan_yu/sprites/walk_right/guan-yu-walk-01.png remapped: res://assets/art/characters/guan_yu/sprites/walk_right/guan-yu-walk-01.png
Loading resource: res://.godot/imported/guan-yu-walk-01.png-995f95551dbf7d008464549689f3ec6e.ctex remapped: res://.godot/imported/guan-yu-walk-01.png-995f95551dbf7d008464549689f3ec6e.ctex
Completed load for: 'res://assets/art/characters/guan_yu/sprites/walk_right/guan-yu-walk-01.png' remapped 'res://assets/art/characters/guan_yu/sprites/walk_right/guan-yu-walk-01.png' at thread -1
Loading resource: res://assets/art/characters/guan_yu/sprites/walk_right/guan-yu-walk-02.png remapped: res://assets/art/characters/guan_yu/sprites/walk_right/guan-yu-walk-02.png
Loading resource: res://.godot/imported/guan-yu-walk-02.png-3aaaac0a72242880b80e327076591102.ctex remapped: res://.godot/imported/guan-yu-walk-02.png-3aaaac0a72242880b80e327076591102.ctex
Completed load for: 'res://assets/art/characters/guan_yu/sprites/walk_right/guan-yu-walk-02.png' remapped 'res://assets/art/characters/guan_yu/sprites/walk_right/guan-yu-walk-02.png' at thread -1
Loading resource: res://assets/art/characters/guan_yu/sprites/walk_right/guan-yu-walk-03.png remapped: res://assets/art/characters/guan_yu/sprites/walk_right/guan-yu-walk-03.png
Loading resource: res://.godot/imported/guan-yu-walk-03.png-cedb4fe3df5d5d412b97e66bf39b432c.ctex remapped: res://.godot/imported/guan-yu-walk-03.png-cedb4fe3df5d5d412b97e66bf39b432c.ctex
Completed load for: 'res://assets/art/characters/guan_yu/sprites/walk_right/guan-yu-walk-03.png' remapped 'res://assets/art/characters/guan_yu/sprites/walk_right/guan-yu-walk-03.png' at thread -1
Loading resource: res://assets/art/characters/guan_yu/sprites/walk_right/guan-yu-walk-04.png remapped: res://assets/art/characters/guan_yu/sprites/walk_right/guan-yu-walk-04.png
Loading resource: res://.godot/imported/guan-yu-walk-04.png-47aa19351d2d7603ccbce22e9f3c59d2.ctex remapped: res://.godot/imported/guan-yu-walk-04.png-47aa19351d2d7603ccbce22e9f3c59d2.ctex
Completed load for: 'res://assets/art/characters/guan_yu/sprites/walk_right/guan-yu-walk-04.png' remapped 'res://assets/art/characters/guan_yu/sprites/walk_right/guan-yu-walk-04.png' at thread -1
Loading resource: res://assets/art/characters/guan_yu/sprites/walk_right/guan-yu-walk-05.png remapped: res://assets/art/characters/guan_yu/sprites/walk_right/guan-yu-walk-05.png
Loading resource: res://.godot/imported/guan-yu-walk-05.png-501640711831df60c0e11d5e832f7ff2.ctex remapped: res://.godot/imported/guan-yu-walk-05.png-501640711831df60c0e11d5e832f7ff2.ctex
Completed load for: 'res://assets/art/characters/guan_yu/sprites/walk_right/guan-yu-walk-05.png' remapped 'res://assets/art/characters/guan_yu/sprites/walk_right/guan-yu-walk-05.png' at thread -1
Loading resource: res://assets/art/characters/zhang_fei/sprites/walk_right/zhang-fei-walk-01.png remapped: res://assets/art/characters/zhang_fei/sprites/walk_right/zhang-fei-walk-01.png
Loading resource: res://.godot/imported/zhang-fei-walk-01.png-d83bade4d3cf71c485791984543f8730.ctex remapped: res://.godot/imported/zhang-fei-walk-01.png-d83bade4d3cf71c485791984543f8730.ctex
Completed load for: 'res://assets/art/characters/zhang_fei/sprites/walk_right/zhang-fei-walk-01.png' remapped 'res://assets/art/characters/zhang_fei/sprites/walk_right/zhang-fei-walk-01.png' at thread -1
Loading resource: res://assets/art/characters/zhang_fei/sprites/walk_right/zhang-fei-walk-02.png remapped: res://assets/art/characters/zhang_fei/sprites/walk_right/zhang-fei-walk-02.png
Loading resource: res://.godot/imported/zhang-fei-walk-02.png-4a91080945f02046b94020b33cf4ed76.ctex remapped: res://.godot/imported/zhang-fei-walk-02.png-4a91080945f02046b94020b33cf4ed76.ctex
Completed load for: 'res://assets/art/characters/zhang_fei/sprites/walk_right/zhang-fei-walk-02.png' remapped 'res://assets/art/characters/zhang_fei/sprites/walk_right/zhang-fei-walk-02.png' at thread -1
Loading resource: res://assets/art/characters/zhang_fei/sprites/walk_right/zhang-fei-walk-03.png remapped: res://assets/art/characters/zhang_fei/sprites/walk_right/zhang-fei-walk-03.png
Loading resource: res://.godot/imported/zhang-fei-walk-03.png-8e73309c41c2065a7e469aeb5e6f011b.ctex remapped: res://.godot/imported/zhang-fei-walk-03.png-8e73309c41c2065a7e469aeb5e6f011b.ctex
Completed load for: 'res://assets/art/characters/zhang_fei/sprites/walk_right/zhang-fei-walk-03.png' remapped 'res://assets/art/characters/zhang_fei/sprites/walk_right/zhang-fei-walk-03.png' at thread -1
Loading resource: res://assets/art/characters/zhang_fei/sprites/walk_right/zhang-fei-walk-04.png remapped: res://assets/art/characters/zhang_fei/sprites/walk_right/zhang-fei-walk-04.png
Loading resource: res://.godot/imported/zhang-fei-walk-04.png-753a00612cfc686721d9e4eb6a76dbd5.ctex remapped: res://.godot/imported/zhang-fei-walk-04.png-753a00612cfc686721d9e4eb6a76dbd5.ctex
Completed load for: 'res://assets/art/characters/zhang_fei/sprites/walk_right/zhang-fei-walk-04.png' remapped 'res://assets/art/characters/zhang_fei/sprites/walk_right/zhang-fei-walk-04.png' at thread -1
Loading resource: res://assets/art/characters/zhang_fei/sprites/walk_right/zhang-fei-walk-05.png remapped: res://assets/art/characters/zhang_fei/sprites/walk_right/zhang-fei-walk-05.png
Loading resource: res://.godot/imported/zhang-fei-walk-05.png-fe93cd8dafba27bdfdda962b850a6284.ctex remapped: res://.godot/imported/zhang-fei-walk-05.png-fe93cd8dafba27bdfdda962b850a6284.ctex
Completed load for: 'res://assets/art/characters/zhang_fei/sprites/walk_right/zhang-fei-walk-05.png' remapped 'res://assets/art/characters/zhang_fei/sprites/walk_right/zhang-fei-walk-05.png' at thread -1
Loading resource: res://assets/art/characters/zhang_fei/sprites/walk_right/zhang-fei-walk-06.png remapped: res://assets/art/characters/zhang_fei/sprites/walk_right/zhang-fei-walk-06.png
Loading resource: res://.godot/imported/zhang-fei-walk-06.png-f0a0e9910e680791c8bb3826b19af80f.ctex remapped: res://.godot/imported/zhang-fei-walk-06.png-f0a0e9910e680791c8bb3826b19af80f.ctex
Completed load for: 'res://assets/art/characters/zhang_fei/sprites/walk_right/zhang-fei-walk-06.png' remapped 'res://assets/art/characters/zhang_fei/sprites/walk_right/zhang-fei-walk-06.png' at thread -1
Completed load for: 'res://scripts/ui/home_screen.gd' remapped 'res://scripts/ui/home_screen.gd' at thread -1
Completed load for: 'res://scenes/home/main.tscn' remapped 'res://scenes/home/main.tscn' at thread -1
[  50% ] [90m[1mloading_editor_layout[22m | 正在加载中央编辑器布局……[39m[0m
[  66% ] [90m[1mloading_editor_layout[22m | 正在加载插件窗口布局……[39m[0m
Loading resource: res://scripts/ui/battle_hud.gd remapped: res://scripts/ui/battle_hud.gd
Loading resource: res://assets/art/ui/battle/moveBtn.png remapped: res://assets/art/ui/battle/moveBtn.png
Loading resource: res://.godot/imported/moveBtn.png-fa09bc76c775ffb4533a1619809dd0e2.ctex remapped: res://.godot/imported/moveBtn.png-fa09bc76c775ffb4533a1619809dd0e2.ctex
Completed load for: 'res://assets/art/ui/battle/moveBtn.png' remapped 'res://assets/art/ui/battle/moveBtn.png' at thread -1
Loading resource: res://assets/art/ui/battle/moveBtn1.png remapped: res://assets/art/ui/battle/moveBtn1.png
Loading resource: res://.godot/imported/moveBtn1.png-c247fc939fc78af30887c70a640fb6f1.ctex remapped: res://.godot/imported/moveBtn1.png-c247fc939fc78af30887c70a640fb6f1.ctex
Completed load for: 'res://assets/art/ui/battle/moveBtn1.png' remapped 'res://assets/art/ui/battle/moveBtn1.png' at thread -1
Loading resource: res://assets/art/ui/battle/attackBtn.png remapped: res://assets/art/ui/battle/attackBtn.png
Loading resource: res://.godot/imported/attackBtn.png-99e72feea6512799cb3cdb18fa88a4b9.ctex remapped: res://.godot/imported/attackBtn.png-99e72feea6512799cb3cdb18fa88a4b9.ctex
Completed load for: 'res://assets/art/ui/battle/attackBtn.png' remapped 'res://assets/art/ui/battle/attackBtn.png' at thread -1
Loading resource: res://assets/art/ui/battle/skillBtn.png remapped: res://assets/art/ui/battle/skillBtn.png
Loading resource: res://.godot/imported/skillBtn.png-8aaa3535e6db8205f273edf51cee2d6e.ctex remapped: res://.godot/imported/skillBtn.png-8aaa3535e6db8205f273edf51cee2d6e.ctex
Completed load for: 'res://assets/art/ui/battle/skillBtn.png' remapped 'res://assets/art/ui/battle/skillBtn.png' at thread -1
Loading resource: res://assets/art/ui/battle/shield.png remapped: res://assets/art/ui/battle/shield.png
Loading resource: res://.godot/imported/shield.png-3e2bf480517a03d5c264275d14b27180.ctex remapped: res://.godot/imported/shield.png-3e2bf480517a03d5c264275d14b27180.ctex
Completed load for: 'res://assets/art/ui/battle/shield.png' remapped 'res://assets/art/ui/battle/shield.png' at thread -1
Loading resource: res://assets/art/ui/battle/heroInfo.png remapped: res://assets/art/ui/battle/heroInfo.png
Loading resource: res://.godot/imported/heroInfo.png-50a447638264139788e0597caa3d7c06.ctex remapped: res://.godot/imported/heroInfo.png-50a447638264139788e0597caa3d7c06.ctex
Completed load for: 'res://assets/art/ui/battle/heroInfo.png' remapped 'res://assets/art/ui/battle/heroInfo.png' at thread -1
Loading resource: res://assets/art/ui/battle/combo_brush.png remapped: res://assets/art/ui/battle/combo_brush.png
Loading resource: res://.godot/imported/combo_brush.png-13a0a6e4a4c1cb0bc241d92ebbb6e090.ctex remapped: res://.godot/imported/combo_brush.png-13a0a6e4a4c1cb0bc241d92ebbb6e090.ctex
Completed load for: 'res://assets/art/ui/battle/combo_brush.png' remapped 'res://assets/art/ui/battle/combo_brush.png' at thread -1
Completed load for: 'res://scripts/ui/battle_hud.gd' remapped 'res://scripts/ui/battle_hud.gd' at thread -1
Loading resource: res://scripts/presentation/battle_renderer.gd remapped: res://scripts/presentation/battle_renderer.gd
Loading resource: res://assets/art/effects/guard/guard-01.png remapped: res://assets/art/effects/guard/guard-01.png
Loading resource: res://.godot/imported/guard-01.png-44dcfb4ff92c107a9bfd4f31c9bed0c6.ctex remapped: res://.godot/imported/guard-01.png-44dcfb4ff92c107a9bfd4f31c9bed0c6.ctex
Completed load for: 'res://assets/art/effects/guard/guard-01.png' remapped 'res://assets/art/effects/guard/guard-01.png' at thread -1
Loading resource: res://assets/art/effects/guard/guard-02.png remapped: res://assets/art/effects/guard/guard-02.png
Loading resource: res://.godot/imported/guard-02.png-9c6af8f28c5a47afac847804000b9f23.ctex remapped: res://.godot/imported/guard-02.png-9c6af8f28c5a47afac847804000b9f23.ctex
Completed load for: 'res://assets/art/effects/guard/guard-02.png' remapped 'res://assets/art/effects/guard/guard-02.png' at thread -1
Loading resource: res://assets/art/effects/guard/guard-03.png remapped: res://assets/art/effects/guard/guard-03.png
Loading resource: res://.godot/imported/guard-03.png-6a3252431564f400ed755c83791b068d.ctex remapped: res://.godot/imported/guard-03.png-6a3252431564f400ed755c83791b068d.ctex
Completed load for: 'res://assets/art/effects/guard/guard-03.png' remapped 'res://assets/art/effects/guard/guard-03.png' at thread -1
Loading resource: res://assets/art/effects/guard/guard-04.png remapped: res://assets/art/effects/guard/guard-04.png
Loading resource: res://.godot/imported/guard-04.png-6f68c03627644d82dd8120acc6364c55.ctex remapped: res://.godot/imported/guard-04.png-6f68c03627644d82dd8120acc6364c55.ctex
Completed load for: 'res://assets/art/effects/guard/guard-04.png' remapped 'res://assets/art/effects/guard/guard-04.png' at thread -1
Loading resource: res://assets/art/ui/coin.png remapped: res://assets/art/ui/coin.png
Loading resource: res://.godot/imported/coin.png-34db291d990b1d1cb535636dbceabfe0.ctex remapped: res://.godot/imported/coin.png-34db291d990b1d1cb535636dbceabfe0.ctex
Completed load for: 'res://assets/art/ui/coin.png' remapped 'res://assets/art/ui/coin.png' at thread -1
Loading resource: res://assets/art/characters/guan_yu/effects/knife_wave_cyan_gold/067 MYNSZD E53216_00.png remapped: res://assets/art/characters/guan_yu/effects/knife_wave_cyan_gold/067 MYNSZD E53216_00.png
Loading resource: res://.godot/imported/067 MYNSZD E53216_00.png-8268b7770a01e56abd53e1cc71983f68.ctex remapped: res://.godot/imported/067 MYNSZD E53216_00.png-8268b7770a01e56abd53e1cc71983f68.ctex
Completed load for: 'res://assets/art/characters/guan_yu/effects/knife_wave_cyan_gold/067 MYNSZD E53216_00.png' remapped 'res://assets/art/characters/guan_yu/effects/knife_wave_cyan_gold/067 MYNSZD E53216_00.png' at thread -1
Loading resource: res://assets/art/characters/guan_yu/effects/knife_wave_cyan_gold/067 MYNSZD E53216_01.png remapped: res://assets/art/characters/guan_yu/effects/knife_wave_cyan_gold/067 MYNSZD E53216_01.png
Loading resource: res://.godot/imported/067 MYNSZD E53216_01.png-d722d0547552f961ed80420e4f350120.ctex remapped: res://.godot/imported/067 MYNSZD E53216_01.png-d722d0547552f961ed80420e4f350120.ctex
Completed load for: 'res://assets/art/characters/guan_yu/effects/knife_wave_cyan_gold/067 MYNSZD E53216_01.png' remapped 'res://assets/art/characters/guan_yu/effects/knife_wave_cyan_gold/067 MYNSZD E53216_01.png' at thread -1
Loading resource: res://assets/art/characters/guan_yu/effects/knife_wave_cyan_gold/067 MYNSZD E53216_02.png remapped: res://assets/art/characters/guan_yu/effects/knife_wave_cyan_gold/067 MYNSZD E53216_02.png
Loading resource: res://.godot/imported/067 MYNSZD E53216_02.png-ed4aa26881c4622220933cfe43f33905.ctex remapped: res://.godot/imported/067 MYNSZD E53216_02.png-ed4aa26881c4622220933cfe43f33905.ctex
Completed load for: 'res://assets/art/characters/guan_yu/effects/knife_wave_cyan_gold/067 MYNSZD E53216_02.png' remapped 'res://assets/art/characters/guan_yu/effects/knife_wave_cyan_gold/067 MYNSZD E53216_02.png' at thread -1
Loading resource: res://assets/art/characters/guan_yu/effects/knife_wave_cyan_gold/067 MYNSZD E53216_04.png remapped: res://assets/art/characters/guan_yu/effects/knife_wave_cyan_gold/067 MYNSZD E53216_04.png
Loading resource: res://.godot/imported/067 MYNSZD E53216_04.png-aae7a199b60cc22cc283c68635af6bb2.ctex remapped: res://.godot/imported/067 MYNSZD E53216_04.png-aae7a199b60cc22cc283c68635af6bb2.ctex
Completed load for: 'res://assets/art/characters/guan_yu/effects/knife_wave_cyan_gold/067 MYNSZD E53216_04.png' remapped 'res://assets/art/characters/guan_yu/effects/knife_wave_cyan_gold/067 MYNSZD E53216_04.png' at thread -1
Loading resource: res://assets/art/characters/guan_yu/effects/knife_wave_cyan_gold/067 MYNSZD E53216_05.png remapped: res://assets/art/characters/guan_yu/effects/knife_wave_cyan_gold/067 MYNSZD E53216_05.png
Loading resource: res://.godot/imported/067 MYNSZD E53216_05.png-81c2020a97b54efb4d8ed0c09552b744.ctex remapped: res://.godot/imported/067 MYNSZD E53216_05.png-81c2020a97b54efb4d8ed0c09552b744.ctex
Completed load for: 'res://assets/art/characters/guan_yu/effects/knife_wave_cyan_gold/067 MYNSZD E53216_05.png' remapped 'res://assets/art/characters/guan_yu/effects/knife_wave_cyan_gold/067 MYNSZD E53216_05.png' at thread -1
Loading resource: res://assets/art/characters/guan_yu/effects/knife_wave_cyan_gold/067 MYNSZD E53216_07.png remapped: res://assets/art/characters/guan_yu/effects/knife_wave_cyan_gold/067 MYNSZD E53216_07.png
Loading resource: res://.godot/imported/067 MYNSZD E53216_07.png-8e9eb47877403d98a14d1b3654277add.ctex remapped: res://.godot/imported/067 MYNSZD E53216_07.png-8e9eb47877403d98a14d1b3654277add.ctex
Completed load for: 'res://assets/art/characters/guan_yu/effects/knife_wave_cyan_gold/067 MYNSZD E53216_07.png' remapped 'res://assets/art/characters/guan_yu/effects/knife_wave_cyan_gold/067 MYNSZD E53216_07.png' at thread -1
Loading resource: res://assets/art/characters/guan_yu/effects/knife_wave_cyan_gold/067 MYNSZD E53216_09.png remapped: res://assets/art/characters/guan_yu/effects/knife_wave_cyan_gold/067 MYNSZD E53216_09.png
Loading resource: res://.godot/imported/067 MYNSZD E53216_09.png-e6be95d08e16850b3a405f25e6449068.ctex remapped: res://.godot/imported/067 MYNSZD E53216_09.png-e6be95d08e16850b3a405f25e6449068.ctex
Completed load for: 'res://assets/art/characters/guan_yu/effects/knife_wave_cyan_gold/067 MYNSZD E53216_09.png' remapped 'res://assets/art/characters/guan_yu/effects/knife_wave_cyan_gold/067 MYNSZD E53216_09.png' at thread -1
Loading resource: res://assets/art/characters/guan_yu/effects/knife_wave_cyan_gold/067 MYNSZD E53216_10.png remapped: res://assets/art/characters/guan_yu/effects/knife_wave_cyan_gold/067 MYNSZD E53216_10.png
Loading resource: res://.godot/imported/067 MYNSZD E53216_10.png-3257de5a9920ba61430a0569e464fb6d.ctex remapped: res://.godot/imported/067 MYNSZD E53216_10.png-3257de5a9920ba61430a0569e464fb6d.ctex
Completed load for: 'res://assets/art/characters/guan_yu/effects/knife_wave_cyan_gold/067 MYNSZD E53216_10.png' remapped 'res://assets/art/characters/guan_yu/effects/knife_wave_cyan_gold/067 MYNSZD E53216_10.png' at thread -1
Loading resource: res://assets/art/characters/guan_yu/effects/knife_wave_cyan_gold/067 MYNSZD E53216_11.png remapped: res://assets/art/characters/guan_yu/effects/knife_wave_cyan_gold/067 MYNSZD E53216_11.png
Loading resource: res://.godot/imported/067 MYNSZD E53216_11.png-9b1ed344cb00049853952c939ea61fe7.ctex remapped: res://.godot/imported/067 MYNSZD E53216_11.png-9b1ed344cb00049853952c939ea61fe7.ctex
Completed load for: 'res://assets/art/characters/guan_yu/effects/knife_wave_cyan_gold/067 MYNSZD E53216_11.png' remapped 'res://assets/art/characters/guan_yu/effects/knife_wave_cyan_gold/067 MYNSZD E53216_11.png' at thread -1
Loading resource: res://assets/art/characters/guan_yu/effects/knife_wave_cyan_gold/067 MYNSZD E53216_13.png remapped: res://assets/art/characters/guan_yu/effects/knife_wave_cyan_gold/067 MYNSZD E53216_13.png
Loading resource: res://.godot/imported/067 MYNSZD E53216_13.png-4cbeed76df39c5059559efdb9345ceab.ctex remapped: res://.godot/imported/067 MYNSZD E53216_13.png-4cbeed76df39c5059559efdb9345ceab.ctex
Completed load for: 'res://assets/art/characters/guan_yu/effects/knife_wave_cyan_gold/067 MYNSZD E53216_13.png' remapped 'res://assets/art/characters/guan_yu/effects/knife_wave_cyan_gold/067 MYNSZD E53216_13.png' at thread -1
Loading resource: res://assets/art/characters/guan_yu/effects/knife_wave_cyan_gold/067 MYNSZD E53216_14.png remapped: res://assets/art/characters/guan_yu/effects/knife_wave_cyan_gold/067 MYNSZD E53216_14.png
Loading resource: res://.godot/imported/067 MYNSZD E53216_14.png-f7f0aab62226570c5ae7fb5ff6ed47ca.ctex remapped: res://.godot/imported/067 MYNSZD E53216_14.png-f7f0aab62226570c5ae7fb5ff6ed47ca.ctex
Completed load for: 'res://assets/art/characters/guan_yu/effects/knife_wave_cyan_gold/067 MYNSZD E53216_14.png' remapped 'res://assets/art/characters/guan_yu/effects/knife_wave_cyan_gold/067 MYNSZD E53216_14.png' at thread -1
Loading resource: res://assets/art/characters/guan_yu/effects/knife_wave_cyan_gold/067 MYNSZD E53216_15.png remapped: res://assets/art/characters/guan_yu/effects/knife_wave_cyan_gold/067 MYNSZD E53216_15.png
Loading resource: res://.godot/imported/067 MYNSZD E53216_15.png-589ac2475ea2cd3a149a4eb9d651840e.ctex remapped: res://.godot/imported/067 MYNSZD E53216_15.png-589ac2475ea2cd3a149a4eb9d651840e.ctex
Completed load for: 'res://assets/art/characters/guan_yu/effects/knife_wave_cyan_gold/067 MYNSZD E53216_15.png' remapped 'res://assets/art/characters/guan_yu/effects/knife_wave_cyan_gold/067 MYNSZD E53216_15.png' at thread -1
Loading resource: res://assets/art/characters/guan_yu/effects/knife_wave_cyan_gold/067 MYNSZD E53216_17.png remapped: res://assets/art/characters/guan_yu/effects/knife_wave_cyan_gold/067 MYNSZD E53216_17.png
Loading resource: res://.godot/imported/067 MYNSZD E53216_17.png-32255c5412076beff119aaf54a2e2bf6.ctex remapped: res://.godot/imported/067 MYNSZD E53216_17.png-32255c5412076beff119aaf54a2e2bf6.ctex
Completed load for: 'res://assets/art/characters/guan_yu/effects/knife_wave_cyan_gold/067 MYNSZD E53216_17.png' remapped 'res://assets/art/characters/guan_yu/effects/knife_wave_cyan_gold/067 MYNSZD E53216_17.png' at thread -1
Loading resource: res://assets/art/effects/tianji/lightning/1.png remapped: res://assets/art/effects/tianji/lightning/1.png
Loading resource: res://.godot/imported/1.png-d768490a5e9649efe1a406ab3a914bd0.ctex remapped: res://.godot/imported/1.png-d768490a5e9649efe1a406ab3a914bd0.ctex
Completed load for: 'res://assets/art/effects/tianji/lightning/1.png' remapped 'res://assets/art/effects/tianji/lightning/1.png' at thread -1
Loading resource: res://assets/art/effects/tianji/lightning/1-2.png remapped: res://assets/art/effects/tianji/lightning/1-2.png
Loading resource: res://.godot/imported/1-2.png-ac2021af3aa7be737ecad33ae2d8c950.ctex remapped: res://.godot/imported/1-2.png-ac2021af3aa7be737ecad33ae2d8c950.ctex
Completed load for: 'res://assets/art/effects/tianji/lightning/1-2.png' remapped 'res://assets/art/effects/tianji/lightning/1-2.png' at thread -1
Loading resource: res://assets/art/effects/tianji/lightning/1-3.png remapped: res://assets/art/effects/tianji/lightning/1-3.png
Loading resource: res://.godot/imported/1-3.png-9a773a95d278e65e1657c2224e662a39.ctex remapped: res://.godot/imported/1-3.png-9a773a95d278e65e1657c2224e662a39.ctex
Completed load for: 'res://assets/art/effects/tianji/lightning/1-3.png' remapped 'res://assets/art/effects/tianji/lightning/1-3.png' at thread -1
Loading resource: res://assets/art/effects/tianji/lightning/1-4.png remapped: res://assets/art/effects/tianji/lightning/1-4.png
Loading resource: res://.godot/imported/1-4.png-43ecbbaba94e1a1a7a8c4c92a300329a.ctex remapped: res://.godot/imported/1-4.png-43ecbbaba94e1a1a7a8c4c92a300329a.ctex
Completed load for: 'res://assets/art/effects/tianji/lightning/1-4.png' remapped 'res://assets/art/effects/tianji/lightning/1-4.png' at thread -1
Loading resource: res://assets/art/effects/tianji/lightning/1-5.png remapped: res://assets/art/effects/tianji/lightning/1-5.png
Loading resource: res://.godot/imported/1-5.png-025910f3a2c3880206483f8d28cec3df.ctex remapped: res://.godot/imported/1-5.png-025910f3a2c3880206483f8d28cec3df.ctex
Completed load for: 'res://assets/art/effects/tianji/lightning/1-5.png' remapped 'res://assets/art/effects/tianji/lightning/1-5.png' at thread -1
Loading resource: res://assets/art/effects/tianji/lightning/1-5-1.png remapped: res://assets/art/effects/tianji/lightning/1-5-1.png
Loading resource: res://.godot/imported/1-5-1.png-4cddbafb0884c1af6819e93fbfbb9996.ctex remapped: res://.godot/imported/1-5-1.png-4cddbafb0884c1af6819e93fbfbb9996.ctex
Completed load for: 'res://assets/art/effects/tianji/lightning/1-5-1.png' remapped 'res://assets/art/effects/tianji/lightning/1-5-1.png' at thread -1
Loading resource: res://assets/art/effects/tianji/lightning/2.png remapped: res://assets/art/effects/tianji/lightning/2.png
Loading resource: res://.godot/imported/2.png-fd25292244aa285d1f78204bc144a9e7.ctex remapped: res://.godot/imported/2.png-fd25292244aa285d1f78204bc144a9e7.ctex
Completed load for: 'res://assets/art/effects/tianji/lightning/2.png' remapped 'res://assets/art/effects/tianji/lightning/2.png' at thread -1
Loading resource: res://assets/art/effects/tianji/lightning/3.png remapped: res://assets/art/effects/tianji/lightning/3.png
Loading resource: res://.godot/imported/3.png-86e496a6a5a753325b0f4f8c48450355.ctex remapped: res://.godot/imported/3.png-86e496a6a5a753325b0f4f8c48450355.ctex
Completed load for: 'res://assets/art/effects/tianji/lightning/3.png' remapped 'res://assets/art/effects/tianji/lightning/3.png' at thread -1
Loading resource: res://assets/art/effects/tianji/lightning/4.png remapped: res://assets/art/effects/tianji/lightning/4.png
Loading resource: res://.godot/imported/4.png-abb842dcb32292a0ca5a7cec50162a9c.ctex remapped: res://.godot/imported/4.png-abb842dcb32292a0ca5a7cec50162a9c.ctex
Completed load for: 'res://assets/art/effects/tianji/lightning/4.png' remapped 'res://assets/art/effects/tianji/lightning/4.png' at thread -1
Loading resource: res://assets/art/effects/tianji/lightning/5.png remapped: res://assets/art/effects/tianji/lightning/5.png
Loading resource: res://.godot/imported/5.png-9d8f2397a8c77f6bc3a44d6411244f19.ctex remapped: res://.godot/imported/5.png-9d8f2397a8c77f6bc3a44d6411244f19.ctex
Completed load for: 'res://assets/art/effects/tianji/lightning/5.png' remapped 'res://assets/art/effects/tianji/lightning/5.png' at thread -1
Loading resource: res://assets/art/effects/tianji/wind/eff_tornado-in_00.png remapped: res://assets/art/effects/tianji/wind/eff_tornado-in_00.png
Loading resource: res://.godot/imported/eff_tornado-in_00.png-1332b68f8f66d2df1c09866b0bd31f46.ctex remapped: res://.godot/imported/eff_tornado-in_00.png-1332b68f8f66d2df1c09866b0bd31f46.ctex
Completed load for: 'res://assets/art/effects/tianji/wind/eff_tornado-in_00.png' remapped 'res://assets/art/effects/tianji/wind/eff_tornado-in_00.png' at thread -1
Loading resource: res://assets/art/effects/tianji/wind/eff_tornado-in_01.png remapped: res://assets/art/effects/tianji/wind/eff_tornado-in_01.png
Loading resource: res://.godot/imported/eff_tornado-in_01.png-c5fcbdcedac057bfe3248b699620c9fd.ctex remapped: res://.godot/imported/eff_tornado-in_01.png-c5fcbdcedac057bfe3248b699620c9fd.ctex
Completed load for: 'res://assets/art/effects/tianji/wind/eff_tornado-in_01.png' remapped 'res://assets/art/effects/tianji/wind/eff_tornado-in_01.png' at thread -1
Loading resource: res://assets/art/effects/tianji/wind/eff_tornado-in_02.png remapped: res://assets/art/effects/tianji/wind/eff_tornado-in_02.png
Loading resource: res://.godot/imported/eff_tornado-in_02.png-d2876c9a8bb7b8d1dc4f95838bb72cd2.ctex remapped: res://.godot/imported/eff_tornado-in_02.png-d2876c9a8bb7b8d1dc4f95838bb72cd2.ctex
Completed load for: 'res://assets/art/effects/tianji/wind/eff_tornado-in_02.png' remapped 'res://assets/art/effects/tianji/wind/eff_tornado-in_02.png' at thread -1
Loading resource: res://assets/art/effects/tianji/wind/eff_tornado-in_03.png remapped: res://assets/art/effects/tianji/wind/eff_tornado-in_03.png
Loading resource: res://.godot/imported/eff_tornado-in_03.png-f143e9e2937563b9c558814ae3358a71.ctex remapped: res://.godot/imported/eff_tornado-in_03.png-f143e9e2937563b9c558814ae3358a71.ctex
Completed load for: 'res://assets/art/effects/tianji/wind/eff_tornado-in_03.png' remapped 'res://assets/art/effects/tianji/wind/eff_tornado-in_03.png' at thread -1
Loading resource: res://assets/art/effects/tianji/wind/eff_tornado-in_04.png remapped: res://assets/art/effects/tianji/wind/eff_tornado-in_04.png
Loading resource: res://.godot/imported/eff_tornado-in_04.png-4cba2cdc976845fabf75848627e0e757.ctex remapped: res://.godot/imported/eff_tornado-in_04.png-4cba2cdc976845fabf75848627e0e757.ctex
Completed load for: 'res://assets/art/effects/tianji/wind/eff_tornado-in_04.png' remapped 'res://assets/art/effects/tianji/wind/eff_tornado-in_04.png' at thread -1
Loading resource: res://assets/art/effects/tianji/wind/eff_tornado-in_05.png remapped: res://assets/art/effects/tianji/wind/eff_tornado-in_05.png
Loading resource: res://.godot/imported/eff_tornado-in_05.png-c903c06d921e0722ccfb497d02bd3ccf.ctex remapped: res://.godot/imported/eff_tornado-in_05.png-c903c06d921e0722ccfb497d02bd3ccf.ctex
Completed load for: 'res://assets/art/effects/tianji/wind/eff_tornado-in_05.png' remapped 'res://assets/art/effects/tianji/wind/eff_tornado-in_05.png' at thread -1
Loading resource: res://assets/art/effects/tianji/wind/eff_tornado-in_06.png remapped: res://assets/art/effects/tianji/wind/eff_tornado-in_06.png
Loading resource: res://.godot/imported/eff_tornado-in_06.png-30c41399461508ff329bef8f29ebd9e3.ctex remapped: res://.godot/imported/eff_tornado-in_06.png-30c41399461508ff329bef8f29ebd9e3.ctex
Completed load for: 'res://assets/art/effects/tianji/wind/eff_tornado-in_06.png' remapped 'res://assets/art/effects/tianji/wind/eff_tornado-in_06.png' at thread -1
Loading resource: res://assets/art/effects/tianji/wind/eff_tornado-in_07.png remapped: res://assets/art/effects/tianji/wind/eff_tornado-in_07.png
Loading resource: res://.godot/imported/eff_tornado-in_07.png-49b0de8cd82e2108f2b995bcb6e48d41.ctex remapped: res://.godot/imported/eff_tornado-in_07.png-49b0de8cd82e2108f2b995bcb6e48d41.ctex
Completed load for: 'res://assets/art/effects/tianji/wind/eff_tornado-in_07.png' remapped 'res://assets/art/effects/tianji/wind/eff_tornado-in_07.png' at thread -1
Loading resource: res://assets/art/effects/tianji/wind/eff_tornado-in_08.png remapped: res://assets/art/effects/tianji/wind/eff_tornado-in_08.png
Loading resource: res://.godot/imported/eff_tornado-in_08.png-a8d2713df65196ce1c3fb6c656b0af46.ctex remapped: res://.godot/imported/eff_tornado-in_08.png-a8d2713df65196ce1c3fb6c656b0af46.ctex
Completed load for: 'res://assets/art/effects/tianji/wind/eff_tornado-in_08.png' remapped 'res://assets/art/effects/tianji/wind/eff_tornado-in_08.png' at thread -1
Loading resource: res://assets/art/effects/tianji/wind/eff_tornado-in_09.png remapped: res://assets/art/effects/tianji/wind/eff_tornado-in_09.png
Loading resource: res://.godot/imported/eff_tornado-in_09.png-939977bf5ed6a821045d0b95d225c59c.ctex remapped: res://.godot/imported/eff_tornado-in_09.png-939977bf5ed6a821045d0b95d225c59c.ctex
Completed load for: 'res://assets/art/effects/tianji/wind/eff_tornado-in_09.png' remapped 'res://assets/art/effects/tianji/wind/eff_tornado-in_09.png' at thread -1
Loading resource: res://assets/art/effects/tianji/wind/eff_tornado-in_10.png remapped: res://assets/art/effects/tianji/wind/eff_tornado-in_10.png
Loading resource: res://.godot/imported/eff_tornado-in_10.png-fcf5380f37e40dba72883d5d04fdc0f6.ctex remapped: res://.godot/imported/eff_tornado-in_10.png-fcf5380f37e40dba72883d5d04fdc0f6.ctex
Completed load for: 'res://assets/art/effects/tianji/wind/eff_tornado-in_10.png' remapped 'res://assets/art/effects/tianji/wind/eff_tornado-in_10.png' at thread -1
Loading resource: res://assets/art/effects/tianji/wind/eff_tornado-in_11.png remapped: res://assets/art/effects/tianji/wind/eff_tornado-in_11.png
Loading resource: res://.godot/imported/eff_tornado-in_11.png-32ac9afedbfc9ed4a2b7c0e792c33a16.ctex remapped: res://.godot/imported/eff_tornado-in_11.png-32ac9afedbfc9ed4a2b7c0e792c33a16.ctex
Completed load for: 'res://assets/art/effects/tianji/wind/eff_tornado-in_11.png' remapped 'res://assets/art/effects/tianji/wind/eff_tornado-in_11.png' at thread -1
Loading resource: res://assets/art/effects/tianji/wind/eff_tornado-in_12.png remapped: res://assets/art/effects/tianji/wind/eff_tornado-in_12.png
Loading resource: res://.godot/imported/eff_tornado-in_12.png-461606cc8dd4399fb5995d49e98f02d9.ctex remapped: res://.godot/imported/eff_tornado-in_12.png-461606cc8dd4399fb5995d49e98f02d9.ctex
Completed load for: 'res://assets/art/effects/tianji/wind/eff_tornado-in_12.png' remapped 'res://assets/art/effects/tianji/wind/eff_tornado-in_12.png' at thread -1
Loading resource: res://assets/art/effects/tianji/wind/eff_tornado-in_13.png remapped: res://assets/art/effects/tianji/wind/eff_tornado-in_13.png
Loading resource: res://.godot/imported/eff_tornado-in_13.png-2feb85f80f69835041167ca6273e2780.ctex remapped: res://.godot/imported/eff_tornado-in_13.png-2feb85f80f69835041167ca6273e2780.ctex
Completed load for: 'res://assets/art/effects/tianji/wind/eff_tornado-in_13.png' remapped 'res://assets/art/effects/tianji/wind/eff_tornado-in_13.png' at thread -1
Loading resource: res://assets/art/effects/tianji/wind/eff_tornado-in_14.png remapped: res://assets/art/effects/tianji/wind/eff_tornado-in_14.png
Loading resource: res://.godot/imported/eff_tornado-in_14.png-78bfadea7ac7f5f610289a4c81476338.ctex remapped: res://.godot/imported/eff_tornado-in_14.png-78bfadea7ac7f5f610289a4c81476338.ctex
Completed load for: 'res://assets/art/effects/tianji/wind/eff_tornado-in_14.png' remapped 'res://assets/art/effects/tianji/wind/eff_tornado-in_14.png' at thread -1
Loading resource: res://assets/art/effects/tianji/wind/eff_tornado-in_15.png remapped: res://assets/art/effects/tianji/wind/eff_tornado-in_15.png
Loading resource: res://.godot/imported/eff_tornado-in_15.png-0983532e7542889cfa9bc55f735684c9.ctex remapped: res://.godot/imported/eff_tornado-in_15.png-0983532e7542889cfa9bc55f735684c9.ctex
Completed load for: 'res://assets/art/effects/tianji/wind/eff_tornado-in_15.png' remapped 'res://assets/art/effects/tianji/wind/eff_tornado-in_15.png' at thread -1
Loading resource: res://assets/art/effects/tianji/wind/eff_tornado-in_16.png remapped: res://assets/art/effects/tianji/wind/eff_tornado-in_16.png
Loading resource: res://.godot/imported/eff_tornado-in_16.png-f3a9d966ce4ffcf4d707055605fc1864.ctex remapped: res://.godot/imported/eff_tornado-in_16.png-f3a9d966ce4ffcf4d707055605fc1864.ctex
Completed load for: 'res://assets/art/effects/tianji/wind/eff_tornado-in_16.png' remapped 'res://assets/art/effects/tianji/wind/eff_tornado-in_16.png' at thread -1
Loading resource: res://assets/art/effects/tianji/wind/eff_tornado-in_17.png remapped: res://assets/art/effects/tianji/wind/eff_tornado-in_17.png
Loading resource: res://.godot/imported/eff_tornado-in_17.png-dfbd00edda96595d5a2292e22057866a.ctex remapped: res://.godot/imported/eff_tornado-in_17.png-dfbd00edda96595d5a2292e22057866a.ctex
Completed load for: 'res://assets/art/effects/tianji/wind/eff_tornado-in_17.png' remapped 'res://assets/art/effects/tianji/wind/eff_tornado-in_17.png' at thread -1
Loading resource: res://assets/art/effects/tianji/wind/eff_tornado-in_18.png remapped: res://assets/art/effects/tianji/wind/eff_tornado-in_18.png
Loading resource: res://.godot/imported/eff_tornado-in_18.png-24311534042daacda2cbd9d6fd27d395.ctex remapped: res://.godot/imported/eff_tornado-in_18.png-24311534042daacda2cbd9d6fd27d395.ctex
Completed load for: 'res://assets/art/effects/tianji/wind/eff_tornado-in_18.png' remapped 'res://assets/art/effects/tianji/wind/eff_tornado-in_18.png' at thread -1
Loading resource: res://assets/art/effects/tianji/wind/eff_tornado-in_19.png remapped: res://assets/art/effects/tianji/wind/eff_tornado-in_19.png
Loading resource: res://.godot/imported/eff_tornado-in_19.png-d023dfc5e6226af2671beeda6610b377.ctex remapped: res://.godot/imported/eff_tornado-in_19.png-d023dfc5e6226af2671beeda6610b377.ctex
Completed load for: 'res://assets/art/effects/tianji/wind/eff_tornado-in_19.png' remapped 'res://assets/art/effects/tianji/wind/eff_tornado-in_19.png' at thread -1
Loading resource: res://assets/art/effects/tianji/wind/eff_tornado-in_20.png remapped: res://assets/art/effects/tianji/wind/eff_tornado-in_20.png
Loading resource: res://.godot/imported/eff_tornado-in_20.png-eea4d5ce242bb0b01e5976e0e4c571da.ctex remapped: res://.godot/imported/eff_tornado-in_20.png-eea4d5ce242bb0b01e5976e0e4c571da.ctex
Completed load for: 'res://assets/art/effects/tianji/wind/eff_tornado-in_20.png' remapped 'res://assets/art/effects/tianji/wind/eff_tornado-in_20.png' at thread -1
Loading resource: res://assets/art/effects/tianji/wind/eff_tornado-in_21.png remapped: res://assets/art/effects/tianji/wind/eff_tornado-in_21.png
Loading resource: res://.godot/imported/eff_tornado-in_21.png-1bd5d339b5dd9755d137bc7c3194b240.ctex remapped: res://.godot/imported/eff_tornado-in_21.png-1bd5d339b5dd9755d137bc7c3194b240.ctex
Completed load for: 'res://assets/art/effects/tianji/wind/eff_tornado-in_21.png' remapped 'res://assets/art/effects/tianji/wind/eff_tornado-in_21.png' at thread -1
Loading resource: res://assets/art/effects/tianji/wind/eff_tornado-in_22.png remapped: res://assets/art/effects/tianji/wind/eff_tornado-in_22.png
Loading resource: res://.godot/imported/eff_tornado-in_22.png-1aae124fc791dfe1e3aa69404e008a55.ctex remapped: res://.godot/imported/eff_tornado-in_22.png-1aae124fc791dfe1e3aa69404e008a55.ctex
Completed load for: 'res://assets/art/effects/tianji/wind/eff_tornado-in_22.png' remapped 'res://assets/art/effects/tianji/wind/eff_tornado-in_22.png' at thread -1
Loading resource: res://assets/art/effects/tianji/water_no_rainbow/action-action1_03.png remapped: res://assets/art/effects/tianji/water_no_rainbow/action-action1_03.png
Loading resource: res://.godot/imported/action-action1_03.png-f8f2b271d32690014c27934ddae06ddc.ctex remapped: res://.godot/imported/action-action1_03.png-f8f2b271d32690014c27934ddae06ddc.ctex
Completed load for: 'res://assets/art/effects/tianji/water_no_rainbow/action-action1_03.png' remapped 'res://assets/art/effects/tianji/water_no_rainbow/action-action1_03.png' at thread -1
Loading resource: res://assets/art/effects/tianji/water_no_rainbow/action-action1_04.png remapped: res://assets/art/effects/tianji/water_no_rainbow/action-action1_04.png
Loading resource: res://.godot/imported/action-action1_04.png-5e6f37eb9c6ad69e03a8fef6f573c15d.ctex remapped: res://.godot/imported/action-action1_04.png-5e6f37eb9c6ad69e03a8fef6f573c15d.ctex
Completed load for: 'res://assets/art/effects/tianji/water_no_rainbow/action-action1_04.png' remapped 'res://assets/art/effects/tianji/water_no_rainbow/action-action1_04.png' at thread -1
Loading resource: res://assets/art/effects/tianji/water_no_rainbow/action-action1_05.png remapped: res://assets/art/effects/tianji/water_no_rainbow/action-action1_05.png
Loading resource: res://.godot/imported/action-action1_05.png-f1534a8325483483a4e19868d2abb8c6.ctex remapped: res://.godot/imported/action-action1_05.png-f1534a8325483483a4e19868d2abb8c6.ctex
Completed load for: 'res://assets/art/effects/tianji/water_no_rainbow/action-action1_05.png' remapped 'res://assets/art/effects/tianji/water_no_rainbow/action-action1_05.png' at thread -1
Loading resource: res://assets/art/effects/tianji/water_no_rainbow/action-action1_06.png remapped: res://assets/art/effects/tianji/water_no_rainbow/action-action1_06.png
Loading resource: res://.godot/imported/action-action1_06.png-ad861b8833b00cf7ea6afc313cd4ec1e.ctex remapped: res://.godot/imported/action-action1_06.png-ad861b8833b00cf7ea6afc313cd4ec1e.ctex
Completed load for: 'res://assets/art/effects/tianji/water_no_rainbow/action-action1_06.png' remapped 'res://assets/art/effects/tianji/water_no_rainbow/action-action1_06.png' at thread -1
Loading resource: res://assets/art/effects/tianji/water_no_rainbow/action-action1_07.png remapped: res://assets/art/effects/tianji/water_no_rainbow/action-action1_07.png
Loading resource: res://.godot/imported/action-action1_07.png-8cd5c4c124f4b7ef15e2ce41613ee868.ctex remapped: res://.godot/imported/action-action1_07.png-8cd5c4c124f4b7ef15e2ce41613ee868.ctex
Completed load for: 'res://assets/art/effects/tianji/water_no_rainbow/action-action1_07.png' remapped 'res://assets/art/effects/tianji/water_no_rainbow/action-action1_07.png' at thread -1
Loading resource: res://assets/art/effects/tianji/water_no_rainbow/action-action1_08.png remapped: res://assets/art/effects/tianji/water_no_rainbow/action-action1_08.png
Loading resource: res://.godot/imported/action-action1_08.png-3504ce771718410e79ba7858048d3406.ctex remapped: res://.godot/imported/action-action1_08.png-3504ce771718410e79ba7858048d3406.ctex
Completed load for: 'res://assets/art/effects/tianji/water_no_rainbow/action-action1_08.png' remapped 'res://assets/art/effects/tianji/water_no_rainbow/action-action1_08.png' at thread -1
Loading resource: res://assets/art/effects/tianji/water_no_rainbow/action-action1_09.png remapped: res://assets/art/effects/tianji/water_no_rainbow/action-action1_09.png
Loading resource: res://.godot/imported/action-action1_09.png-9259d4dd71c6e372314f71df489a0285.ctex remapped: res://.godot/imported/action-action1_09.png-9259d4dd71c6e372314f71df489a0285.ctex
Completed load for: 'res://assets/art/effects/tianji/water_no_rainbow/action-action1_09.png' remapped 'res://assets/art/effects/tianji/water_no_rainbow/action-action1_09.png' at thread -1
Loading resource: res://assets/art/effects/tianji/water_no_rainbow/action-action1_10.png remapped: res://assets/art/effects/tianji/water_no_rainbow/action-action1_10.png
Loading resource: res://.godot/imported/action-action1_10.png-dc80ba9c999862880a4badf80df19394.ctex remapped: res://.godot/imported/action-action1_10.png-dc80ba9c999862880a4badf80df19394.ctex
Completed load for: 'res://assets/art/effects/tianji/water_no_rainbow/action-action1_10.png' remapped 'res://assets/art/effects/tianji/water_no_rainbow/action-action1_10.png' at thread -1
Loading resource: res://assets/art/effects/tianji/water_no_rainbow/action-action1_11.png remapped: res://assets/art/effects/tianji/water_no_rainbow/action-action1_11.png
Loading resource: res://.godot/imported/action-action1_11.png-093b3d399fd40699ef7cf379b0f34674.ctex remapped: res://.godot/imported/action-action1_11.png-093b3d399fd40699ef7cf379b0f34674.ctex
Completed load for: 'res://assets/art/effects/tianji/water_no_rainbow/action-action1_11.png' remapped 'res://assets/art/effects/tianji/water_no_rainbow/action-action1_11.png' at thread -1
Loading resource: res://assets/art/effects/tianji/water_no_rainbow/action-action1_12.png remapped: res://assets/art/effects/tianji/water_no_rainbow/action-action1_12.png
Loading resource: res://.godot/imported/action-action1_12.png-622f8e9b6a6a2ba3d60bf3b9018aeb95.ctex remapped: res://.godot/imported/action-action1_12.png-622f8e9b6a6a2ba3d60bf3b9018aeb95.ctex
Completed load for: 'res://assets/art/effects/tianji/water_no_rainbow/action-action1_12.png' remapped 'res://assets/art/effects/tianji/water_no_rainbow/action-action1_12.png' at thread -1
Loading resource: res://assets/art/effects/tianji/water_no_rainbow/action-action1_13.png remapped: res://assets/art/effects/tianji/water_no_rainbow/action-action1_13.png
Loading resource: res://.godot/imported/action-action1_13.png-dc6c69d51946bd27bc09f6883675aecf.ctex remapped: res://.godot/imported/action-action1_13.png-dc6c69d51946bd27bc09f6883675aecf.ctex
Completed load for: 'res://assets/art/effects/tianji/water_no_rainbow/action-action1_13.png' remapped 'res://assets/art/effects/tianji/water_no_rainbow/action-action1_13.png' at thread -1
Loading resource: res://assets/art/effects/tianji/water_no_rainbow/action-action1_14.png remapped: res://assets/art/effects/tianji/water_no_rainbow/action-action1_14.png
Loading resource: res://.godot/imported/action-action1_14.png-70a2067d26427ad27edb06adb6236c11.ctex remapped: res://.godot/imported/action-action1_14.png-70a2067d26427ad27edb06adb6236c11.ctex
Completed load for: 'res://assets/art/effects/tianji/water_no_rainbow/action-action1_14.png' remapped 'res://assets/art/effects/tianji/water_no_rainbow/action-action1_14.png' at thread -1
Loading resource: res://assets/art/effects/tianji/water_no_rainbow/action-action1_15.png remapped: res://assets/art/effects/tianji/water_no_rainbow/action-action1_15.png
Loading resource: res://.godot/imported/action-action1_15.png-0eeb5eeef03039fe843b233ecd424f66.ctex remapped: res://.godot/imported/action-action1_15.png-0eeb5eeef03039fe843b233ecd424f66.ctex
Completed load for: 'res://assets/art/effects/tianji/water_no_rainbow/action-action1_15.png' remapped 'res://assets/art/effects/tianji/water_no_rainbow/action-action1_15.png' at thread -1
Loading resource: res://assets/art/effects/tianji/water_no_rainbow/action-action1_16.png remapped: res://assets/art/effects/tianji/water_no_rainbow/action-action1_16.png
Loading resource: res://.godot/imported/action-action1_16.png-3c7fa940773c517cfd195e1ceec0cba7.ctex remapped: res://.godot/imported/action-action1_16.png-3c7fa940773c517cfd195e1ceec0cba7.ctex
Completed load for: 'res://assets/art/effects/tianji/water_no_rainbow/action-action1_16.png' remapped 'res://assets/art/effects/tianji/water_no_rainbow/action-action1_16.png' at thread -1
Loading resource: res://assets/art/effects/tianji/water_no_rainbow/action-action1_17.png remapped: res://assets/art/effects/tianji/water_no_rainbow/action-action1_17.png
Loading resource: res://.godot/imported/action-action1_17.png-3b1011740217eed35bdef854cfa6e087.ctex remapped: res://.godot/imported/action-action1_17.png-3b1011740217eed35bdef854cfa6e087.ctex
Completed load for: 'res://assets/art/effects/tianji/water_no_rainbow/action-action1_17.png' remapped 'res://assets/art/effects/tianji/water_no_rainbow/action-action1_17.png' at thread -1
Loading resource: res://assets/art/effects/tianji/water_no_rainbow/action-action1_18.png remapped: res://assets/art/effects/tianji/water_no_rainbow/action-action1_18.png
Loading resource: res://.godot/imported/action-action1_18.png-705437016b956dabff4253e453e0d5c6.ctex remapped: res://.godot/imported/action-action1_18.png-705437016b956dabff4253e453e0d5c6.ctex
Completed load for: 'res://assets/art/effects/tianji/water_no_rainbow/action-action1_18.png' remapped 'res://assets/art/effects/tianji/water_no_rainbow/action-action1_18.png' at thread -1
Loading resource: res://assets/art/effects/tianji/water_no_rainbow/action-action1_19.png remapped: res://assets/art/effects/tianji/water_no_rainbow/action-action1_19.png
Loading resource: res://.godot/imported/action-action1_19.png-bd78e7efcb8853864d1df29e6bd9b3ef.ctex remapped: res://.godot/imported/action-action1_19.png-bd78e7efcb8853864d1df29e6bd9b3ef.ctex
Completed load for: 'res://assets/art/effects/tianji/water_no_rainbow/action-action1_19.png' remapped 'res://assets/art/effects/tianji/water_no_rainbow/action-action1_19.png' at thread -1
Loading resource: res://assets/art/effects/tianji/water_no_rainbow/action-action1_20.png remapped: res://assets/art/effects/tianji/water_no_rainbow/action-action1_20.png
Loading resource: res://.godot/imported/action-action1_20.png-6c687175bd15cdd81bec7d1e09cf2d9f.ctex remapped: res://.godot/imported/action-action1_20.png-6c687175bd15cdd81bec7d1e09cf2d9f.ctex
Completed load for: 'res://assets/art/effects/tianji/water_no_rainbow/action-action1_20.png' remapped 'res://assets/art/effects/tianji/water_no_rainbow/action-action1_20.png' at thread -1
Loading resource: res://assets/art/effects/tianji/water_no_rainbow/action-action1_21.png remapped: res://assets/art/effects/tianji/water_no_rainbow/action-action1_21.png
Loading resource: res://.godot/imported/action-action1_21.png-ef88439793a23104eb41478d5e16b5c9.ctex remapped: res://.godot/imported/action-action1_21.png-ef88439793a23104eb41478d5e16b5c9.ctex
Completed load for: 'res://assets/art/effects/tianji/water_no_rainbow/action-action1_21.png' remapped 'res://assets/art/effects/tianji/water_no_rainbow/action-action1_21.png' at thread -1
Loading resource: res://assets/art/effects/tianji/water_no_rainbow/action-action1_22.png remapped: res://assets/art/effects/tianji/water_no_rainbow/action-action1_22.png
Loading resource: res://.godot/imported/action-action1_22.png-1b78c0984d842dff98a22d627a1ccca9.ctex remapped: res://.godot/imported/action-action1_22.png-1b78c0984d842dff98a22d627a1ccca9.ctex
Completed load for: 'res://assets/art/effects/tianji/water_no_rainbow/action-action1_22.png' remapped 'res://assets/art/effects/tianji/water_no_rainbow/action-action1_22.png' at thread -1
Loading resource: res://assets/art/effects/tianji/water_no_rainbow/action-action1_23.png remapped: res://assets/art/effects/tianji/water_no_rainbow/action-action1_23.png
Loading resource: res://.godot/imported/action-action1_23.png-d6d59863a0b343cb1ea2ae79723f1c8c.ctex remapped: res://.godot/imported/action-action1_23.png-d6d59863a0b343cb1ea2ae79723f1c8c.ctex
Completed load for: 'res://assets/art/effects/tianji/water_no_rainbow/action-action1_23.png' remapped 'res://assets/art/effects/tianji/water_no_rainbow/action-action1_23.png' at thread -1
Loading resource: res://assets/art/effects/tianji/water_no_rainbow/action-action1_24.png remapped: res://assets/art/effects/tianji/water_no_rainbow/action-action1_24.png
Loading resource: res://.godot/imported/action-action1_24.png-926d0107c3d7a71cfd54f2a4d5a37ee1.ctex remapped: res://.godot/imported/action-action1_24.png-926d0107c3d7a71cfd54f2a4d5a37ee1.ctex
Completed load for: 'res://assets/art/effects/tianji/water_no_rainbow/action-action1_24.png' remapped 'res://assets/art/effects/tianji/water_no_rainbow/action-action1_24.png' at thread -1
Loading resource: res://assets/art/effects/tianji/water_no_rainbow/action-action1_25.png remapped: res://assets/art/effects/tianji/water_no_rainbow/action-action1_25.png
Loading resource: res://.godot/imported/action-action1_25.png-f64eeed8050c15691bdd6924243ee6f8.ctex remapped: res://.godot/imported/action-action1_25.png-f64eeed8050c15691bdd6924243ee6f8.ctex
Completed load for: 'res://assets/art/effects/tianji/water_no_rainbow/action-action1_25.png' remapped 'res://assets/art/effects/tianji/water_no_rainbow/action-action1_25.png' at thread -1
Loading resource: res://assets/art/effects/tianji/water_no_rainbow/action-action1_26.png remapped: res://assets/art/effects/tianji/water_no_rainbow/action-action1_26.png
Loading resource: res://.godot/imported/action-action1_26.png-2041de3c6a3334e0a96506f417d2edca.ctex remapped: res://.godot/imported/action-action1_26.png-2041de3c6a3334e0a96506f417d2edca.ctex
Completed load for: 'res://assets/art/effects/tianji/water_no_rainbow/action-action1_26.png' remapped 'res://assets/art/effects/tianji/water_no_rainbow/action-action1_26.png' at thread -1
Loading resource: res://assets/art/effects/tianji/fire_rain/meteor/062 MYNSZD E53209_00.png remapped: res://assets/art/effects/tianji/fire_rain/meteor/062 MYNSZD E53209_00.png
Loading resource: res://.godot/imported/062 MYNSZD E53209_00.png-7fbdb66c79d04102366b51eadfe2e249.ctex remapped: res://.godot/imported/062 MYNSZD E53209_00.png-7fbdb66c79d04102366b51eadfe2e249.ctex
Completed load for: 'res://assets/art/effects/tianji/fire_rain/meteor/062 MYNSZD E53209_00.png' remapped 'res://assets/art/effects/tianji/fire_rain/meteor/062 MYNSZD E53209_00.png' at thread -1
Loading resource: res://assets/art/effects/tianji/fire_rain/meteor/062 MYNSZD E53209_01.png remapped: res://assets/art/effects/tianji/fire_rain/meteor/062 MYNSZD E53209_01.png
Loading resource: res://.godot/imported/062 MYNSZD E53209_01.png-cd5007b7fcea7c6f9751e1819d421ec2.ctex remapped: res://.godot/imported/062 MYNSZD E53209_01.png-cd5007b7fcea7c6f9751e1819d421ec2.ctex
Completed load for: 'res://assets/art/effects/tianji/fire_rain/meteor/062 MYNSZD E53209_01.png' remapped 'res://assets/art/effects/tianji/fire_rain/meteor/062 MYNSZD E53209_01.png' at thread -1
Loading resource: res://assets/art/effects/tianji/fire_rain/meteor/062 MYNSZD E53209_02.png remapped: res://assets/art/effects/tianji/fire_rain/meteor/062 MYNSZD E53209_02.png
Loading resource: res://.godot/imported/062 MYNSZD E53209_02.png-45ad346c7b7b82763bd27c9588a2a60c.ctex remapped: res://.godot/imported/062 MYNSZD E53209_02.png-45ad346c7b7b82763bd27c9588a2a60c.ctex
Completed load for: 'res://assets/art/effects/tianji/fire_rain/meteor/062 MYNSZD E53209_02.png' remapped 'res://assets/art/effects/tianji/fire_rain/meteor/062 MYNSZD E53209_02.png' at thread -1
Loading resource: res://assets/art/effects/tianji/fire_rain/meteor/062 MYNSZD E53209_03.png remapped: res://assets/art/effects/tianji/fire_rain/meteor/062 MYNSZD E53209_03.png
Loading resource: res://.godot/imported/062 MYNSZD E53209_03.png-3bac8dac16897d89c41fe9aac5760fc9.ctex remapped: res://.godot/imported/062 MYNSZD E53209_03.png-3bac8dac16897d89c41fe9aac5760fc9.ctex
Completed load for: 'res://assets/art/effects/tianji/fire_rain/meteor/062 MYNSZD E53209_03.png' remapped 'res://assets/art/effects/tianji/fire_rain/meteor/062 MYNSZD E53209_03.png' at thread -1
Loading resource: res://assets/art/effects/tianji/fire_rain/meteor/062 MYNSZD E53209_04.png remapped: res://assets/art/effects/tianji/fire_rain/meteor/062 MYNSZD E53209_04.png
Loading resource: res://.godot/imported/062 MYNSZD E53209_04.png-41dee3773305112d3876d1eeb1438f2b.ctex remapped: res://.godot/imported/062 MYNSZD E53209_04.png-41dee3773305112d3876d1eeb1438f2b.ctex
Completed load for: 'res://assets/art/effects/tianji/fire_rain/meteor/062 MYNSZD E53209_04.png' remapped 'res://assets/art/effects/tianji/fire_rain/meteor/062 MYNSZD E53209_04.png' at thread -1
Loading resource: res://assets/art/effects/tianji/fire_rain/meteor/062 MYNSZD E53209_05.png remapped: res://assets/art/effects/tianji/fire_rain/meteor/062 MYNSZD E53209_05.png
Loading resource: res://.godot/imported/062 MYNSZD E53209_05.png-acd63e4d6f003940a973c2aa8feb426b.ctex remapped: res://.godot/imported/062 MYNSZD E53209_05.png-acd63e4d6f003940a973c2aa8feb426b.ctex
Completed load for: 'res://assets/art/effects/tianji/fire_rain/meteor/062 MYNSZD E53209_05.png' remapped 'res://assets/art/effects/tianji/fire_rain/meteor/062 MYNSZD E53209_05.png' at thread -1
Loading resource: res://assets/art/effects/tianji/fire_rain/meteor/062 MYNSZD E53209_06.png remapped: res://assets/art/effects/tianji/fire_rain/meteor/062 MYNSZD E53209_06.png
Loading resource: res://.godot/imported/062 MYNSZD E53209_06.png-8cf57168230f2161c71197a052e550d1.ctex remapped: res://.godot/imported/062 MYNSZD E53209_06.png-8cf57168230f2161c71197a052e550d1.ctex
Completed load for: 'res://assets/art/effects/tianji/fire_rain/meteor/062 MYNSZD E53209_06.png' remapped 'res://assets/art/effects/tianji/fire_rain/meteor/062 MYNSZD E53209_06.png' at thread -1
Loading resource: res://assets/art/effects/tianji/fire_rain/meteor/062 MYNSZD E53209_07.png remapped: res://assets/art/effects/tianji/fire_rain/meteor/062 MYNSZD E53209_07.png
Loading resource: res://.godot/imported/062 MYNSZD E53209_07.png-1f91e9a9bd6bb2bd371ded3001925727.ctex remapped: res://.godot/imported/062 MYNSZD E53209_07.png-1f91e9a9bd6bb2bd371ded3001925727.ctex
Completed load for: 'res://assets/art/effects/tianji/fire_rain/meteor/062 MYNSZD E53209_07.png' remapped 'res://assets/art/effects/tianji/fire_rain/meteor/062 MYNSZD E53209_07.png' at thread -1
Loading resource: res://assets/art/effects/tianji/fire_rain/meteor/062 MYNSZD E53209_08.png remapped: res://assets/art/effects/tianji/fire_rain/meteor/062 MYNSZD E53209_08.png
Loading resource: res://.godot/imported/062 MYNSZD E53209_08.png-fff98f5a8ed69da1f2abe730110e5437.ctex remapped: res://.godot/imported/062 MYNSZD E53209_08.png-fff98f5a8ed69da1f2abe730110e5437.ctex
Completed load for: 'res://assets/art/effects/tianji/fire_rain/meteor/062 MYNSZD E53209_08.png' remapped 'res://assets/art/effects/tianji/fire_rain/meteor/062 MYNSZD E53209_08.png' at thread -1
Loading resource: res://assets/art/effects/tianji/fire_rain/meteor/062 MYNSZD E53209_09.png remapped: res://assets/art/effects/tianji/fire_rain/meteor/062 MYNSZD E53209_09.png
Loading resource: res://.godot/imported/062 MYNSZD E53209_09.png-ec784c58208aa58ba78d16d143b6e07f.ctex remapped: res://.godot/imported/062 MYNSZD E53209_09.png-ec784c58208aa58ba78d16d143b6e07f.ctex
Completed load for: 'res://assets/art/effects/tianji/fire_rain/meteor/062 MYNSZD E53209_09.png' remapped 'res://assets/art/effects/tianji/fire_rain/meteor/062 MYNSZD E53209_09.png' at thread -1
Loading resource: res://assets/art/effects/tianji/fire_rain/meteor/062 MYNSZD E53209_10.png remapped: res://assets/art/effects/tianji/fire_rain/meteor/062 MYNSZD E53209_10.png
Loading resource: res://.godot/imported/062 MYNSZD E53209_10.png-560c1eebc6e78d55fc697f96472faf3c.ctex remapped: res://.godot/imported/062 MYNSZD E53209_10.png-560c1eebc6e78d55fc697f96472faf3c.ctex
Completed load for: 'res://assets/art/effects/tianji/fire_rain/meteor/062 MYNSZD E53209_10.png' remapped 'res://assets/art/effects/tianji/fire_rain/meteor/062 MYNSZD E53209_10.png' at thread -1
Loading resource: res://assets/art/effects/tianji/fire_rain/meteor/062 MYNSZD E53209_11.png remapped: res://assets/art/effects/tianji/fire_rain/meteor/062 MYNSZD E53209_11.png
Loading resource: res://.godot/imported/062 MYNSZD E53209_11.png-36abc45fd679845fa112382258e23352.ctex remapped: res://.godot/imported/062 MYNSZD E53209_11.png-36abc45fd679845fa112382258e23352.ctex
Completed load for: 'res://assets/art/effects/tianji/fire_rain/meteor/062 MYNSZD E53209_11.png' remapped 'res://assets/art/effects/tianji/fire_rain/meteor/062 MYNSZD E53209_11.png' at thread -1
Loading resource: res://assets/art/effects/tianji/fire_rain/meteor/062 MYNSZD E53209_12.png remapped: res://assets/art/effects/tianji/fire_rain/meteor/062 MYNSZD E53209_12.png
Loading resource: res://.godot/imported/062 MYNSZD E53209_12.png-1e8bd26423e2c8223abd100a9bbbb9b4.ctex remapped: res://.godot/imported/062 MYNSZD E53209_12.png-1e8bd26423e2c8223abd100a9bbbb9b4.ctex
Completed load for: 'res://assets/art/effects/tianji/fire_rain/meteor/062 MYNSZD E53209_12.png' remapped 'res://assets/art/effects/tianji/fire_rain/meteor/062 MYNSZD E53209_12.png' at thread -1
Loading resource: res://assets/art/effects/tianji/fire_rain/meteor/062 MYNSZD E53209_13.png remapped: res://assets/art/effects/tianji/fire_rain/meteor/062 MYNSZD E53209_13.png
Loading resource: res://.godot/imported/062 MYNSZD E53209_13.png-6d1c6841289c30e64b47f71f195c367a.ctex remapped: res://.godot/imported/062 MYNSZD E53209_13.png-6d1c6841289c30e64b47f71f195c367a.ctex
Completed load for: 'res://assets/art/effects/tianji/fire_rain/meteor/062 MYNSZD E53209_13.png' remapped 'res://assets/art/effects/tianji/fire_rain/meteor/062 MYNSZD E53209_13.png' at thread -1
Loading resource: res://assets/art/effects/tianji/fire_rain/meteor/062 MYNSZD E53209_14.png remapped: res://assets/art/effects/tianji/fire_rain/meteor/062 MYNSZD E53209_14.png
Loading resource: res://.godot/imported/062 MYNSZD E53209_14.png-2c99a3a7cd7fe9dc64583ef80973dd59.ctex remapped: res://.godot/imported/062 MYNSZD E53209_14.png-2c99a3a7cd7fe9dc64583ef80973dd59.ctex
Completed load for: 'res://assets/art/effects/tianji/fire_rain/meteor/062 MYNSZD E53209_14.png' remapped 'res://assets/art/effects/tianji/fire_rain/meteor/062 MYNSZD E53209_14.png' at thread -1
Loading resource: res://assets/art/effects/tianji/fire_rain/meteor/062 MYNSZD E53209_15.png remapped: res://assets/art/effects/tianji/fire_rain/meteor/062 MYNSZD E53209_15.png
Loading resource: res://.godot/imported/062 MYNSZD E53209_15.png-7ae1a0f910058acbcf8c50b59284c7f5.ctex remapped: res://.godot/imported/062 MYNSZD E53209_15.png-7ae1a0f910058acbcf8c50b59284c7f5.ctex
Completed load for: 'res://assets/art/effects/tianji/fire_rain/meteor/062 MYNSZD E53209_15.png' remapped 'res://assets/art/effects/tianji/fire_rain/meteor/062 MYNSZD E53209_15.png' at thread -1
Loading resource: res://assets/art/effects/tianji/fire_rain/meteor/062 MYNSZD E53209_16.png remapped: res://assets/art/effects/tianji/fire_rain/meteor/062 MYNSZD E53209_16.png
Loading resource: res://.godot/imported/062 MYNSZD E53209_16.png-363550ced31dfd908831d371d781bfa0.ctex remapped: res://.godot/imported/062 MYNSZD E53209_16.png-363550ced31dfd908831d371d781bfa0.ctex
Completed load for: 'res://assets/art/effects/tianji/fire_rain/meteor/062 MYNSZD E53209_16.png' remapped 'res://assets/art/effects/tianji/fire_rain/meteor/062 MYNSZD E53209_16.png' at thread -1
Loading resource: res://assets/art/effects/tianji/fire_rain/meteor/062 MYNSZD E53209_17.png remapped: res://assets/art/effects/tianji/fire_rain/meteor/062 MYNSZD E53209_17.png
Loading resource: res://.godot/imported/062 MYNSZD E53209_17.png-ab14ef0879b29094724ec68d18c7c382.ctex remapped: res://.godot/imported/062 MYNSZD E53209_17.png-ab14ef0879b29094724ec68d18c7c382.ctex
Completed load for: 'res://assets/art/effects/tianji/fire_rain/meteor/062 MYNSZD E53209_17.png' remapped 'res://assets/art/effects/tianji/fire_rain/meteor/062 MYNSZD E53209_17.png' at thread -1
Loading resource: res://assets/art/effects/tianji/fire_rain/meteor/062 MYNSZD E53209_18.png remapped: res://assets/art/effects/tianji/fire_rain/meteor/062 MYNSZD E53209_18.png
Loading resource: res://.godot/imported/062 MYNSZD E53209_18.png-86ab1342a619e49f34e2c29dde64b8ca.ctex remapped: res://.godot/imported/062 MYNSZD E53209_18.png-86ab1342a619e49f34e2c29dde64b8ca.ctex
Completed load for: 'res://assets/art/effects/tianji/fire_rain/meteor/062 MYNSZD E53209_18.png' remapped 'res://assets/art/effects/tianji/fire_rain/meteor/062 MYNSZD E53209_18.png' at thread -1
Loading resource: res://assets/art/effects/tianji/fire_rain/meteor/062 MYNSZD E53209_19.png remapped: res://assets/art/effects/tianji/fire_rain/meteor/062 MYNSZD E53209_19.png
Loading resource: res://.godot/imported/062 MYNSZD E53209_19.png-3c9668213a1f110b7102b0ca48ac6dea.ctex remapped: res://.godot/imported/062 MYNSZD E53209_19.png-3c9668213a1f110b7102b0ca48ac6dea.ctex
Completed load for: 'res://assets/art/effects/tianji/fire_rain/meteor/062 MYNSZD E53209_19.png' remapped 'res://assets/art/effects/tianji/fire_rain/meteor/062 MYNSZD E53209_19.png' at thread -1
Loading resource: res://assets/art/effects/tianji/fire_rain/meteor/062 MYNSZD E53209_20.png remapped: res://assets/art/effects/tianji/fire_rain/meteor/062 MYNSZD E53209_20.png
Loading resource: res://.godot/imported/062 MYNSZD E53209_20.png-2f407931f556bb10ad63df85990b24d4.ctex remapped: res://.godot/imported/062 MYNSZD E53209_20.png-2f407931f556bb10ad63df85990b24d4.ctex
Completed load for: 'res://assets/art/effects/tianji/fire_rain/meteor/062 MYNSZD E53209_20.png' remapped 'res://assets/art/effects/tianji/fire_rain/meteor/062 MYNSZD E53209_20.png' at thread -1
Loading resource: res://assets/art/effects/tianji/fire_rain/meteor/062 MYNSZD E53209_21.png remapped: res://assets/art/effects/tianji/fire_rain/meteor/062 MYNSZD E53209_21.png
Loading resource: res://.godot/imported/062 MYNSZD E53209_21.png-321dacb2905ac7509194a1f184010232.ctex remapped: res://.godot/imported/062 MYNSZD E53209_21.png-321dacb2905ac7509194a1f184010232.ctex
Completed load for: 'res://assets/art/effects/tianji/fire_rain/meteor/062 MYNSZD E53209_21.png' remapped 'res://assets/art/effects/tianji/fire_rain/meteor/062 MYNSZD E53209_21.png' at thread -1
Loading resource: res://assets/art/effects/tianji/fire_rain/meteor/062 MYNSZD E53209_22.png remapped: res://assets/art/effects/tianji/fire_rain/meteor/062 MYNSZD E53209_22.png
Loading resource: res://.godot/imported/062 MYNSZD E53209_22.png-1cbb8cc553e962a63a643ef84847423a.ctex remapped: res://.godot/imported/062 MYNSZD E53209_22.png-1cbb8cc553e962a63a643ef84847423a.ctex
Completed load for: 'res://assets/art/effects/tianji/fire_rain/meteor/062 MYNSZD E53209_22.png' remapped 'res://assets/art/effects/tianji/fire_rain/meteor/062 MYNSZD E53209_22.png' at thread -1
Loading resource: res://assets/art/effects/tianji/fire_rain/meteor/062 MYNSZD E53209_23.png remapped: res://assets/art/effects/tianji/fire_rain/meteor/062 MYNSZD E53209_23.png
Loading resource: res://.godot/imported/062 MYNSZD E53209_23.png-a25028174c53074925bc7483387b7aa4.ctex remapped: res://.godot/imported/062 MYNSZD E53209_23.png-a25028174c53074925bc7483387b7aa4.ctex
Completed load for: 'res://assets/art/effects/tianji/fire_rain/meteor/062 MYNSZD E53209_23.png' remapped 'res://assets/art/effects/tianji/fire_rain/meteor/062 MYNSZD E53209_23.png' at thread -1
Loading resource: res://assets/art/effects/tianji/fire_rain/meteor/062 MYNSZD E53209_24.png remapped: res://assets/art/effects/tianji/fire_rain/meteor/062 MYNSZD E53209_24.png
Loading resource: res://.godot/imported/062 MYNSZD E53209_24.png-16740bd317655df07d49f4cfd9103f61.ctex remapped: res://.godot/imported/062 MYNSZD E53209_24.png-16740bd317655df07d49f4cfd9103f61.ctex
Completed load for: 'res://assets/art/effects/tianji/fire_rain/meteor/062 MYNSZD E53209_24.png' remapped 'res://assets/art/effects/tianji/fire_rain/meteor/062 MYNSZD E53209_24.png' at thread -1
Loading resource: res://assets/art/effects/tianji/fire_rain/meteor/062 MYNSZD E53209_25.png remapped: res://assets/art/effects/tianji/fire_rain/meteor/062 MYNSZD E53209_25.png
Loading resource: res://.godot/imported/062 MYNSZD E53209_25.png-844ae8b3d4c6eb7725cb22de69e86780.ctex remapped: res://.godot/imported/062 MYNSZD E53209_25.png-844ae8b3d4c6eb7725cb22de69e86780.ctex
Completed load for: 'res://assets/art/effects/tianji/fire_rain/meteor/062 MYNSZD E53209_25.png' remapped 'res://assets/art/effects/tianji/fire_rain/meteor/062 MYNSZD E53209_25.png' at thread -1
Loading resource: res://assets/art/effects/tianji/fire_rain/meteor/062 MYNSZD E53209_26.png remapped: res://assets/art/effects/tianji/fire_rain/meteor/062 MYNSZD E53209_26.png
Loading resource: res://.godot/imported/062 MYNSZD E53209_26.png-ee263220bac3c735ce2b8bb75521a0b4.ctex remapped: res://.godot/imported/062 MYNSZD E53209_26.png-ee263220bac3c735ce2b8bb75521a0b4.ctex
Completed load for: 'res://assets/art/effects/tianji/fire_rain/meteor/062 MYNSZD E53209_26.png' remapped 'res://assets/art/effects/tianji/fire_rain/meteor/062 MYNSZD E53209_26.png' at thread -1
Loading resource: res://assets/art/effects/tianji/fire_rain/meteor/062 MYNSZD E53209_27.png remapped: res://assets/art/effects/tianji/fire_rain/meteor/062 MYNSZD E53209_27.png
Loading resource: res://.godot/imported/062 MYNSZD E53209_27.png-cd593269700648b1916428792fc75bde.ctex remapped: res://.godot/imported/062 MYNSZD E53209_27.png-cd593269700648b1916428792fc75bde.ctex
Completed load for: 'res://assets/art/effects/tianji/fire_rain/meteor/062 MYNSZD E53209_27.png' remapped 'res://assets/art/effects/tianji/fire_rain/meteor/062 MYNSZD E53209_27.png' at thread -1
Loading resource: res://assets/art/effects/tianji/fire_rain/meteor/062 MYNSZD E53209_28.png remapped: res://assets/art/effects/tianji/fire_rain/meteor/062 MYNSZD E53209_28.png
Loading resource: res://.godot/imported/062 MYNSZD E53209_28.png-8d8aa57f98f31cfdd0583b52f5d9dea3.ctex remapped: res://.godot/imported/062 MYNSZD E53209_28.png-8d8aa57f98f31cfdd0583b52f5d9dea3.ctex
Completed load for: 'res://assets/art/effects/tianji/fire_rain/meteor/062 MYNSZD E53209_28.png' remapped 'res://assets/art/effects/tianji/fire_rain/meteor/062 MYNSZD E53209_28.png' at thread -1
Loading resource: res://assets/art/effects/tianji/fire_rain/meteor/062 MYNSZD E53209_29.png remapped: res://assets/art/effects/tianji/fire_rain/meteor/062 MYNSZD E53209_29.png
Loading resource: res://.godot/imported/062 MYNSZD E53209_29.png-13ed8dad96a0be2d1f67a32f564ba33b.ctex remapped: res://.godot/imported/062 MYNSZD E53209_29.png-13ed8dad96a0be2d1f67a32f564ba33b.ctex
Completed load for: 'res://assets/art/effects/tianji/fire_rain/meteor/062 MYNSZD E53209_29.png' remapped 'res://assets/art/effects/tianji/fire_rain/meteor/062 MYNSZD E53209_29.png' at thread -1
Loading resource: res://assets/art/effects/tianji/fire_rain/meteor/062 MYNSZD E53209_30.png remapped: res://assets/art/effects/tianji/fire_rain/meteor/062 MYNSZD E53209_30.png
Loading resource: res://.godot/imported/062 MYNSZD E53209_30.png-21521c3334399782872c27b42b494b9d.ctex remapped: res://.godot/imported/062 MYNSZD E53209_30.png-21521c3334399782872c27b42b494b9d.ctex
Completed load for: 'res://assets/art/effects/tianji/fire_rain/meteor/062 MYNSZD E53209_30.png' remapped 'res://assets/art/effects/tianji/fire_rain/meteor/062 MYNSZD E53209_30.png' at thread -1
Loading resource: res://assets/art/effects/tianji/fire_rain/meteor/062 MYNSZD E53209_31.png remapped: res://assets/art/effects/tianji/fire_rain/meteor/062 MYNSZD E53209_31.png
Loading resource: res://.godot/imported/062 MYNSZD E53209_31.png-dbda33afde390a1b3852f60cbb05ea91.ctex remapped: res://.godot/imported/062 MYNSZD E53209_31.png-dbda33afde390a1b3852f60cbb05ea91.ctex
Completed load for: 'res://assets/art/effects/tianji/fire_rain/meteor/062 MYNSZD E53209_31.png' remapped 'res://assets/art/effects/tianji/fire_rain/meteor/062 MYNSZD E53209_31.png' at thread -1
Loading resource: res://assets/art/effects/tianji/fire_rain/meteor/062 MYNSZD E53209_32.png remapped: res://assets/art/effects/tianji/fire_rain/meteor/062 MYNSZD E53209_32.png
Loading resource: res://.godot/imported/062 MYNSZD E53209_32.png-0ab682d83a2e38b173af7cc811c7e7f6.ctex remapped: res://.godot/imported/062 MYNSZD E53209_32.png-0ab682d83a2e38b173af7cc811c7e7f6.ctex
Completed load for: 'res://assets/art/effects/tianji/fire_rain/meteor/062 MYNSZD E53209_32.png' remapped 'res://assets/art/effects/tianji/fire_rain/meteor/062 MYNSZD E53209_32.png' at thread -1
Loading resource: res://assets/art/effects/tianji/fire_rain/meteor/062 MYNSZD E53209_33.png remapped: res://assets/art/effects/tianji/fire_rain/meteor/062 MYNSZD E53209_33.png
Loading resource: res://.godot/imported/062 MYNSZD E53209_33.png-08dfa9ad0ad344f2d3e69fef20fc24f9.ctex remapped: res://.godot/imported/062 MYNSZD E53209_33.png-08dfa9ad0ad344f2d3e69fef20fc24f9.ctex
Completed load for: 'res://assets/art/effects/tianji/fire_rain/meteor/062 MYNSZD E53209_33.png' remapped 'res://assets/art/effects/tianji/fire_rain/meteor/062 MYNSZD E53209_33.png' at thread -1
Loading resource: res://assets/art/effects/tianji/fire_rain/meteor/062 MYNSZD E53209_34.png remapped: res://assets/art/effects/tianji/fire_rain/meteor/062 MYNSZD E53209_34.png
Loading resource: res://.godot/imported/062 MYNSZD E53209_34.png-309d5769f745705d79519b67fbde5853.ctex remapped: res://.godot/imported/062 MYNSZD E53209_34.png-309d5769f745705d79519b67fbde5853.ctex
Completed load for: 'res://assets/art/effects/tianji/fire_rain/meteor/062 MYNSZD E53209_34.png' remapped 'res://assets/art/effects/tianji/fire_rain/meteor/062 MYNSZD E53209_34.png' at thread -1
Loading resource: res://assets/art/effects/tianji/fire_rain/meteor/062 MYNSZD E53209_35.png remapped: res://assets/art/effects/tianji/fire_rain/meteor/062 MYNSZD E53209_35.png
Loading resource: res://.godot/imported/062 MYNSZD E53209_35.png-c34e178a6c817392d9cb65676333e35a.ctex remapped: res://.godot/imported/062 MYNSZD E53209_35.png-c34e178a6c817392d9cb65676333e35a.ctex
Completed load for: 'res://assets/art/effects/tianji/fire_rain/meteor/062 MYNSZD E53209_35.png' remapped 'res://assets/art/effects/tianji/fire_rain/meteor/062 MYNSZD E53209_35.png' at thread -1
Loading resource: res://assets/art/effects/tianji/fire_rain/meteor/062 MYNSZD E53209_36.png remapped: res://assets/art/effects/tianji/fire_rain/meteor/062 MYNSZD E53209_36.png
Loading resource: res://.godot/imported/062 MYNSZD E53209_36.png-6d8f9e321c4a82160e1cad5773e45180.ctex remapped: res://.godot/imported/062 MYNSZD E53209_36.png-6d8f9e321c4a82160e1cad5773e45180.ctex
Completed load for: 'res://assets/art/effects/tianji/fire_rain/meteor/062 MYNSZD E53209_36.png' remapped 'res://assets/art/effects/tianji/fire_rain/meteor/062 MYNSZD E53209_36.png' at thread -1
Loading resource: res://assets/art/effects/tianji/fire_rain/meteor/062 MYNSZD E53209_37.png remapped: res://assets/art/effects/tianji/fire_rain/meteor/062 MYNSZD E53209_37.png
Loading resource: res://.godot/imported/062 MYNSZD E53209_37.png-86dd9b4cb3066a88a6105c8cff260e7b.ctex remapped: res://.godot/imported/062 MYNSZD E53209_37.png-86dd9b4cb3066a88a6105c8cff260e7b.ctex
Completed load for: 'res://assets/art/effects/tianji/fire_rain/meteor/062 MYNSZD E53209_37.png' remapped 'res://assets/art/effects/tianji/fire_rain/meteor/062 MYNSZD E53209_37.png' at thread -1
Loading resource: res://assets/art/effects/tianji/fire_rain/meteor/062 MYNSZD E53209_38.png remapped: res://assets/art/effects/tianji/fire_rain/meteor/062 MYNSZD E53209_38.png
Loading resource: res://.godot/imported/062 MYNSZD E53209_38.png-8a617e515c1a64fb3c736cefe9f4d772.ctex remapped: res://.godot/imported/062 MYNSZD E53209_38.png-8a617e515c1a64fb3c736cefe9f4d772.ctex
Completed load for: 'res://assets/art/effects/tianji/fire_rain/meteor/062 MYNSZD E53209_38.png' remapped 'res://assets/art/effects/tianji/fire_rain/meteor/062 MYNSZD E53209_38.png' at thread -1
Loading resource: res://assets/art/effects/tianji/fire_rain/meteor/062 MYNSZD E53209_39.png remapped: res://assets/art/effects/tianji/fire_rain/meteor/062 MYNSZD E53209_39.png
Loading resource: res://.godot/imported/062 MYNSZD E53209_39.png-60de6ca4043a0d39dcafd0f8e6339adc.ctex remapped: res://.godot/imported/062 MYNSZD E53209_39.png-60de6ca4043a0d39dcafd0f8e6339adc.ctex
Completed load for: 'res://assets/art/effects/tianji/fire_rain/meteor/062 MYNSZD E53209_39.png' remapped 'res://assets/art/effects/tianji/fire_rain/meteor/062 MYNSZD E53209_39.png' at thread -1
Loading resource: res://assets/art/effects/tianji/fire_rain/meteor/062 MYNSZD E53209_40.png remapped: res://assets/art/effects/tianji/fire_rain/meteor/062 MYNSZD E53209_40.png
Loading resource: res://.godot/imported/062 MYNSZD E53209_40.png-4c35e1378fd051c7484cd7f51b293763.ctex remapped: res://.godot/imported/062 MYNSZD E53209_40.png-4c35e1378fd051c7484cd7f51b293763.ctex
Completed load for: 'res://assets/art/effects/tianji/fire_rain/meteor/062 MYNSZD E53209_40.png' remapped 'res://assets/art/effects/tianji/fire_rain/meteor/062 MYNSZD E53209_40.png' at thread -1
Loading resource: res://assets/art/effects/tianji/fire_rain/meteor/062 MYNSZD E53209_41.png remapped: res://assets/art/effects/tianji/fire_rain/meteor/062 MYNSZD E53209_41.png
Loading resource: res://.godot/imported/062 MYNSZD E53209_41.png-85d18e497c0c7be380e660f808b831aa.ctex remapped: res://.godot/imported/062 MYNSZD E53209_41.png-85d18e497c0c7be380e660f808b831aa.ctex
Completed load for: 'res://assets/art/effects/tianji/fire_rain/meteor/062 MYNSZD E53209_41.png' remapped 'res://assets/art/effects/tianji/fire_rain/meteor/062 MYNSZD E53209_41.png' at thread -1
Loading resource: res://assets/art/effects/tianji/fire_rain/meteor/062 MYNSZD E53209_42.png remapped: res://assets/art/effects/tianji/fire_rain/meteor/062 MYNSZD E53209_42.png
Loading resource: res://.godot/imported/062 MYNSZD E53209_42.png-bee1e92984a0cfd689277f5629d09923.ctex remapped: res://.godot/imported/062 MYNSZD E53209_42.png-bee1e92984a0cfd689277f5629d09923.ctex
Completed load for: 'res://assets/art/effects/tianji/fire_rain/meteor/062 MYNSZD E53209_42.png' remapped 'res://assets/art/effects/tianji/fire_rain/meteor/062 MYNSZD E53209_42.png' at thread -1
Loading resource: res://assets/art/effects/tianji/fire_rain/meteor/062 MYNSZD E53209_43.png remapped: res://assets/art/effects/tianji/fire_rain/meteor/062 MYNSZD E53209_43.png
Loading resource: res://.godot/imported/062 MYNSZD E53209_43.png-c9845cd749cab4412f65b9d4d322b5b5.ctex remapped: res://.godot/imported/062 MYNSZD E53209_43.png-c9845cd749cab4412f65b9d4d322b5b5.ctex
Completed load for: 'res://assets/art/effects/tianji/fire_rain/meteor/062 MYNSZD E53209_43.png' remapped 'res://assets/art/effects/tianji/fire_rain/meteor/062 MYNSZD E53209_43.png' at thread -1
Loading resource: res://assets/art/effects/tianji/fire_rain/meteor/062 MYNSZD E53209_44.png remapped: res://assets/art/effects/tianji/fire_rain/meteor/062 MYNSZD E53209_44.png
Loading resource: res://.godot/imported/062 MYNSZD E53209_44.png-9e5f1cb2fd2bf95e24d5c04555a338c7.ctex remapped: res://.godot/imported/062 MYNSZD E53209_44.png-9e5f1cb2fd2bf95e24d5c04555a338c7.ctex
Completed load for: 'res://assets/art/effects/tianji/fire_rain/meteor/062 MYNSZD E53209_44.png' remapped 'res://assets/art/effects/tianji/fire_rain/meteor/062 MYNSZD E53209_44.png' at thread -1
Loading resource: res://assets/art/effects/tianji/fire_rain/meteor/062 MYNSZD E53209_45.png remapped: res://assets/art/effects/tianji/fire_rain/meteor/062 MYNSZD E53209_45.png
Loading resource: res://.godot/imported/062 MYNSZD E53209_45.png-65b6220d5664ed4b4f8c9529cae9b44c.ctex remapped: res://.godot/imported/062 MYNSZD E53209_45.png-65b6220d5664ed4b4f8c9529cae9b44c.ctex
Completed load for: 'res://assets/art/effects/tianji/fire_rain/meteor/062 MYNSZD E53209_45.png' remapped 'res://assets/art/effects/tianji/fire_rain/meteor/062 MYNSZD E53209_45.png' at thread -1
Loading resource: res://assets/art/effects/tianji/fire_rain/meteor/062 MYNSZD E53209_46.png remapped: res://assets/art/effects/tianji/fire_rain/meteor/062 MYNSZD E53209_46.png
Loading resource: res://.godot/imported/062 MYNSZD E53209_46.png-72322d7bdf0a4038a506e279ce653512.ctex remapped: res://.godot/imported/062 MYNSZD E53209_46.png-72322d7bdf0a4038a506e279ce653512.ctex
Completed load for: 'res://assets/art/effects/tianji/fire_rain/meteor/062 MYNSZD E53209_46.png' remapped 'res://assets/art/effects/tianji/fire_rain/meteor/062 MYNSZD E53209_46.png' at thread -1
Loading resource: res://assets/art/effects/tianji/fire_rain/meteor_final/055 MYNSZD E53202_00.png remapped: res://assets/art/effects/tianji/fire_rain/meteor_final/055 MYNSZD E53202_00.png
Loading resource: res://.godot/imported/055 MYNSZD E53202_00.png-b3a56fbbb714261d09fc90a898a61478.ctex remapped: res://.godot/imported/055 MYNSZD E53202_00.png-b3a56fbbb714261d09fc90a898a61478.ctex
Completed load for: 'res://assets/art/effects/tianji/fire_rain/meteor_final/055 MYNSZD E53202_00.png' remapped 'res://assets/art/effects/tianji/fire_rain/meteor_final/055 MYNSZD E53202_00.png' at thread -1
Loading resource: res://assets/art/effects/tianji/fire_rain/meteor_final/055 MYNSZD E53202_01.png remapped: res://assets/art/effects/tianji/fire_rain/meteor_final/055 MYNSZD E53202_01.png
Loading resource: res://.godot/imported/055 MYNSZD E53202_01.png-22a22734964d02b4df1fc3faf48f3846.ctex remapped: res://.godot/imported/055 MYNSZD E53202_01.png-22a22734964d02b4df1fc3faf48f3846.ctex
Completed load for: 'res://assets/art/effects/tianji/fire_rain/meteor_final/055 MYNSZD E53202_01.png' remapped 'res://assets/art/effects/tianji/fire_rain/meteor_final/055 MYNSZD E53202_01.png' at thread -1
Loading resource: res://assets/art/effects/tianji/fire_rain/meteor_final/055 MYNSZD E53202_02.png remapped: res://assets/art/effects/tianji/fire_rain/meteor_final/055 MYNSZD E53202_02.png
Loading resource: res://.godot/imported/055 MYNSZD E53202_02.png-64b7fa5a40ae928e340c6130f689a66c.ctex remapped: res://.godot/imported/055 MYNSZD E53202_02.png-64b7fa5a40ae928e340c6130f689a66c.ctex
Completed load for: 'res://assets/art/effects/tianji/fire_rain/meteor_final/055 MYNSZD E53202_02.png' remapped 'res://assets/art/effects/tianji/fire_rain/meteor_final/055 MYNSZD E53202_02.png' at thread -1
Loading resource: res://assets/art/effects/tianji/fire_rain/meteor_final/055 MYNSZD E53202_03.png remapped: res://assets/art/effects/tianji/fire_rain/meteor_final/055 MYNSZD E53202_03.png
Loading resource: res://.godot/imported/055 MYNSZD E53202_03.png-14ac86ce6299bd04cb76bd55082f331d.ctex remapped: res://.godot/imported/055 MYNSZD E53202_03.png-14ac86ce6299bd04cb76bd55082f331d.ctex
Completed load for: 'res://assets/art/effects/tianji/fire_rain/meteor_final/055 MYNSZD E53202_03.png' remapped 'res://assets/art/effects/tianji/fire_rain/meteor_final/055 MYNSZD E53202_03.png' at thread -1
Loading resource: res://assets/art/effects/tianji/fire_rain/meteor_final/055 MYNSZD E53202_04.png remapped: res://assets/art/effects/tianji/fire_rain/meteor_final/055 MYNSZD E53202_04.png
Loading resource: res://.godot/imported/055 MYNSZD E53202_04.png-54f1387392512c71c2b54a4729f10b99.ctex remapped: res://.godot/imported/055 MYNSZD E53202_04.png-54f1387392512c71c2b54a4729f10b99.ctex
Completed load for: 'res://assets/art/effects/tianji/fire_rain/meteor_final/055 MYNSZD E53202_04.png' remapped 'res://assets/art/effects/tianji/fire_rain/meteor_final/055 MYNSZD E53202_04.png' at thread -1
Loading resource: res://assets/art/effects/tianji/fire_rain/meteor_final/055 MYNSZD E53202_05.png remapped: res://assets/art/effects/tianji/fire_rain/meteor_final/055 MYNSZD E53202_05.png
Loading resource: res://.godot/imported/055 MYNSZD E53202_05.png-60db613fe4ec615c0c41b06f54efb55f.ctex remapped: res://.godot/imported/055 MYNSZD E53202_05.png-60db613fe4ec615c0c41b06f54efb55f.ctex
Completed load for: 'res://assets/art/effects/tianji/fire_rain/meteor_final/055 MYNSZD E53202_05.png' remapped 'res://assets/art/effects/tianji/fire_rain/meteor_final/055 MYNSZD E53202_05.png' at thread -1
Loading resource: res://assets/art/effects/tianji/fire_rain/meteor_final/055 MYNSZD E53202_06.png remapped: res://assets/art/effects/tianji/fire_rain/meteor_final/055 MYNSZD E53202_06.png
Loading resource: res://.godot/imported/055 MYNSZD E53202_06.png-c64fbc1a19c0f85a6e280e7e0e897257.ctex remapped: res://.godot/imported/055 MYNSZD E53202_06.png-c64fbc1a19c0f85a6e280e7e0e897257.ctex
Completed load for: 'res://assets/art/effects/tianji/fire_rain/meteor_final/055 MYNSZD E53202_06.png' remapped 'res://assets/art/effects/tianji/fire_rain/meteor_final/055 MYNSZD E53202_06.png' at thread -1
Loading resource: res://assets/art/effects/tianji/fire_rain/meteor_final/055 MYNSZD E53202_07.png remapped: res://assets/art/effects/tianji/fire_rain/meteor_final/055 MYNSZD E53202_07.png
Loading resource: res://.godot/imported/055 MYNSZD E53202_07.png-f8fb1b33736bb4ab2e3e88771acdfd0b.ctex remapped: res://.godot/imported/055 MYNSZD E53202_07.png-f8fb1b33736bb4ab2e3e88771acdfd0b.ctex
Completed load for: 'res://assets/art/effects/tianji/fire_rain/meteor_final/055 MYNSZD E53202_07.png' remapped 'res://assets/art/effects/tianji/fire_rain/meteor_final/055 MYNSZD E53202_07.png' at thread -1
Loading resource: res://assets/art/effects/tianji/fire_rain/meteor_final/055 MYNSZD E53202_08.png remapped: res://assets/art/effects/tianji/fire_rain/meteor_final/055 MYNSZD E53202_08.png
Loading resource: res://.godot/imported/055 MYNSZD E53202_08.png-35a856cffac052162fae5995bd3d3cde.ctex remapped: res://.godot/imported/055 MYNSZD E53202_08.png-35a856cffac052162fae5995bd3d3cde.ctex
Completed load for: 'res://assets/art/effects/tianji/fire_rain/meteor_final/055 MYNSZD E53202_08.png' remapped 'res://assets/art/effects/tianji/fire_rain/meteor_final/055 MYNSZD E53202_08.png' at thread -1
Loading resource: res://assets/art/effects/tianji/fire_rain/meteor_final/055 MYNSZD E53202_09.png remapped: res://assets/art/effects/tianji/fire_rain/meteor_final/055 MYNSZD E53202_09.png
Loading resource: res://.godot/imported/055 MYNSZD E53202_09.png-d1a8600b3c3281e8dcebdc279c754c8d.ctex remapped: res://.godot/imported/055 MYNSZD E53202_09.png-d1a8600b3c3281e8dcebdc279c754c8d.ctex
Completed load for: 'res://assets/art/effects/tianji/fire_rain/meteor_final/055 MYNSZD E53202_09.png' remapped 'res://assets/art/effects/tianji/fire_rain/meteor_final/055 MYNSZD E53202_09.png' at thread -1
Loading resource: res://assets/art/effects/tianji/fire_rain/meteor_final/055 MYNSZD E53202_10.png remapped: res://assets/art/effects/tianji/fire_rain/meteor_final/055 MYNSZD E53202_10.png
Loading resource: res://.godot/imported/055 MYNSZD E53202_10.png-e3af1697efee47bb579eeeca40de1feb.ctex remapped: res://.godot/imported/055 MYNSZD E53202_10.png-e3af1697efee47bb579eeeca40de1feb.ctex
Completed load for: 'res://assets/art/effects/tianji/fire_rain/meteor_final/055 MYNSZD E53202_10.png' remapped 'res://assets/art/effects/tianji/fire_rain/meteor_final/055 MYNSZD E53202_10.png' at thread -1
Loading resource: res://assets/art/effects/tianji/fire_rain/meteor_final/055 MYNSZD E53202_11.png remapped: res://assets/art/effects/tianji/fire_rain/meteor_final/055 MYNSZD E53202_11.png
Loading resource: res://.godot/imported/055 MYNSZD E53202_11.png-cbd275a6a4f1c7006e958e3d23525899.ctex remapped: res://.godot/imported/055 MYNSZD E53202_11.png-cbd275a6a4f1c7006e958e3d23525899.ctex
Completed load for: 'res://assets/art/effects/tianji/fire_rain/meteor_final/055 MYNSZD E53202_11.png' remapped 'res://assets/art/effects/tianji/fire_rain/meteor_final/055 MYNSZD E53202_11.png' at thread -1
Loading resource: res://assets/art/effects/tianji/fire_rain/meteor_final/055 MYNSZD E53202_12.png remapped: res://assets/art/effects/tianji/fire_rain/meteor_final/055 MYNSZD E53202_12.png
Loading resource: res://.godot/imported/055 MYNSZD E53202_12.png-1a230da1e4b97cf92568e200275cdae4.ctex remapped: res://.godot/imported/055 MYNSZD E53202_12.png-1a230da1e4b97cf92568e200275cdae4.ctex
Completed load for: 'res://assets/art/effects/tianji/fire_rain/meteor_final/055 MYNSZD E53202_12.png' remapped 'res://assets/art/effects/tianji/fire_rain/meteor_final/055 MYNSZD E53202_12.png' at thread -1
Loading resource: res://assets/art/effects/tianji/fire_rain/meteor_final/055 MYNSZD E53202_13.png remapped: res://assets/art/effects/tianji/fire_rain/meteor_final/055 MYNSZD E53202_13.png
Loading resource: res://.godot/imported/055 MYNSZD E53202_13.png-92ead7cf2480d1f51650d9fa869fa53d.ctex remapped: res://.godot/imported/055 MYNSZD E53202_13.png-92ead7cf2480d1f51650d9fa869fa53d.ctex
Completed load for: 'res://assets/art/effects/tianji/fire_rain/meteor_final/055 MYNSZD E53202_13.png' remapped 'res://assets/art/effects/tianji/fire_rain/meteor_final/055 MYNSZD E53202_13.png' at thread -1
Loading resource: res://assets/art/effects/tianji/fire_rain/meteor_final/055 MYNSZD E53202_14.png remapped: res://assets/art/effects/tianji/fire_rain/meteor_final/055 MYNSZD E53202_14.png
Loading resource: res://.godot/imported/055 MYNSZD E53202_14.png-4cec3b7dd27a2de27936d2b5d9448224.ctex remapped: res://.godot/imported/055 MYNSZD E53202_14.png-4cec3b7dd27a2de27936d2b5d9448224.ctex
Completed load for: 'res://assets/art/effects/tianji/fire_rain/meteor_final/055 MYNSZD E53202_14.png' remapped 'res://assets/art/effects/tianji/fire_rain/meteor_final/055 MYNSZD E53202_14.png' at thread -1
Loading resource: res://assets/art/effects/tianji/fire_rain/meteor_final/055 MYNSZD E53202_15.png remapped: res://assets/art/effects/tianji/fire_rain/meteor_final/055 MYNSZD E53202_15.png
Loading resource: res://.godot/imported/055 MYNSZD E53202_15.png-b01aa5e62086a1d0a9155c087854f15a.ctex remapped: res://.godot/imported/055 MYNSZD E53202_15.png-b01aa5e62086a1d0a9155c087854f15a.ctex
Completed load for: 'res://assets/art/effects/tianji/fire_rain/meteor_final/055 MYNSZD E53202_15.png' remapped 'res://assets/art/effects/tianji/fire_rain/meteor_final/055 MYNSZD E53202_15.png' at thread -1
Loading resource: res://assets/art/effects/tianji/fire_rain/meteor_final/055 MYNSZD E53202_16.png remapped: res://assets/art/effects/tianji/fire_rain/meteor_final/055 MYNSZD E53202_16.png
Loading resource: res://.godot/imported/055 MYNSZD E53202_16.png-5c4311d2ffee19296b9d0d0cfa4da9a2.ctex remapped: res://.godot/imported/055 MYNSZD E53202_16.png-5c4311d2ffee19296b9d0d0cfa4da9a2.ctex
Completed load for: 'res://assets/art/effects/tianji/fire_rain/meteor_final/055 MYNSZD E53202_16.png' remapped 'res://assets/art/effects/tianji/fire_rain/meteor_final/055 MYNSZD E53202_16.png' at thread -1
Loading resource: res://assets/art/effects/tianji/fire_rain/meteor_final/055 MYNSZD E53202_17.png remapped: res://assets/art/effects/tianji/fire_rain/meteor_final/055 MYNSZD E53202_17.png
Loading resource: res://.godot/imported/055 MYNSZD E53202_17.png-f9b08171c09af6e03c430b046b85ce65.ctex remapped: res://.godot/imported/055 MYNSZD E53202_17.png-f9b08171c09af6e03c430b046b85ce65.ctex
Completed load for: 'res://assets/art/effects/tianji/fire_rain/meteor_final/055 MYNSZD E53202_17.png' remapped 'res://assets/art/effects/tianji/fire_rain/meteor_final/055 MYNSZD E53202_17.png' at thread -1
Loading resource: res://assets/art/effects/tianji/fire_rain/meteor_final/055 MYNSZD E53202_18.png remapped: res://assets/art/effects/tianji/fire_rain/meteor_final/055 MYNSZD E53202_18.png
Loading resource: res://.godot/imported/055 MYNSZD E53202_18.png-c0d21923b3b3991d6171eec2a84e14db.ctex remapped: res://.godot/imported/055 MYNSZD E53202_18.png-c0d21923b3b3991d6171eec2a84e14db.ctex
Completed load for: 'res://assets/art/effects/tianji/fire_rain/meteor_final/055 MYNSZD E53202_18.png' remapped 'res://assets/art/effects/tianji/fire_rain/meteor_final/055 MYNSZD E53202_18.png' at thread -1
Loading resource: res://assets/art/effects/tianji/fire_rain/meteor_final/055 MYNSZD E53202_19.png remapped: res://assets/art/effects/tianji/fire_rain/meteor_final/055 MYNSZD E53202_19.png
Loading resource: res://.godot/imported/055 MYNSZD E53202_19.png-82c350f0f446db109fe026345ece0d72.ctex remapped: res://.godot/imported/055 MYNSZD E53202_19.png-82c350f0f446db109fe026345ece0d72.ctex
Completed load for: 'res://assets/art/effects/tianji/fire_rain/meteor_final/055 MYNSZD E53202_19.png' remapped 'res://assets/art/effects/tianji/fire_rain/meteor_final/055 MYNSZD E53202_19.png' at thread -1
Loading resource: res://assets/art/effects/tianji/fire_rain/meteor_final/055 MYNSZD E53202_20.png remapped: res://assets/art/effects/tianji/fire_rain/meteor_final/055 MYNSZD E53202_20.png
Loading resource: res://.godot/imported/055 MYNSZD E53202_20.png-ac1ae9aafe783f1b0a17b500c4cf60d4.ctex remapped: res://.godot/imported/055 MYNSZD E53202_20.png-ac1ae9aafe783f1b0a17b500c4cf60d4.ctex
Completed load for: 'res://assets/art/effects/tianji/fire_rain/meteor_final/055 MYNSZD E53202_20.png' remapped 'res://assets/art/effects/tianji/fire_rain/meteor_final/055 MYNSZD E53202_20.png' at thread -1
Loading resource: res://assets/art/effects/tianji/fire_rain/meteor_final/055 MYNSZD E53202_21.png remapped: res://assets/art/effects/tianji/fire_rain/meteor_final/055 MYNSZD E53202_21.png
Loading resource: res://.godot/imported/055 MYNSZD E53202_21.png-6b84537602246595b92ec4194d3ac3d4.ctex remapped: res://.godot/imported/055 MYNSZD E53202_21.png-6b84537602246595b92ec4194d3ac3d4.ctex
Completed load for: 'res://assets/art/effects/tianji/fire_rain/meteor_final/055 MYNSZD E53202_21.png' remapped 'res://assets/art/effects/tianji/fire_rain/meteor_final/055 MYNSZD E53202_21.png' at thread -1
Loading resource: res://assets/art/effects/tianji/fire_rain/meteor_final/055 MYNSZD E53202_22.png remapped: res://assets/art/effects/tianji/fire_rain/meteor_final/055 MYNSZD E53202_22.png
Loading resource: res://.godot/imported/055 MYNSZD E53202_22.png-ee404b978c0cc9cfc4fc0bb787701d8e.ctex remapped: res://.godot/imported/055 MYNSZD E53202_22.png-ee404b978c0cc9cfc4fc0bb787701d8e.ctex
Completed load for: 'res://assets/art/effects/tianji/fire_rain/meteor_final/055 MYNSZD E53202_22.png' remapped 'res://assets/art/effects/tianji/fire_rain/meteor_final/055 MYNSZD E53202_22.png' at thread -1
Loading resource: res://assets/art/effects/guan_yu/wushuang/1.png remapped: res://assets/art/effects/guan_yu/wushuang/1.png
Loading resource: res://.godot/imported/1.png-caa590d2fa67d3baf3b8cc86560af85d.ctex remapped: res://.godot/imported/1.png-caa590d2fa67d3baf3b8cc86560af85d.ctex
Completed load for: 'res://assets/art/effects/guan_yu/wushuang/1.png' remapped 'res://assets/art/effects/guan_yu/wushuang/1.png' at thread -1
Loading resource: res://assets/art/effects/guan_yu/wushuang/2.png remapped: res://assets/art/effects/guan_yu/wushuang/2.png
Loading resource: res://.godot/imported/2.png-6629c3aa5d28c2c12767fb99169640bc.ctex remapped: res://.godot/imported/2.png-6629c3aa5d28c2c12767fb99169640bc.ctex
Completed load for: 'res://assets/art/effects/guan_yu/wushuang/2.png' remapped 'res://assets/art/effects/guan_yu/wushuang/2.png' at thread -1
Loading resource: res://assets/art/effects/guan_yu/wushuang/3.png remapped: res://assets/art/effects/guan_yu/wushuang/3.png
Loading resource: res://.godot/imported/3.png-8f9aad13083f55636b94a84cd4bf553c.ctex remapped: res://.godot/imported/3.png-8f9aad13083f55636b94a84cd4bf553c.ctex
Completed load for: 'res://assets/art/effects/guan_yu/wushuang/3.png' remapped 'res://assets/art/effects/guan_yu/wushuang/3.png' at thread -1
Loading resource: res://assets/art/effects/guan_yu/wushuang/4.png remapped: res://assets/art/effects/guan_yu/wushuang/4.png
Loading resource: res://.godot/imported/4.png-c751f1fecd4e1c97af32627dcd374b31.ctex remapped: res://.godot/imported/4.png-c751f1fecd4e1c97af32627dcd374b31.ctex
Completed load for: 'res://assets/art/effects/guan_yu/wushuang/4.png' remapped 'res://assets/art/effects/guan_yu/wushuang/4.png' at thread -1
Loading resource: res://assets/art/effects/guan_yu/wushuang/5.png remapped: res://assets/art/effects/guan_yu/wushuang/5.png
Loading resource: res://.godot/imported/5.png-a457e99370bddfa4f1c6282975457025.ctex remapped: res://.godot/imported/5.png-a457e99370bddfa4f1c6282975457025.ctex
Completed load for: 'res://assets/art/effects/guan_yu/wushuang/5.png' remapped 'res://assets/art/effects/guan_yu/wushuang/5.png' at thread -1
Loading resource: res://assets/art/characters/ma_chao/sprites/attack_1/1.png remapped: res://assets/art/characters/ma_chao/sprites/attack_1/1.png
Loading resource: res://.godot/imported/1.png-4ef1ef17cc402b98cf568f2f8eac4117.ctex remapped: res://.godot/imported/1.png-4ef1ef17cc402b98cf568f2f8eac4117.ctex
Completed load for: 'res://assets/art/characters/ma_chao/sprites/attack_1/1.png' remapped 'res://assets/art/characters/ma_chao/sprites/attack_1/1.png' at thread -1
Loading resource: res://assets/art/characters/ma_chao/sprites/attack_1/2.png remapped: res://assets/art/characters/ma_chao/sprites/attack_1/2.png
Loading resource: res://.godot/imported/2.png-30a58fb89b418b38d7ed663be5d50662.ctex remapped: res://.godot/imported/2.png-30a58fb89b418b38d7ed663be5d50662.ctex
Completed load for: 'res://assets/art/characters/ma_chao/sprites/attack_1/2.png' remapped 'res://assets/art/characters/ma_chao/sprites/attack_1/2.png' at thread -1
Loading resource: res://assets/art/characters/ma_chao/sprites/attack_1/4.png remapped: res://assets/art/characters/ma_chao/sprites/attack_1/4.png
Loading resource: res://.godot/imported/4.png-65a76b4109a05257aab4e56a63c34e8a.ctex remapped: res://.godot/imported/4.png-65a76b4109a05257aab4e56a63c34e8a.ctex
Completed load for: 'res://assets/art/characters/ma_chao/sprites/attack_1/4.png' remapped 'res://assets/art/characters/ma_chao/sprites/attack_1/4.png' at thread -1
Loading resource: res://assets/art/characters/ma_chao/sprites/attack_1/5.png remapped: res://assets/art/characters/ma_chao/sprites/attack_1/5.png
Loading resource: res://.godot/imported/5.png-180bf2b6a85fe9f54c5a2dd285038414.ctex remapped: res://.godot/imported/5.png-180bf2b6a85fe9f54c5a2dd285038414.ctex
Completed load for: 'res://assets/art/characters/ma_chao/sprites/attack_1/5.png' remapped 'res://assets/art/characters/ma_chao/sprites/attack_1/5.png' at thread -1
Loading resource: res://assets/art/characters/ma_chao/sprites/attack_2/1.png remapped: res://assets/art/characters/ma_chao/sprites/attack_2/1.png
Loading resource: res://.godot/imported/1.png-fd62d2df0f1442d6f6763c7ae0134c47.ctex remapped: res://.godot/imported/1.png-fd62d2df0f1442d6f6763c7ae0134c47.ctex
Completed load for: 'res://assets/art/characters/ma_chao/sprites/attack_2/1.png' remapped 'res://assets/art/characters/ma_chao/sprites/attack_2/1.png' at thread -1
Loading resource: res://assets/art/characters/ma_chao/sprites/attack_2/2.png remapped: res://assets/art/characters/ma_chao/sprites/attack_2/2.png
Loading resource: res://.godot/imported/2.png-53d9245a62bf983779f7ee1dd123be8e.ctex remapped: res://.godot/imported/2.png-53d9245a62bf983779f7ee1dd123be8e.ctex
Completed load for: 'res://assets/art/characters/ma_chao/sprites/attack_2/2.png' remapped 'res://assets/art/characters/ma_chao/sprites/attack_2/2.png' at thread -1
Loading resource: res://assets/art/characters/ma_chao/sprites/attack_2/3.png remapped: res://assets/art/characters/ma_chao/sprites/attack_2/3.png
Loading resource: res://.godot/imported/3.png-23c1fcf2c2daba9bdff60904805c4340.ctex remapped: res://.godot/imported/3.png-23c1fcf2c2daba9bdff60904805c4340.ctex
Completed load for: 'res://assets/art/characters/ma_chao/sprites/attack_2/3.png' remapped 'res://assets/art/characters/ma_chao/sprites/attack_2/3.png' at thread -1
Loading resource: res://assets/art/characters/ma_chao/sprites/attack_2/4.png remapped: res://assets/art/characters/ma_chao/sprites/attack_2/4.png
Loading resource: res://.godot/imported/4.png-1a77184a94cd6644c9e17d02a8aaf8bd.ctex remapped: res://.godot/imported/4.png-1a77184a94cd6644c9e17d02a8aaf8bd.ctex
Completed load for: 'res://assets/art/characters/ma_chao/sprites/attack_2/4.png' remapped 'res://assets/art/characters/ma_chao/sprites/attack_2/4.png' at thread -1
Loading resource: res://assets/art/characters/ma_chao/sprites/attack_3/1.png remapped: res://assets/art/characters/ma_chao/sprites/attack_3/1.png
Loading resource: res://.godot/imported/1.png-ad3181ed97b203a9e981961c42e4b75f.ctex remapped: res://.godot/imported/1.png-ad3181ed97b203a9e981961c42e4b75f.ctex
Completed load for: 'res://assets/art/characters/ma_chao/sprites/attack_3/1.png' remapped 'res://assets/art/characters/ma_chao/sprites/attack_3/1.png' at thread -1
Loading resource: res://assets/art/characters/ma_chao/sprites/attack_3/2.png remapped: res://assets/art/characters/ma_chao/sprites/attack_3/2.png
Loading resource: res://.godot/imported/2.png-d0d208278d38b36d00734a7222b5c4f3.ctex remapped: res://.godot/imported/2.png-d0d208278d38b36d00734a7222b5c4f3.ctex
Completed load for: 'res://assets/art/characters/ma_chao/sprites/attack_3/2.png' remapped 'res://assets/art/characters/ma_chao/sprites/attack_3/2.png' at thread -1
Loading resource: res://assets/art/characters/ma_chao/sprites/attack_3/3.png remapped: res://assets/art/characters/ma_chao/sprites/attack_3/3.png
Loading resource: res://.godot/imported/3.png-df90cc599f13b238dfffdbbcb984f367.ctex remapped: res://.godot/imported/3.png-df90cc599f13b238dfffdbbcb984f367.ctex
Completed load for: 'res://assets/art/characters/ma_chao/sprites/attack_3/3.png' remapped 'res://assets/art/characters/ma_chao/sprites/attack_3/3.png' at thread -1
Loading resource: res://assets/art/characters/ma_chao/sprites/attack_3/4.png remapped: res://assets/art/characters/ma_chao/sprites/attack_3/4.png
Loading resource: res://.godot/imported/4.png-886f32d516feab600a162b4142ec593e.ctex remapped: res://.godot/imported/4.png-886f32d516feab600a162b4142ec593e.ctex
Completed load for: 'res://assets/art/characters/ma_chao/sprites/attack_3/4.png' remapped 'res://assets/art/characters/ma_chao/sprites/attack_3/4.png' at thread -1
Loading resource: res://assets/art/characters/ma_chao/sprites/attack_3/5.png remapped: res://assets/art/characters/ma_chao/sprites/attack_3/5.png
Loading resource: res://.godot/imported/5.png-f01ef4f9d86a05d9b8d7ab50ba2a03e8.ctex remapped: res://.godot/imported/5.png-f01ef4f9d86a05d9b8d7ab50ba2a03e8.ctex
Completed load for: 'res://assets/art/characters/ma_chao/sprites/attack_3/5.png' remapped 'res://assets/art/characters/ma_chao/sprites/attack_3/5.png' at thread -1
Loading resource: res://assets/art/characters/ma_chao/sprites/attack_3/6.png remapped: res://assets/art/characters/ma_chao/sprites/attack_3/6.png
Loading resource: res://.godot/imported/6.png-28ce8c615b94a6538c1cc901176abade.ctex remapped: res://.godot/imported/6.png-28ce8c615b94a6538c1cc901176abade.ctex
Completed load for: 'res://assets/art/characters/ma_chao/sprites/attack_3/6.png' remapped 'res://assets/art/characters/ma_chao/sprites/attack_3/6.png' at thread -1
Loading resource: res://assets/art/characters/ma_chao/sprites/attack_3/7.png remapped: res://assets/art/characters/ma_chao/sprites/attack_3/7.png
Loading resource: res://.godot/imported/7.png-275c68e9ebf7fc46e7ef949ff3e7807b.ctex remapped: res://.godot/imported/7.png-275c68e9ebf7fc46e7ef949ff3e7807b.ctex
Completed load for: 'res://assets/art/characters/ma_chao/sprites/attack_3/7.png' remapped 'res://assets/art/characters/ma_chao/sprites/attack_3/7.png' at thread -1
Loading resource: res://assets/art/characters/ma_chao/sprites/dead1/1.png remapped: res://assets/art/characters/ma_chao/sprites/dead1/1.png
Loading resource: res://.godot/imported/1.png-12a6797fe083028640caf38a73ac2aac.ctex remapped: res://.godot/imported/1.png-12a6797fe083028640caf38a73ac2aac.ctex
Completed load for: 'res://assets/art/characters/ma_chao/sprites/dead1/1.png' remapped 'res://assets/art/characters/ma_chao/sprites/dead1/1.png' at thread -1
Loading resource: res://assets/art/characters/ma_chao/sprites/dead1/2.png remapped: res://assets/art/characters/ma_chao/sprites/dead1/2.png
Loading resource: res://.godot/imported/2.png-316df2dce2a39f2c2a086bb113532613.ctex remapped: res://.godot/imported/2.png-316df2dce2a39f2c2a086bb113532613.ctex
Completed load for: 'res://assets/art/characters/ma_chao/sprites/dead1/2.png' remapped 'res://assets/art/characters/ma_chao/sprites/dead1/2.png' at thread -1
Loading resource: res://assets/art/characters/ma_chao/sprites/dead1/3.png remapped: res://assets/art/characters/ma_chao/sprites/dead1/3.png
Loading resource: res://.godot/imported/3.png-ea4f1ee28d6f4a6ca34268892d117e61.ctex remapped: res://.godot/imported/3.png-ea4f1ee28d6f4a6ca34268892d117e61.ctex
Completed load for: 'res://assets/art/characters/ma_chao/sprites/dead1/3.png' remapped 'res://assets/art/characters/ma_chao/sprites/dead1/3.png' at thread -1
Loading resource: res://assets/art/characters/ma_chao/sprites/dead1/4.png remapped: res://assets/art/characters/ma_chao/sprites/dead1/4.png
Loading resource: res://.godot/imported/4.png-3fec726a93137b1e4b1229a957fa2f43.ctex remapped: res://.godot/imported/4.png-3fec726a93137b1e4b1229a957fa2f43.ctex
Completed load for: 'res://assets/art/characters/ma_chao/sprites/dead1/4.png' remapped 'res://assets/art/characters/ma_chao/sprites/dead1/4.png' at thread -1
Loading resource: res://assets/art/characters/ma_chao/sprites/dead1/5.png remapped: res://assets/art/characters/ma_chao/sprites/dead1/5.png
Loading resource: res://.godot/imported/5.png-61c85df34f703281645e54e901e4236f.ctex remapped: res://.godot/imported/5.png-61c85df34f703281645e54e901e4236f.ctex
Completed load for: 'res://assets/art/characters/ma_chao/sprites/dead1/5.png' remapped 'res://assets/art/characters/ma_chao/sprites/dead1/5.png' at thread -1
Loading resource: res://assets/art/effects/zhang_fei/wushuang/1.png remapped: res://assets/art/effects/zhang_fei/wushuang/1.png
Loading resource: res://.godot/imported/1.png-d9be30f541de53ffe992927fedb271fa.ctex remapped: res://.godot/imported/1.png-d9be30f541de53ffe992927fedb271fa.ctex
Completed load for: 'res://assets/art/effects/zhang_fei/wushuang/1.png' remapped 'res://assets/art/effects/zhang_fei/wushuang/1.png' at thread -1
Loading resource: res://assets/art/effects/zhang_fei/wushuang/2.png remapped: res://assets/art/effects/zhang_fei/wushuang/2.png
Loading resource: res://.godot/imported/2.png-a277cc380ecc3b5b52d8025b90cf076f.ctex remapped: res://.godot/imported/2.png-a277cc380ecc3b5b52d8025b90cf076f.ctex
Completed load for: 'res://assets/art/effects/zhang_fei/wushuang/2.png' remapped 'res://assets/art/effects/zhang_fei/wushuang/2.png' at thread -1
Loading resource: res://assets/art/effects/zhang_fei/wushuang/3.png remapped: res://assets/art/effects/zhang_fei/wushuang/3.png
Loading resource: res://.godot/imported/3.png-3b94630ce425fbad19fa6af68f266ac5.ctex remapped: res://.godot/imported/3.png-3b94630ce425fbad19fa6af68f266ac5.ctex
Completed load for: 'res://assets/art/effects/zhang_fei/wushuang/3.png' remapped 'res://assets/art/effects/zhang_fei/wushuang/3.png' at thread -1
Loading resource: res://assets/art/effects/zhang_fei/wushuang/4.png remapped: res://assets/art/effects/zhang_fei/wushuang/4.png
Loading resource: res://.godot/imported/4.png-7a2164934f413723ebfedc922dba22ef.ctex remapped: res://.godot/imported/4.png-7a2164934f413723ebfedc922dba22ef.ctex
Completed load for: 'res://assets/art/effects/zhang_fei/wushuang/4.png' remapped 'res://assets/art/effects/zhang_fei/wushuang/4.png' at thread -1
Loading resource: res://assets/art/effects/zhang_fei/wushuang/5.png remapped: res://assets/art/effects/zhang_fei/wushuang/5.png
Loading resource: res://.godot/imported/5.png-8ba510fab5e941541b22d635945f0818.ctex remapped: res://.godot/imported/5.png-8ba510fab5e941541b22d635945f0818.ctex
Completed load for: 'res://assets/art/effects/zhang_fei/wushuang/5.png' remapped 'res://assets/art/effects/zhang_fei/wushuang/5.png' at thread -1
Loading resource: res://assets/art/characters/zhang_fei/effects/landing/zhang-fei-landing-01.png remapped: res://assets/art/characters/zhang_fei/effects/landing/zhang-fei-landing-01.png
Loading resource: res://.godot/imported/zhang-fei-landing-01.png-e0f645c860fbf910c51046822dedc554.ctex remapped: res://.godot/imported/zhang-fei-landing-01.png-e0f645c860fbf910c51046822dedc554.ctex
Completed load for: 'res://assets/art/characters/zhang_fei/effects/landing/zhang-fei-landing-01.png' remapped 'res://assets/art/characters/zhang_fei/effects/landing/zhang-fei-landing-01.png' at thread -1
Loading resource: res://assets/art/characters/zhang_fei/effects/landing/zhang-fei-landing-02.png remapped: res://assets/art/characters/zhang_fei/effects/landing/zhang-fei-landing-02.png
Loading resource: res://.godot/imported/zhang-fei-landing-02.png-dd58e1d3a53a8b2e098628da298b97b5.ctex remapped: res://.godot/imported/zhang-fei-landing-02.png-dd58e1d3a53a8b2e098628da298b97b5.ctex
Completed load for: 'res://assets/art/characters/zhang_fei/effects/landing/zhang-fei-landing-02.png' remapped 'res://assets/art/characters/zhang_fei/effects/landing/zhang-fei-landing-02.png' at thread -1
Loading resource: res://assets/art/effects/wushuang/impact_wave/impact-wave-01.png remapped: res://assets/art/effects/wushuang/impact_wave/impact-wave-01.png
Loading resource: res://.godot/imported/impact-wave-01.png-ada29674b4549c8711339e53e566514d.ctex remapped: res://.godot/imported/impact-wave-01.png-ada29674b4549c8711339e53e566514d.ctex
Completed load for: 'res://assets/art/effects/wushuang/impact_wave/impact-wave-01.png' remapped 'res://assets/art/effects/wushuang/impact_wave/impact-wave-01.png' at thread -1
Loading resource: res://assets/art/effects/wushuang/impact_wave/impact-wave-02.png remapped: res://assets/art/effects/wushuang/impact_wave/impact-wave-02.png
Loading resource: res://.godot/imported/impact-wave-02.png-d8cc3d9c669ef772e5f203423adb0eff.ctex remapped: res://.godot/imported/impact-wave-02.png-d8cc3d9c669ef772e5f203423adb0eff.ctex
Completed load for: 'res://assets/art/effects/wushuang/impact_wave/impact-wave-02.png' remapped 'res://assets/art/effects/wushuang/impact_wave/impact-wave-02.png' at thread -1
Loading resource: res://assets/art/effects/wushuang/impact_wave/impact-wave-03.png remapped: res://assets/art/effects/wushuang/impact_wave/impact-wave-03.png
Loading resource: res://.godot/imported/impact-wave-03.png-cdb6761f736a4c395efef4faf8be8d6a.ctex remapped: res://.godot/imported/impact-wave-03.png-cdb6761f736a4c395efef4faf8be8d6a.ctex
Completed load for: 'res://assets/art/effects/wushuang/impact_wave/impact-wave-03.png' remapped 'res://assets/art/effects/wushuang/impact_wave/impact-wave-03.png' at thread -1
Loading resource: res://assets/art/effects/wushuang/impact_wave/impact-wave-04.png remapped: res://assets/art/effects/wushuang/impact_wave/impact-wave-04.png
Loading resource: res://.godot/imported/impact-wave-04.png-caaa216a61ae9e2d8b4330a041b20bd0.ctex remapped: res://.godot/imported/impact-wave-04.png-caaa216a61ae9e2d8b4330a041b20bd0.ctex
Completed load for: 'res://assets/art/effects/wushuang/impact_wave/impact-wave-04.png' remapped 'res://assets/art/effects/wushuang/impact_wave/impact-wave-04.png' at thread -1
Loading resource: res://assets/art/effects/wushuang/impact_wave/impact-wave-05.png remapped: res://assets/art/effects/wushuang/impact_wave/impact-wave-05.png
Loading resource: res://.godot/imported/impact-wave-05.png-82ebad11d31992441d006bd582ae8196.ctex remapped: res://.godot/imported/impact-wave-05.png-82ebad11d31992441d006bd582ae8196.ctex
Completed load for: 'res://assets/art/effects/wushuang/impact_wave/impact-wave-05.png' remapped 'res://assets/art/effects/wushuang/impact_wave/impact-wave-05.png' at thread -1
Loading resource: res://assets/art/effects/wushuang/impact_wave/impact-wave-06.png remapped: res://assets/art/effects/wushuang/impact_wave/impact-wave-06.png
Loading resource: res://.godot/imported/impact-wave-06.png-566e9e27f30478a6b87b081b02d2da36.ctex remapped: res://.godot/imported/impact-wave-06.png-566e9e27f30478a6b87b081b02d2da36.ctex
Completed load for: 'res://assets/art/effects/wushuang/impact_wave/impact-wave-06.png' remapped 'res://assets/art/effects/wushuang/impact_wave/impact-wave-06.png' at thread -1
Loading resource: res://assets/art/effects/wushuang/impact_wave/impact-wave-07.png remapped: res://assets/art/effects/wushuang/impact_wave/impact-wave-07.png
Loading resource: res://.godot/imported/impact-wave-07.png-03ccf2c11e7799a510065fec7134b6b1.ctex remapped: res://.godot/imported/impact-wave-07.png-03ccf2c11e7799a510065fec7134b6b1.ctex
Completed load for: 'res://assets/art/effects/wushuang/impact_wave/impact-wave-07.png' remapped 'res://assets/art/effects/wushuang/impact_wave/impact-wave-07.png' at thread -1
Loading resource: res://assets/art/bosses/zhang_he/idle_right/zhang-he-idle-01.png remapped: res://assets/art/bosses/zhang_he/idle_right/zhang-he-idle-01.png
Loading resource: res://.godot/imported/zhang-he-idle-01.png-d72be800aaa5df1d5367230a3ec32d02.ctex remapped: res://.godot/imported/zhang-he-idle-01.png-d72be800aaa5df1d5367230a3ec32d02.ctex
Completed load for: 'res://assets/art/bosses/zhang_he/idle_right/zhang-he-idle-01.png' remapped 'res://assets/art/bosses/zhang_he/idle_right/zhang-he-idle-01.png' at thread -1
Loading resource: res://assets/art/bosses/zhang_he/idle_right/zhang-he-idle-02.png remapped: res://assets/art/bosses/zhang_he/idle_right/zhang-he-idle-02.png
Loading resource: res://.godot/imported/zhang-he-idle-02.png-301032fc218e00a0640b786d3dea003b.ctex remapped: res://.godot/imported/zhang-he-idle-02.png-301032fc218e00a0640b786d3dea003b.ctex
Completed load for: 'res://assets/art/bosses/zhang_he/idle_right/zhang-he-idle-02.png' remapped 'res://assets/art/bosses/zhang_he/idle_right/zhang-he-idle-02.png' at thread -1
Loading resource: res://assets/art/bosses/zhang_he/idle_right/zhang-he-idle-03.png remapped: res://assets/art/bosses/zhang_he/idle_right/zhang-he-idle-03.png
Loading resource: res://.godot/imported/zhang-he-idle-03.png-5d7e9deae37b6b873d98e1774e525f19.ctex remapped: res://.godot/imported/zhang-he-idle-03.png-5d7e9deae37b6b873d98e1774e525f19.ctex
Completed load for: 'res://assets/art/bosses/zhang_he/idle_right/zhang-he-idle-03.png' remapped 'res://assets/art/bosses/zhang_he/idle_right/zhang-he-idle-03.png' at thread -1
Loading resource: res://assets/art/bosses/zhang_he/idle_right/zhang-he-idle-04.png remapped: res://assets/art/bosses/zhang_he/idle_right/zhang-he-idle-04.png
Loading resource: res://.godot/imported/zhang-he-idle-04.png-97e6b5bb78dff7e3dd1e2b5a25e978fc.ctex remapped: res://.godot/imported/zhang-he-idle-04.png-97e6b5bb78dff7e3dd1e2b5a25e978fc.ctex
Completed load for: 'res://assets/art/bosses/zhang_he/idle_right/zhang-he-idle-04.png' remapped 'res://assets/art/bosses/zhang_he/idle_right/zhang-he-idle-04.png' at thread -1
Loading resource: res://assets/art/bosses/zhang_he/walk_right/zhang-he-walk-01.png remapped: res://assets/art/bosses/zhang_he/walk_right/zhang-he-walk-01.png
Loading resource: res://.godot/imported/zhang-he-walk-01.png-e838fb6e45e7e2284f2c1ab46c4d687b.ctex remapped: res://.godot/imported/zhang-he-walk-01.png-e838fb6e45e7e2284f2c1ab46c4d687b.ctex
Completed load for: 'res://assets/art/bosses/zhang_he/walk_right/zhang-he-walk-01.png' remapped 'res://assets/art/bosses/zhang_he/walk_right/zhang-he-walk-01.png' at thread -1
Loading resource: res://assets/art/bosses/zhang_he/walk_right/zhang-he-walk-02.png remapped: res://assets/art/bosses/zhang_he/walk_right/zhang-he-walk-02.png
Loading resource: res://.godot/imported/zhang-he-walk-02.png-6392e510b2a70598907b80a03b1b6baa.ctex remapped: res://.godot/imported/zhang-he-walk-02.png-6392e510b2a70598907b80a03b1b6baa.ctex
Completed load for: 'res://assets/art/bosses/zhang_he/walk_right/zhang-he-walk-02.png' remapped 'res://assets/art/bosses/zhang_he/walk_right/zhang-he-walk-02.png' at thread -1
Loading resource: res://assets/art/bosses/zhang_he/walk_right/zhang-he-walk-03.png remapped: res://assets/art/bosses/zhang_he/walk_right/zhang-he-walk-03.png
Loading resource: res://.godot/imported/zhang-he-walk-03.png-2c357f844dba306eba1628f50c322247.ctex remapped: res://.godot/imported/zhang-he-walk-03.png-2c357f844dba306eba1628f50c322247.ctex
Completed load for: 'res://assets/art/bosses/zhang_he/walk_right/zhang-he-walk-03.png' remapped 'res://assets/art/bosses/zhang_he/walk_right/zhang-he-walk-03.png' at thread -1
Loading resource: res://assets/art/bosses/zhang_he/walk_right/zhang-he-walk-04.png remapped: res://assets/art/bosses/zhang_he/walk_right/zhang-he-walk-04.png
Loading resource: res://.godot/imported/zhang-he-walk-04.png-0684627be39cf879f03dee5574480c37.ctex remapped: res://.godot/imported/zhang-he-walk-04.png-0684627be39cf879f03dee5574480c37.ctex
Completed load for: 'res://assets/art/bosses/zhang_he/walk_right/zhang-he-walk-04.png' remapped 'res://assets/art/bosses/zhang_he/walk_right/zhang-he-walk-04.png' at thread -1
Loading resource: res://assets/art/bosses/zhang_he/walk_right/zhang-he-walk-05.png remapped: res://assets/art/bosses/zhang_he/walk_right/zhang-he-walk-05.png
Loading resource: res://.godot/imported/zhang-he-walk-05.png-756747c4b790d522615c2fcf29fd58ee.ctex remapped: res://.godot/imported/zhang-he-walk-05.png-756747c4b790d522615c2fcf29fd58ee.ctex
Completed load for: 'res://assets/art/bosses/zhang_he/walk_right/zhang-he-walk-05.png' remapped 'res://assets/art/bosses/zhang_he/walk_right/zhang-he-walk-05.png' at thread -1
Loading resource: res://assets/art/bosses/zhang_he/walk_right/zhang-he-walk-06.png remapped: res://assets/art/bosses/zhang_he/walk_right/zhang-he-walk-06.png
Loading resource: res://.godot/imported/zhang-he-walk-06.png-5d90b0a220e8c56eccb00cf5ed41cd3a.ctex remapped: res://.godot/imported/zhang-he-walk-06.png-5d90b0a220e8c56eccb00cf5ed41cd3a.ctex
Completed load for: 'res://assets/art/bosses/zhang_he/walk_right/zhang-he-walk-06.png' remapped 'res://assets/art/bosses/zhang_he/walk_right/zhang-he-walk-06.png' at thread -1
Loading resource: res://assets/art/bosses/zhang_he/walk_right/zhang-he-walk-07.png remapped: res://assets/art/bosses/zhang_he/walk_right/zhang-he-walk-07.png
Loading resource: res://.godot/imported/zhang-he-walk-07.png-44b0a36721094a7f5a8bcc4c20df63e2.ctex remapped: res://.godot/imported/zhang-he-walk-07.png-44b0a36721094a7f5a8bcc4c20df63e2.ctex
Completed load for: 'res://assets/art/bosses/zhang_he/walk_right/zhang-he-walk-07.png' remapped 'res://assets/art/bosses/zhang_he/walk_right/zhang-he-walk-07.png' at thread -1
Loading resource: res://assets/art/bosses/zhang_he/walk_right/zhang-he-walk-08.png remapped: res://assets/art/bosses/zhang_he/walk_right/zhang-he-walk-08.png
Loading resource: res://.godot/imported/zhang-he-walk-08.png-73a62b569a5d36a4c5cdb3d94b1b6b46.ctex remapped: res://.godot/imported/zhang-he-walk-08.png-73a62b569a5d36a4c5cdb3d94b1b6b46.ctex
Completed load for: 'res://assets/art/bosses/zhang_he/walk_right/zhang-he-walk-08.png' remapped 'res://assets/art/bosses/zhang_he/walk_right/zhang-he-walk-08.png' at thread -1
Loading resource: res://assets/art/bosses/zhang_he/attack_right/zhang-he-attack-01.png remapped: res://assets/art/bosses/zhang_he/attack_right/zhang-he-attack-01.png
Loading resource: res://.godot/imported/zhang-he-attack-01.png-0be1ef5d023c22ab4beb43829bf44c59.ctex remapped: res://.godot/imported/zhang-he-attack-01.png-0be1ef5d023c22ab4beb43829bf44c59.ctex
Completed load for: 'res://assets/art/bosses/zhang_he/attack_right/zhang-he-attack-01.png' remapped 'res://assets/art/bosses/zhang_he/attack_right/zhang-he-attack-01.png' at thread -1
Loading resource: res://assets/art/bosses/zhang_he/attack_right/zhang-he-attack-02.png remapped: res://assets/art/bosses/zhang_he/attack_right/zhang-he-attack-02.png
Loading resource: res://.godot/imported/zhang-he-attack-02.png-1e16fa5c8375c3a0c0658f0cbd49d93f.ctex remapped: res://.godot/imported/zhang-he-attack-02.png-1e16fa5c8375c3a0c0658f0cbd49d93f.ctex
Completed load for: 'res://assets/art/bosses/zhang_he/attack_right/zhang-he-attack-02.png' remapped 'res://assets/art/bosses/zhang_he/attack_right/zhang-he-attack-02.png' at thread -1
Loading resource: res://assets/art/bosses/zhang_he/attack_right/zhang-he-attack-03.png remapped: res://assets/art/bosses/zhang_he/attack_right/zhang-he-attack-03.png
Loading resource: res://.godot/imported/zhang-he-attack-03.png-98d8c408c4a991606dce795c77c1a29a.ctex remapped: res://.godot/imported/zhang-he-attack-03.png-98d8c408c4a991606dce795c77c1a29a.ctex
Completed load for: 'res://assets/art/bosses/zhang_he/attack_right/zhang-he-attack-03.png' remapped 'res://assets/art/bosses/zhang_he/attack_right/zhang-he-attack-03.png' at thread -1
Loading resource: res://assets/art/bosses/zhang_he/attack_right/zhang-he-attack-04.png remapped: res://assets/art/bosses/zhang_he/attack_right/zhang-he-attack-04.png
Loading resource: res://.godot/imported/zhang-he-attack-04.png-f617388528205f120a459b10647d5556.ctex remapped: res://.godot/imported/zhang-he-attack-04.png-f617388528205f120a459b10647d5556.ctex
Completed load for: 'res://assets/art/bosses/zhang_he/attack_right/zhang-he-attack-04.png' remapped 'res://assets/art/bosses/zhang_he/attack_right/zhang-he-attack-04.png' at thread -1
Loading resource: res://assets/art/bosses/zhang_he/attack_right/zhang-he-attack-05.png remapped: res://assets/art/bosses/zhang_he/attack_right/zhang-he-attack-05.png
Loading resource: res://.godot/imported/zhang-he-attack-05.png-d833a5b3b2433bfcfd9cfe9691f429e0.ctex remapped: res://.godot/imported/zhang-he-attack-05.png-d833a5b3b2433bfcfd9cfe9691f429e0.ctex
Completed load for: 'res://assets/art/bosses/zhang_he/attack_right/zhang-he-attack-05.png' remapped 'res://assets/art/bosses/zhang_he/attack_right/zhang-he-attack-05.png' at thread -1
Loading resource: res://assets/art/bosses/zhang_he/attack_right/zhang-he-attack-06.png remapped: res://assets/art/bosses/zhang_he/attack_right/zhang-he-attack-06.png
Loading resource: res://.godot/imported/zhang-he-attack-06.png-e5efb91cbb37f8365b2f7d3871adbb51.ctex remapped: res://.godot/imported/zhang-he-attack-06.png-e5efb91cbb37f8365b2f7d3871adbb51.ctex
Completed load for: 'res://assets/art/bosses/zhang_he/attack_right/zhang-he-attack-06.png' remapped 'res://assets/art/bosses/zhang_he/attack_right/zhang-he-attack-06.png' at thread -1
Loading resource: res://assets/art/bosses/zhang_he/attack_right/zhang-he-attack-07.png remapped: res://assets/art/bosses/zhang_he/attack_right/zhang-he-attack-07.png
Loading resource: res://.godot/imported/zhang-he-attack-07.png-88558aa4ac0ec406d473163f6d70aa0d.ctex remapped: res://.godot/imported/zhang-he-attack-07.png-88558aa4ac0ec406d473163f6d70aa0d.ctex
Completed load for: 'res://assets/art/bosses/zhang_he/attack_right/zhang-he-attack-07.png' remapped 'res://assets/art/bosses/zhang_he/attack_right/zhang-he-attack-07.png' at thread -1
Loading resource: res://assets/art/bosses/zhang_he/attack_right/zhang-he-attack-08.png remapped: res://assets/art/bosses/zhang_he/attack_right/zhang-he-attack-08.png
Loading resource: res://.godot/imported/zhang-he-attack-08.png-d605299c55255dc3b22e27501b806a09.ctex remapped: res://.godot/imported/zhang-he-attack-08.png-d605299c55255dc3b22e27501b806a09.ctex
Completed load for: 'res://assets/art/bosses/zhang_he/attack_right/zhang-he-attack-08.png' remapped 'res://assets/art/bosses/zhang_he/attack_right/zhang-he-attack-08.png' at thread -1
Loading resource: res://assets/art/bosses/zhang_he/attack_right/zhang-he-attack-09.png remapped: res://assets/art/bosses/zhang_he/attack_right/zhang-he-attack-09.png
Loading resource: res://.godot/imported/zhang-he-attack-09.png-fa3d37d699afdfd83831fa19ac26ce92.ctex remapped: res://.godot/imported/zhang-he-attack-09.png-fa3d37d699afdfd83831fa19ac26ce92.ctex
Completed load for: 'res://assets/art/bosses/zhang_he/attack_right/zhang-he-attack-09.png' remapped 'res://assets/art/bosses/zhang_he/attack_right/zhang-he-attack-09.png' at thread -1
Loading resource: res://assets/art/bosses/zhang_he/attack_right/zhang-he-attack-10.png remapped: res://assets/art/bosses/zhang_he/attack_right/zhang-he-attack-10.png
Loading resource: res://.godot/imported/zhang-he-attack-10.png-fd24f87cea50fee192871e9d7a63bcec.ctex remapped: res://.godot/imported/zhang-he-attack-10.png-fd24f87cea50fee192871e9d7a63bcec.ctex
Completed load for: 'res://assets/art/bosses/zhang_he/attack_right/zhang-he-attack-10.png' remapped 'res://assets/art/bosses/zhang_he/attack_right/zhang-he-attack-10.png' at thread -1
Loading resource: res://assets/art/bosses/zhang_he/attack_right/zhang-he-attack-11.png remapped: res://assets/art/bosses/zhang_he/attack_right/zhang-he-attack-11.png
Loading resource: res://.godot/imported/zhang-he-attack-11.png-34c1c88bf817e6fffe5c5f0725aef344.ctex remapped: res://.godot/imported/zhang-he-attack-11.png-34c1c88bf817e6fffe5c5f0725aef344.ctex
Completed load for: 'res://assets/art/bosses/zhang_he/attack_right/zhang-he-attack-11.png' remapped 'res://assets/art/bosses/zhang_he/attack_right/zhang-he-attack-11.png' at thread -1
Loading resource: res://assets/art/bosses/zhang_he/attack_right/zhang-he-attack-12.png remapped: res://assets/art/bosses/zhang_he/attack_right/zhang-he-attack-12.png
Loading resource: res://.godot/imported/zhang-he-attack-12.png-fb74af0ffb44636ae2d405f69796fe8d.ctex remapped: res://.godot/imported/zhang-he-attack-12.png-fb74af0ffb44636ae2d405f69796fe8d.ctex
Completed load for: 'res://assets/art/bosses/zhang_he/attack_right/zhang-he-attack-12.png' remapped 'res://assets/art/bosses/zhang_he/attack_right/zhang-he-attack-12.png' at thread -1
Loading resource: res://assets/art/bosses/zhang_he/attack_right/zhang-he-attack-13.png remapped: res://assets/art/bosses/zhang_he/attack_right/zhang-he-attack-13.png
Loading resource: res://.godot/imported/zhang-he-attack-13.png-f2dccf21e08ab8a79318ec04625090f8.ctex remapped: res://.godot/imported/zhang-he-attack-13.png-f2dccf21e08ab8a79318ec04625090f8.ctex
Completed load for: 'res://assets/art/bosses/zhang_he/attack_right/zhang-he-attack-13.png' remapped 'res://assets/art/bosses/zhang_he/attack_right/zhang-he-attack-13.png' at thread -1
Loading resource: res://assets/art/bosses/zhang_he/attack_right/zhang-he-attack-14.png remapped: res://assets/art/bosses/zhang_he/attack_right/zhang-he-attack-14.png
Loading resource: res://.godot/imported/zhang-he-attack-14.png-6ffb6b766fc71e3633070598ea31b1c0.ctex remapped: res://.godot/imported/zhang-he-attack-14.png-6ffb6b766fc71e3633070598ea31b1c0.ctex
Completed load for: 'res://assets/art/bosses/zhang_he/attack_right/zhang-he-attack-14.png' remapped 'res://assets/art/bosses/zhang_he/attack_right/zhang-he-attack-14.png' at thread -1
Loading resource: res://assets/art/bosses/zhang_he/attack_right/zhang-he-attack-15.png remapped: res://assets/art/bosses/zhang_he/attack_right/zhang-he-attack-15.png
Loading resource: res://.godot/imported/zhang-he-attack-15.png-3d750ff8826687b520acee478a4103ab.ctex remapped: res://.godot/imported/zhang-he-attack-15.png-3d750ff8826687b520acee478a4103ab.ctex
Completed load for: 'res://assets/art/bosses/zhang_he/attack_right/zhang-he-attack-15.png' remapped 'res://assets/art/bosses/zhang_he/attack_right/zhang-he-attack-15.png' at thread -1
Loading resource: res://assets/art/bosses/zhang_he/attack_right/zhang-he-attack-16.png remapped: res://assets/art/bosses/zhang_he/attack_right/zhang-he-attack-16.png
Loading resource: res://.godot/imported/zhang-he-attack-16.png-68d3aeef1ca20d46f84a221f9cea0211.ctex remapped: res://.godot/imported/zhang-he-attack-16.png-68d3aeef1ca20d46f84a221f9cea0211.ctex
Completed load for: 'res://assets/art/bosses/zhang_he/attack_right/zhang-he-attack-16.png' remapped 'res://assets/art/bosses/zhang_he/attack_right/zhang-he-attack-16.png' at thread -1
Loading resource: res://assets/art/bosses/zhang_he/death_right/zhang-he-death-01.png remapped: res://assets/art/bosses/zhang_he/death_right/zhang-he-death-01.png
Loading resource: res://.godot/imported/zhang-he-death-01.png-0a5411f39e35c3d97943ec02be812ee5.ctex remapped: res://.godot/imported/zhang-he-death-01.png-0a5411f39e35c3d97943ec02be812ee5.ctex
Completed load for: 'res://assets/art/bosses/zhang_he/death_right/zhang-he-death-01.png' remapped 'res://assets/art/bosses/zhang_he/death_right/zhang-he-death-01.png' at thread -1
Loading resource: res://assets/art/bosses/zhang_he/death_right/zhang-he-death-02.png remapped: res://assets/art/bosses/zhang_he/death_right/zhang-he-death-02.png
Loading resource: res://.godot/imported/zhang-he-death-02.png-7b8307fd29d31b75c072838656e19b26.ctex remapped: res://.godot/imported/zhang-he-death-02.png-7b8307fd29d31b75c072838656e19b26.ctex
Completed load for: 'res://assets/art/bosses/zhang_he/death_right/zhang-he-death-02.png' remapped 'res://assets/art/bosses/zhang_he/death_right/zhang-he-death-02.png' at thread -1
Loading resource: res://assets/art/bosses/zhang_he/death_right/zhang-he-death-03.png remapped: res://assets/art/bosses/zhang_he/death_right/zhang-he-death-03.png
Loading resource: res://.godot/imported/zhang-he-death-03.png-aeeb54eea6a58924f65df7da46ac4a20.ctex remapped: res://.godot/imported/zhang-he-death-03.png-aeeb54eea6a58924f65df7da46ac4a20.ctex
Completed load for: 'res://assets/art/bosses/zhang_he/death_right/zhang-he-death-03.png' remapped 'res://assets/art/bosses/zhang_he/death_right/zhang-he-death-03.png' at thread -1
Loading resource: res://assets/art/bosses/zhang_he/death_right/zhang-he-death-04.png remapped: res://assets/art/bosses/zhang_he/death_right/zhang-he-death-04.png
Loading resource: res://.godot/imported/zhang-he-death-04.png-4e1c3141707d805875152b4e6abe15ba.ctex remapped: res://.godot/imported/zhang-he-death-04.png-4e1c3141707d805875152b4e6abe15ba.ctex
Completed load for: 'res://assets/art/bosses/zhang_he/death_right/zhang-he-death-04.png' remapped 'res://assets/art/bosses/zhang_he/death_right/zhang-he-death-04.png' at thread -1
Loading resource: res://assets/art/bosses/xiahou_dun/idle_right/1.png remapped: res://assets/art/bosses/xiahou_dun/idle_right/1.png
Loading resource: res://.godot/imported/1.png-f595c50ac3be3db6cbaf8b3025413880.ctex remapped: res://.godot/imported/1.png-f595c50ac3be3db6cbaf8b3025413880.ctex
Completed load for: 'res://assets/art/bosses/xiahou_dun/idle_right/1.png' remapped 'res://assets/art/bosses/xiahou_dun/idle_right/1.png' at thread -1
Loading resource: res://assets/art/bosses/xiahou_dun/idle_right/2.png remapped: res://assets/art/bosses/xiahou_dun/idle_right/2.png
Loading resource: res://.godot/imported/2.png-9f716b7c7008b46518a1f84466f6a2f8.ctex remapped: res://.godot/imported/2.png-9f716b7c7008b46518a1f84466f6a2f8.ctex
Completed load for: 'res://assets/art/bosses/xiahou_dun/idle_right/2.png' remapped 'res://assets/art/bosses/xiahou_dun/idle_right/2.png' at thread -1
Loading resource: res://assets/art/bosses/xiahou_dun/idle_right/3.png remapped: res://assets/art/bosses/xiahou_dun/idle_right/3.png
Loading resource: res://.godot/imported/3.png-511c2568545e34c00aeff40e2df92c95.ctex remapped: res://.godot/imported/3.png-511c2568545e34c00aeff40e2df92c95.ctex
Completed load for: 'res://assets/art/bosses/xiahou_dun/idle_right/3.png' remapped 'res://assets/art/bosses/xiahou_dun/idle_right/3.png' at thread -1
Loading resource: res://assets/art/bosses/xiahou_dun/idle_right/4.png remapped: res://assets/art/bosses/xiahou_dun/idle_right/4.png
Loading resource: res://.godot/imported/4.png-eec82e588b0d97f0c26d79d9c2a98dd4.ctex remapped: res://.godot/imported/4.png-eec82e588b0d97f0c26d79d9c2a98dd4.ctex
Completed load for: 'res://assets/art/bosses/xiahou_dun/idle_right/4.png' remapped 'res://assets/art/bosses/xiahou_dun/idle_right/4.png' at thread -1
Loading resource: res://assets/art/bosses/xiahou_dun/idle_right/5.png remapped: res://assets/art/bosses/xiahou_dun/idle_right/5.png
Loading resource: res://.godot/imported/5.png-8478f2e3e2496aeac10d76d5e8d6366b.ctex remapped: res://.godot/imported/5.png-8478f2e3e2496aeac10d76d5e8d6366b.ctex
Completed load for: 'res://assets/art/bosses/xiahou_dun/idle_right/5.png' remapped 'res://assets/art/bosses/xiahou_dun/idle_right/5.png' at thread -1
Loading resource: res://assets/art/bosses/xiahou_dun/idle_right/6.png remapped: res://assets/art/bosses/xiahou_dun/idle_right/6.png
Loading resource: res://.godot/imported/6.png-4d27855ca68f18bbfdcf9c8de5a552b3.ctex remapped: res://.godot/imported/6.png-4d27855ca68f18bbfdcf9c8de5a552b3.ctex
Completed load for: 'res://assets/art/bosses/xiahou_dun/idle_right/6.png' remapped 'res://assets/art/bosses/xiahou_dun/idle_right/6.png' at thread -1
Loading resource: res://assets/art/bosses/xiahou_dun/idle_right/7.png remapped: res://assets/art/bosses/xiahou_dun/idle_right/7.png
Loading resource: res://.godot/imported/7.png-ca5432fa1344eb20f5585f95ffedf13d.ctex remapped: res://.godot/imported/7.png-ca5432fa1344eb20f5585f95ffedf13d.ctex
Completed load for: 'res://assets/art/bosses/xiahou_dun/idle_right/7.png' remapped 'res://assets/art/bosses/xiahou_dun/idle_right/7.png' at thread -1
Loading resource: res://assets/art/bosses/xiahou_dun/walk_right/1.png remapped: res://assets/art/bosses/xiahou_dun/walk_right/1.png
Loading resource: res://.godot/imported/1.png-69bd4163d4066462af32670cc322a240.ctex remapped: res://.godot/imported/1.png-69bd4163d4066462af32670cc322a240.ctex
Completed load for: 'res://assets/art/bosses/xiahou_dun/walk_right/1.png' remapped 'res://assets/art/bosses/xiahou_dun/walk_right/1.png' at thread -1
Loading resource: res://assets/art/bosses/xiahou_dun/walk_right/2.png remapped: res://assets/art/bosses/xiahou_dun/walk_right/2.png
Loading resource: res://.godot/imported/2.png-1f72caac7d9b8cfe01ae15d72fa7b0c0.ctex remapped: res://.godot/imported/2.png-1f72caac7d9b8cfe01ae15d72fa7b0c0.ctex
Completed load for: 'res://assets/art/bosses/xiahou_dun/walk_right/2.png' remapped 'res://assets/art/bosses/xiahou_dun/walk_right/2.png' at thread -1
Loading resource: res://assets/art/bosses/xiahou_dun/walk_right/3.png remapped: res://assets/art/bosses/xiahou_dun/walk_right/3.png
Loading resource: res://.godot/imported/3.png-6ccf9a4046480fb84c11bc7c1b3848d3.ctex remapped: res://.godot/imported/3.png-6ccf9a4046480fb84c11bc7c1b3848d3.ctex
Completed load for: 'res://assets/art/bosses/xiahou_dun/walk_right/3.png' remapped 'res://assets/art/bosses/xiahou_dun/walk_right/3.png' at thread -1
Loading resource: res://assets/art/bosses/xiahou_dun/walk_right/4.png remapped: res://assets/art/bosses/xiahou_dun/walk_right/4.png
Loading resource: res://.godot/imported/4.png-307248d00e3a74c365027d5dd56976c5.ctex remapped: res://.godot/imported/4.png-307248d00e3a74c365027d5dd56976c5.ctex
Completed load for: 'res://assets/art/bosses/xiahou_dun/walk_right/4.png' remapped 'res://assets/art/bosses/xiahou_dun/walk_right/4.png' at thread -1
Loading resource: res://assets/art/bosses/xiahou_dun/walk_right/5.png remapped: res://assets/art/bosses/xiahou_dun/walk_right/5.png
Loading resource: res://.godot/imported/5.png-c871da1ceda457bc4d21354fb43eecc6.ctex remapped: res://.godot/imported/5.png-c871da1ceda457bc4d21354fb43eecc6.ctex
Completed load for: 'res://assets/art/bosses/xiahou_dun/walk_right/5.png' remapped 'res://assets/art/bosses/xiahou_dun/walk_right/5.png' at thread -1
Loading resource: res://assets/art/bosses/xiahou_dun/walk_right/6.png remapped: res://assets/art/bosses/xiahou_dun/walk_right/6.png
Loading resource: res://.godot/imported/6.png-c9cf8b87e4fe475cc9f8618f17c5e3e0.ctex remapped: res://.godot/imported/6.png-c9cf8b87e4fe475cc9f8618f17c5e3e0.ctex
Completed load for: 'res://assets/art/bosses/xiahou_dun/walk_right/6.png' remapped 'res://assets/art/bosses/xiahou_dun/walk_right/6.png' at thread -1
Loading resource: res://assets/art/bosses/xiahou_dun/walk_right/7.png remapped: res://assets/art/bosses/xiahou_dun/walk_right/7.png
Loading resource: res://.godot/imported/7.png-ece4fabcce736511f68f565fe45b5a72.ctex remapped: res://.godot/imported/7.png-ece4fabcce736511f68f565fe45b5a72.ctex
Completed load for: 'res://assets/art/bosses/xiahou_dun/walk_right/7.png' remapped 'res://assets/art/bosses/xiahou_dun/walk_right/7.png' at thread -1
Loading resource: res://assets/art/bosses/xiahou_dun/attack_1_right/1.png remapped: res://assets/art/bosses/xiahou_dun/attack_1_right/1.png
Loading resource: res://.godot/imported/1.png-7cd2ef592da7d49cf884d658d7f3cf05.ctex remapped: res://.godot/imported/1.png-7cd2ef592da7d49cf884d658d7f3cf05.ctex
Completed load for: 'res://assets/art/bosses/xiahou_dun/attack_1_right/1.png' remapped 'res://assets/art/bosses/xiahou_dun/attack_1_right/1.png' at thread -1
Loading resource: res://assets/art/bosses/xiahou_dun/attack_1_right/2.png remapped: res://assets/art/bosses/xiahou_dun/attack_1_right/2.png
Loading resource: res://.godot/imported/2.png-f3c3fdc34077e45eb4dcaddd0708afc4.ctex remapped: res://.godot/imported/2.png-f3c3fdc34077e45eb4dcaddd0708afc4.ctex
Completed load for: 'res://assets/art/bosses/xiahou_dun/attack_1_right/2.png' remapped 'res://assets/art/bosses/xiahou_dun/attack_1_right/2.png' at thread -1
Loading resource: res://assets/art/bosses/xiahou_dun/attack_1_right/3.png remapped: res://assets/art/bosses/xiahou_dun/attack_1_right/3.png
Loading resource: res://.godot/imported/3.png-bd13fb915f385ec275ddd3c3e29dc942.ctex remapped: res://.godot/imported/3.png-bd13fb915f385ec275ddd3c3e29dc942.ctex
Completed load for: 'res://assets/art/bosses/xiahou_dun/attack_1_right/3.png' remapped 'res://assets/art/bosses/xiahou_dun/attack_1_right/3.png' at thread -1
Loading resource: res://assets/art/bosses/xiahou_dun/attack_2_right/1.png remapped: res://assets/art/bosses/xiahou_dun/attack_2_right/1.png
Loading resource: res://.godot/imported/1.png-9577bfa98545fd5ad9ec4db03f9751c7.ctex remapped: res://.godot/imported/1.png-9577bfa98545fd5ad9ec4db03f9751c7.ctex
Completed load for: 'res://assets/art/bosses/xiahou_dun/attack_2_right/1.png' remapped 'res://assets/art/bosses/xiahou_dun/attack_2_right/1.png' at thread -1
Loading resource: res://assets/art/bosses/xiahou_dun/attack_2_right/2.png remapped: res://assets/art/bosses/xiahou_dun/attack_2_right/2.png
Loading resource: res://.godot/imported/2.png-fc8e6b376eeabb88d3f8024ac2503d53.ctex remapped: res://.godot/imported/2.png-fc8e6b376eeabb88d3f8024ac2503d53.ctex
Completed load for: 'res://assets/art/bosses/xiahou_dun/attack_2_right/2.png' remapped 'res://assets/art/bosses/xiahou_dun/attack_2_right/2.png' at thread -1
Loading resource: res://assets/art/bosses/xiahou_dun/attack_2_right/3.png remapped: res://assets/art/bosses/xiahou_dun/attack_2_right/3.png
Loading resource: res://.godot/imported/3.png-51072bbc5faeeebd2243165dba46dde0.ctex remapped: res://.godot/imported/3.png-51072bbc5faeeebd2243165dba46dde0.ctex
Completed load for: 'res://assets/art/bosses/xiahou_dun/attack_2_right/3.png' remapped 'res://assets/art/bosses/xiahou_dun/attack_2_right/3.png' at thread -1
Loading resource: res://assets/art/bosses/xiahou_dun/attack_2_right/4.png remapped: res://assets/art/bosses/xiahou_dun/attack_2_right/4.png
Loading resource: res://.godot/imported/4.png-1a0cb3dae0bc1215f71e023417349faf.ctex remapped: res://.godot/imported/4.png-1a0cb3dae0bc1215f71e023417349faf.ctex
Completed load for: 'res://assets/art/bosses/xiahou_dun/attack_2_right/4.png' remapped 'res://assets/art/bosses/xiahou_dun/attack_2_right/4.png' at thread -1
Loading resource: res://assets/art/bosses/xiahou_dun/attack_2_right/5.png remapped: res://assets/art/bosses/xiahou_dun/attack_2_right/5.png
Loading resource: res://.godot/imported/5.png-1576b6ba03b5d2fec2357ef982a5f218.ctex remapped: res://.godot/imported/5.png-1576b6ba03b5d2fec2357ef982a5f218.ctex
Completed load for: 'res://assets/art/bosses/xiahou_dun/attack_2_right/5.png' remapped 'res://assets/art/bosses/xiahou_dun/attack_2_right/5.png' at thread -1
Loading resource: res://assets/art/bosses/xiahou_dun/attack_3_right/1.png remapped: res://assets/art/bosses/xiahou_dun/attack_3_right/1.png
Loading resource: res://.godot/imported/1.png-cacc211f647ab511dbd7b09f71283b97.ctex remapped: res://.godot/imported/1.png-cacc211f647ab511dbd7b09f71283b97.ctex
Completed load for: 'res://assets/art/bosses/xiahou_dun/attack_3_right/1.png' remapped 'res://assets/art/bosses/xiahou_dun/attack_3_right/1.png' at thread -1
Loading resource: res://assets/art/bosses/xiahou_dun/attack_3_right/2.png remapped: res://assets/art/bosses/xiahou_dun/attack_3_right/2.png
Loading resource: res://.godot/imported/2.png-3f73eda437eb3e049357854b0a2e9ee8.ctex remapped: res://.godot/imported/2.png-3f73eda437eb3e049357854b0a2e9ee8.ctex
Completed load for: 'res://assets/art/bosses/xiahou_dun/attack_3_right/2.png' remapped 'res://assets/art/bosses/xiahou_dun/attack_3_right/2.png' at thread -1
Loading resource: res://assets/art/bosses/xiahou_dun/attack_3_right/3.png remapped: res://assets/art/bosses/xiahou_dun/attack_3_right/3.png
Loading resource: res://.godot/imported/3.png-d553568aac573341b938a0042b73e607.ctex remapped: res://.godot/imported/3.png-d553568aac573341b938a0042b73e607.ctex
Completed load for: 'res://assets/art/bosses/xiahou_dun/attack_3_right/3.png' remapped 'res://assets/art/bosses/xiahou_dun/attack_3_right/3.png' at thread -1
Loading resource: res://assets/art/bosses/xiahou_dun/attack_3_right/4.png remapped: res://assets/art/bosses/xiahou_dun/attack_3_right/4.png
Loading resource: res://.godot/imported/4.png-0db95d980908049a43b9bb00070609f9.ctex remapped: res://.godot/imported/4.png-0db95d980908049a43b9bb00070609f9.ctex
Completed load for: 'res://assets/art/bosses/xiahou_dun/attack_3_right/4.png' remapped 'res://assets/art/bosses/xiahou_dun/attack_3_right/4.png' at thread -1
Loading resource: res://assets/art/bosses/xiahou_dun/attack_3_right/5.png remapped: res://assets/art/bosses/xiahou_dun/attack_3_right/5.png
Loading resource: res://.godot/imported/5.png-23d46b441c3599dbc9e1ed5ca035bb81.ctex remapped: res://.godot/imported/5.png-23d46b441c3599dbc9e1ed5ca035bb81.ctex
Completed load for: 'res://assets/art/bosses/xiahou_dun/attack_3_right/5.png' remapped 'res://assets/art/bosses/xiahou_dun/attack_3_right/5.png' at thread -1
Loading resource: res://assets/art/bosses/xiahou_dun/attack_3_right/6.png remapped: res://assets/art/bosses/xiahou_dun/attack_3_right/6.png
Loading resource: res://.godot/imported/6.png-8bb237be1bf30f421b95112b3b0dc2b3.ctex remapped: res://.godot/imported/6.png-8bb237be1bf30f421b95112b3b0dc2b3.ctex
Completed load for: 'res://assets/art/bosses/xiahou_dun/attack_3_right/6.png' remapped 'res://assets/art/bosses/xiahou_dun/attack_3_right/6.png' at thread -1
Loading resource: res://assets/art/bosses/xiahou_dun/attack_3_right/7.png remapped: res://assets/art/bosses/xiahou_dun/attack_3_right/7.png
Loading resource: res://.godot/imported/7.png-509aa9cd1d03a74d244020b1127f488c.ctex remapped: res://.godot/imported/7.png-509aa9cd1d03a74d244020b1127f488c.ctex
Completed load for: 'res://assets/art/bosses/xiahou_dun/attack_3_right/7.png' remapped 'res://assets/art/bosses/xiahou_dun/attack_3_right/7.png' at thread -1
Loading resource: res://assets/art/bosses/xiahou_dun/attack_3_right/8.png remapped: res://assets/art/bosses/xiahou_dun/attack_3_right/8.png
Loading resource: res://.godot/imported/8.png-d74761f747de1887d15ef9bd40844a48.ctex remapped: res://.godot/imported/8.png-d74761f747de1887d15ef9bd40844a48.ctex
Completed load for: 'res://assets/art/bosses/xiahou_dun/attack_3_right/8.png' remapped 'res://assets/art/bosses/xiahou_dun/attack_3_right/8.png' at thread -1
Loading resource: res://assets/art/bosses/xiahou_dun/attack_3_right/9.png remapped: res://assets/art/bosses/xiahou_dun/attack_3_right/9.png
Loading resource: res://.godot/imported/9.png-43153da6132731d78a22a73c1395a611.ctex remapped: res://.godot/imported/9.png-43153da6132731d78a22a73c1395a611.ctex
Completed load for: 'res://assets/art/bosses/xiahou_dun/attack_3_right/9.png' remapped 'res://assets/art/bosses/xiahou_dun/attack_3_right/9.png' at thread -1
Loading resource: res://assets/art/bosses/xiahou_dun/attack_4_right/1.png remapped: res://assets/art/bosses/xiahou_dun/attack_4_right/1.png
Loading resource: res://.godot/imported/1.png-b9d1803856775604d2aca1785578cffe.ctex remapped: res://.godot/imported/1.png-b9d1803856775604d2aca1785578cffe.ctex
Completed load for: 'res://assets/art/bosses/xiahou_dun/attack_4_right/1.png' remapped 'res://assets/art/bosses/xiahou_dun/attack_4_right/1.png' at thread -1
Loading resource: res://assets/art/bosses/xiahou_dun/attack_4_right/2.png remapped: res://assets/art/bosses/xiahou_dun/attack_4_right/2.png
Loading resource: res://.godot/imported/2.png-4d4f515a7efed5b75ed39a3743237d02.ctex remapped: res://.godot/imported/2.png-4d4f515a7efed5b75ed39a3743237d02.ctex
Completed load for: 'res://assets/art/bosses/xiahou_dun/attack_4_right/2.png' remapped 'res://assets/art/bosses/xiahou_dun/attack_4_right/2.png' at thread -1
Loading resource: res://assets/art/bosses/xiahou_dun/attack_4_right/3.png remapped: res://assets/art/bosses/xiahou_dun/attack_4_right/3.png
Loading resource: res://.godot/imported/3.png-c76b819b1c147008e958e2d0f08c0912.ctex remapped: res://.godot/imported/3.png-c76b819b1c147008e958e2d0f08c0912.ctex
Completed load for: 'res://assets/art/bosses/xiahou_dun/attack_4_right/3.png' remapped 'res://assets/art/bosses/xiahou_dun/attack_4_right/3.png' at thread -1
Loading resource: res://assets/art/bosses/xiahou_dun/attack_4_right/4.png remapped: res://assets/art/bosses/xiahou_dun/attack_4_right/4.png
Loading resource: res://.godot/imported/4.png-f30ca154f4b4a9d5fdba79068a4f8274.ctex remapped: res://.godot/imported/4.png-f30ca154f4b4a9d5fdba79068a4f8274.ctex
Completed load for: 'res://assets/art/bosses/xiahou_dun/attack_4_right/4.png' remapped 'res://assets/art/bosses/xiahou_dun/attack_4_right/4.png' at thread -1
Loading resource: res://assets/art/bosses/xiahou_dun/death_right/1.png remapped: res://assets/art/bosses/xiahou_dun/death_right/1.png
Loading resource: res://.godot/imported/1.png-2177c0cfa451f4ebe722248150aafd81.ctex remapped: res://.godot/imported/1.png-2177c0cfa451f4ebe722248150aafd81.ctex
Completed load for: 'res://assets/art/bosses/xiahou_dun/death_right/1.png' remapped 'res://assets/art/bosses/xiahou_dun/death_right/1.png' at thread -1
Loading resource: res://assets/art/bosses/xiahou_dun/death_right/2.png remapped: res://assets/art/bosses/xiahou_dun/death_right/2.png
Loading resource: res://.godot/imported/2.png-0d885d1975120a4c027509ee69596608.ctex remapped: res://.godot/imported/2.png-0d885d1975120a4c027509ee69596608.ctex
Completed load for: 'res://assets/art/bosses/xiahou_dun/death_right/2.png' remapped 'res://assets/art/bosses/xiahou_dun/death_right/2.png' at thread -1
Loading resource: res://assets/art/bosses/xiahou_dun/death_right/3.png remapped: res://assets/art/bosses/xiahou_dun/death_right/3.png
Loading resource: res://.godot/imported/3.png-ecb459c38c7dc58d561f97248beed166.ctex remapped: res://.godot/imported/3.png-ecb459c38c7dc58d561f97248beed166.ctex
Completed load for: 'res://assets/art/bosses/xiahou_dun/death_right/3.png' remapped 'res://assets/art/bosses/xiahou_dun/death_right/3.png' at thread -1
Loading resource: res://assets/art/bosses/xiahou_dun/death_right/4.png remapped: res://assets/art/bosses/xiahou_dun/death_right/4.png
Loading resource: res://.godot/imported/4.png-20da27b6b8278a2e04fb6148f3d40d96.ctex remapped: res://.godot/imported/4.png-20da27b6b8278a2e04fb6148f3d40d96.ctex
Completed load for: 'res://assets/art/bosses/xiahou_dun/death_right/4.png' remapped 'res://assets/art/bosses/xiahou_dun/death_right/4.png' at thread -1
Loading resource: res://assets/art/bosses/xiahou_dun/death_right/5.png remapped: res://assets/art/bosses/xiahou_dun/death_right/5.png
Loading resource: res://.godot/imported/5.png-6949e694abc7883fdce2bdf230bae724.ctex remapped: res://.godot/imported/5.png-6949e694abc7883fdce2bdf230bae724.ctex
Completed load for: 'res://assets/art/bosses/xiahou_dun/death_right/5.png' remapped 'res://assets/art/bosses/xiahou_dun/death_right/5.png' at thread -1
Loading resource: res://assets/art/bosses/lvbu/idle_right/1.png remapped: res://assets/art/bosses/lvbu/idle_right/1.png
Loading resource: res://.godot/imported/1.png-2df945414598e5481ac21c2820c76258.ctex remapped: res://.godot/imported/1.png-2df945414598e5481ac21c2820c76258.ctex
Completed load for: 'res://assets/art/bosses/lvbu/idle_right/1.png' remapped 'res://assets/art/bosses/lvbu/idle_right/1.png' at thread -1
Loading resource: res://assets/art/bosses/lvbu/idle_right/2.png remapped: res://assets/art/bosses/lvbu/idle_right/2.png
Loading resource: res://.godot/imported/2.png-4c84487a6ee36694bae6a2a9c0ca9ac3.ctex remapped: res://.godot/imported/2.png-4c84487a6ee36694bae6a2a9c0ca9ac3.ctex
Completed load for: 'res://assets/art/bosses/lvbu/idle_right/2.png' remapped 'res://assets/art/bosses/lvbu/idle_right/2.png' at thread -1
Loading resource: res://assets/art/bosses/lvbu/idle_right/3.png remapped: res://assets/art/bosses/lvbu/idle_right/3.png
Loading resource: res://.godot/imported/3.png-22b4a25db568bcf86436485575642c77.ctex remapped: res://.godot/imported/3.png-22b4a25db568bcf86436485575642c77.ctex
Completed load for: 'res://assets/art/bosses/lvbu/idle_right/3.png' remapped 'res://assets/art/bosses/lvbu/idle_right/3.png' at thread -1
Loading resource: res://assets/art/bosses/lvbu/idle_right/4.png remapped: res://assets/art/bosses/lvbu/idle_right/4.png
Loading resource: res://.godot/imported/4.png-e5b9d48e9a3cd939a25f2f2c6b650a7e.ctex remapped: res://.godot/imported/4.png-e5b9d48e9a3cd939a25f2f2c6b650a7e.ctex
Completed load for: 'res://assets/art/bosses/lvbu/idle_right/4.png' remapped 'res://assets/art/bosses/lvbu/idle_right/4.png' at thread -1
Loading resource: res://assets/art/bosses/lvbu/idle_right/5.png remapped: res://assets/art/bosses/lvbu/idle_right/5.png
Loading resource: res://.godot/imported/5.png-ff4cec43d20e22c83610fc64a6013849.ctex remapped: res://.godot/imported/5.png-ff4cec43d20e22c83610fc64a6013849.ctex
Completed load for: 'res://assets/art/bosses/lvbu/idle_right/5.png' remapped 'res://assets/art/bosses/lvbu/idle_right/5.png' at thread -1
Loading resource: res://assets/art/bosses/lvbu/idle_right/6.png remapped: res://assets/art/bosses/lvbu/idle_right/6.png
Loading resource: res://.godot/imported/6.png-bda0402d4863ff14187361d99d12f68d.ctex remapped: res://.godot/imported/6.png-bda0402d4863ff14187361d99d12f68d.ctex
Completed load for: 'res://assets/art/bosses/lvbu/idle_right/6.png' remapped 'res://assets/art/bosses/lvbu/idle_right/6.png' at thread -1
Loading resource: res://assets/art/bosses/lvbu/idle_right/7.png remapped: res://assets/art/bosses/lvbu/idle_right/7.png
Loading resource: res://.godot/imported/7.png-e27761fcf992180d4854be4dd86f7503.ctex remapped: res://.godot/imported/7.png-e27761fcf992180d4854be4dd86f7503.ctex
Completed load for: 'res://assets/art/bosses/lvbu/idle_right/7.png' remapped 'res://assets/art/bosses/lvbu/idle_right/7.png' at thread -1
Loading resource: res://assets/art/bosses/lvbu/idle_right/8.png remapped: res://assets/art/bosses/lvbu/idle_right/8.png
Loading resource: res://.godot/imported/8.png-12dfef3abdda54f73db5ec3f60c1fe33.ctex remapped: res://.godot/imported/8.png-12dfef3abdda54f73db5ec3f60c1fe33.ctex
Completed load for: 'res://assets/art/bosses/lvbu/idle_right/8.png' remapped 'res://assets/art/bosses/lvbu/idle_right/8.png' at thread -1
Loading resource: res://assets/art/bosses/lvbu/idle_right/9.png remapped: res://assets/art/bosses/lvbu/idle_right/9.png
Loading resource: res://.godot/imported/9.png-fb51230848aadb3802e0422638cd19f9.ctex remapped: res://.godot/imported/9.png-fb51230848aadb3802e0422638cd19f9.ctex
Completed load for: 'res://assets/art/bosses/lvbu/idle_right/9.png' remapped 'res://assets/art/bosses/lvbu/idle_right/9.png' at thread -1
Loading resource: res://assets/art/bosses/lvbu/idle_right/10.png remapped: res://assets/art/bosses/lvbu/idle_right/10.png
Loading resource: res://.godot/imported/10.png-0092249aed60485cc7774e3921db4cc2.ctex remapped: res://.godot/imported/10.png-0092249aed60485cc7774e3921db4cc2.ctex
Completed load for: 'res://assets/art/bosses/lvbu/idle_right/10.png' remapped 'res://assets/art/bosses/lvbu/idle_right/10.png' at thread -1
Loading resource: res://assets/art/bosses/lvbu/idle_right/11.png remapped: res://assets/art/bosses/lvbu/idle_right/11.png
Loading resource: res://.godot/imported/11.png-86d10e9a891d6f45fedc91fb922c6a87.ctex remapped: res://.godot/imported/11.png-86d10e9a891d6f45fedc91fb922c6a87.ctex
Completed load for: 'res://assets/art/bosses/lvbu/idle_right/11.png' remapped 'res://assets/art/bosses/lvbu/idle_right/11.png' at thread -1
Loading resource: res://assets/art/bosses/lvbu/walk_right/1.png remapped: res://assets/art/bosses/lvbu/walk_right/1.png
Loading resource: res://.godot/imported/1.png-e5c3235653809a6217dcfc3baa9fdfc5.ctex remapped: res://.godot/imported/1.png-e5c3235653809a6217dcfc3baa9fdfc5.ctex
Completed load for: 'res://assets/art/bosses/lvbu/walk_right/1.png' remapped 'res://assets/art/bosses/lvbu/walk_right/1.png' at thread -1
Loading resource: res://assets/art/bosses/lvbu/walk_right/2.png remapped: res://assets/art/bosses/lvbu/walk_right/2.png
Loading resource: res://.godot/imported/2.png-64b02a3c589e444519cfc7a5c31dee19.ctex remapped: res://.godot/imported/2.png-64b02a3c589e444519cfc7a5c31dee19.ctex
Completed load for: 'res://assets/art/bosses/lvbu/walk_right/2.png' remapped 'res://assets/art/bosses/lvbu/walk_right/2.png' at thread -1
Loading resource: res://assets/art/bosses/lvbu/walk_right/3.png remapped: res://assets/art/bosses/lvbu/walk_right/3.png
Loading resource: res://.godot/imported/3.png-cdb09cdebcbd80360bc120bbdc04bce1.ctex remapped: res://.godot/imported/3.png-cdb09cdebcbd80360bc120bbdc04bce1.ctex
Completed load for: 'res://assets/art/bosses/lvbu/walk_right/3.png' remapped 'res://assets/art/bosses/lvbu/walk_right/3.png' at thread -1
Loading resource: res://assets/art/bosses/lvbu/walk_right/4.png remapped: res://assets/art/bosses/lvbu/walk_right/4.png
Loading resource: res://.godot/imported/4.png-4a2b71ac29d6f5fdfd2a033d6af3557b.ctex remapped: res://.godot/imported/4.png-4a2b71ac29d6f5fdfd2a033d6af3557b.ctex
Completed load for: 'res://assets/art/bosses/lvbu/walk_right/4.png' remapped 'res://assets/art/bosses/lvbu/walk_right/4.png' at thread -1
Loading resource: res://assets/art/bosses/lvbu/walk_right/5.png remapped: res://assets/art/bosses/lvbu/walk_right/5.png
Loading resource: res://.godot/imported/5.png-eb859e1858b041058261b9cd49a5cf25.ctex remapped: res://.godot/imported/5.png-eb859e1858b041058261b9cd49a5cf25.ctex
Completed load for: 'res://assets/art/bosses/lvbu/walk_right/5.png' remapped 'res://assets/art/bosses/lvbu/walk_right/5.png' at thread -1
Loading resource: res://assets/art/bosses/lvbu/walk_right/6.png remapped: res://assets/art/bosses/lvbu/walk_right/6.png
Loading resource: res://.godot/imported/6.png-4c8a87b2af768c77ccc082241cb8c51d.ctex remapped: res://.godot/imported/6.png-4c8a87b2af768c77ccc082241cb8c51d.ctex
Completed load for: 'res://assets/art/bosses/lvbu/walk_right/6.png' remapped 'res://assets/art/bosses/lvbu/walk_right/6.png' at thread -1
Loading resource: res://assets/art/bosses/lvbu/walk_right/7.png remapped: res://assets/art/bosses/lvbu/walk_right/7.png
Loading resource: res://.godot/imported/7.png-8204adb2ecd69e8da0f7a2e7d7e1f5a7.ctex remapped: res://.godot/imported/7.png-8204adb2ecd69e8da0f7a2e7d7e1f5a7.ctex
Completed load for: 'res://assets/art/bosses/lvbu/walk_right/7.png' remapped 'res://assets/art/bosses/lvbu/walk_right/7.png' at thread -1
Loading resource: res://assets/art/bosses/lvbu/attack_1_right/1.png remapped: res://assets/art/bosses/lvbu/attack_1_right/1.png
Loading resource: res://.godot/imported/1.png-098728c6c3a3232f486626a4781af9b5.ctex remapped: res://.godot/imported/1.png-098728c6c3a3232f486626a4781af9b5.ctex
Completed load for: 'res://assets/art/bosses/lvbu/attack_1_right/1.png' remapped 'res://assets/art/bosses/lvbu/attack_1_right/1.png' at thread -1
Loading resource: res://assets/art/bosses/lvbu/attack_1_right/2.png remapped: res://assets/art/bosses/lvbu/attack_1_right/2.png
Loading resource: res://.godot/imported/2.png-8c64006d68ff593cbe8b07ae2375ed0d.ctex remapped: res://.godot/imported/2.png-8c64006d68ff593cbe8b07ae2375ed0d.ctex
Completed load for: 'res://assets/art/bosses/lvbu/attack_1_right/2.png' remapped 'res://assets/art/bosses/lvbu/attack_1_right/2.png' at thread -1
Loading resource: res://assets/art/bosses/lvbu/attack_1_right/3.png remapped: res://assets/art/bosses/lvbu/attack_1_right/3.png
Loading resource: res://.godot/imported/3.png-70519e0db5a88158f3ce13a924fcdad9.ctex remapped: res://.godot/imported/3.png-70519e0db5a88158f3ce13a924fcdad9.ctex
Completed load for: 'res://assets/art/bosses/lvbu/attack_1_right/3.png' remapped 'res://assets/art/bosses/lvbu/attack_1_right/3.png' at thread -1
Loading resource: res://assets/art/bosses/lvbu/attack_1_right/4.png remapped: res://assets/art/bosses/lvbu/attack_1_right/4.png
Loading resource: res://.godot/imported/4.png-22437fe324f6726a7ae2ab5017b2f662.ctex remapped: res://.godot/imported/4.png-22437fe324f6726a7ae2ab5017b2f662.ctex
Completed load for: 'res://assets/art/bosses/lvbu/attack_1_right/4.png' remapped 'res://assets/art/bosses/lvbu/attack_1_right/4.png' at thread -1
Loading resource: res://assets/art/bosses/lvbu/attack_1_right/9.png remapped: res://assets/art/bosses/lvbu/attack_1_right/9.png
Loading resource: res://.godot/imported/9.png-c7e3a869569d4ffc025955ae8c67125a.ctex remapped: res://.godot/imported/9.png-c7e3a869569d4ffc025955ae8c67125a.ctex
Completed load for: 'res://assets/art/bosses/lvbu/attack_1_right/9.png' remapped 'res://assets/art/bosses/lvbu/attack_1_right/9.png' at thread -1
Loading resource: res://assets/art/bosses/lvbu/attack_1_right/11.png remapped: res://assets/art/bosses/lvbu/attack_1_right/11.png
Loading resource: res://.godot/imported/11.png-54d9e8d2fafc7f0c6e1a67558ada9c62.ctex remapped: res://.godot/imported/11.png-54d9e8d2fafc7f0c6e1a67558ada9c62.ctex
Completed load for: 'res://assets/art/bosses/lvbu/attack_1_right/11.png' remapped 'res://assets/art/bosses/lvbu/attack_1_right/11.png' at thread -1
Loading resource: res://assets/art/bosses/lvbu/attack_1_right/12.png remapped: res://assets/art/bosses/lvbu/attack_1_right/12.png
Loading resource: res://.godot/imported/12.png-4da605aa881f4b00fb9501cea612ac1d.ctex remapped: res://.godot/imported/12.png-4da605aa881f4b00fb9501cea612ac1d.ctex
Completed load for: 'res://assets/art/bosses/lvbu/attack_1_right/12.png' remapped 'res://assets/art/bosses/lvbu/attack_1_right/12.png' at thread -1
Loading resource: res://assets/art/bosses/lvbu/attack_2_right/13.png remapped: res://assets/art/bosses/lvbu/attack_2_right/13.png
Loading resource: res://.godot/imported/13.png-e318b40af3ed7c67b1b74ea4b01e1a26.ctex remapped: res://.godot/imported/13.png-e318b40af3ed7c67b1b74ea4b01e1a26.ctex
Completed load for: 'res://assets/art/bosses/lvbu/attack_2_right/13.png' remapped 'res://assets/art/bosses/lvbu/attack_2_right/13.png' at thread -1
Loading resource: res://assets/art/bosses/lvbu/attack_2_right/14.png remapped: res://assets/art/bosses/lvbu/attack_2_right/14.png
Loading resource: res://.godot/imported/14.png-86287625b97d07802c952ca73a05d570.ctex remapped: res://.godot/imported/14.png-86287625b97d07802c952ca73a05d570.ctex
Completed load for: 'res://assets/art/bosses/lvbu/attack_2_right/14.png' remapped 'res://assets/art/bosses/lvbu/attack_2_right/14.png' at thread -1
Loading resource: res://assets/art/bosses/lvbu/attack_2_right/15.png remapped: res://assets/art/bosses/lvbu/attack_2_right/15.png
Loading resource: res://.godot/imported/15.png-7d3add6cf02fb0a1a34ffd01dd3fb794.ctex remapped: res://.godot/imported/15.png-7d3add6cf02fb0a1a34ffd01dd3fb794.ctex
Completed load for: 'res://assets/art/bosses/lvbu/attack_2_right/15.png' remapped 'res://assets/art/bosses/lvbu/attack_2_right/15.png' at thread -1
Loading resource: res://assets/art/bosses/lvbu/attack_2_right/16.png remapped: res://assets/art/bosses/lvbu/attack_2_right/16.png
Loading resource: res://.godot/imported/16.png-66a957bfd0265ed883f5ac67bb234913.ctex remapped: res://.godot/imported/16.png-66a957bfd0265ed883f5ac67bb234913.ctex
Completed load for: 'res://assets/art/bosses/lvbu/attack_2_right/16.png' remapped 'res://assets/art/bosses/lvbu/attack_2_right/16.png' at thread -1
Loading resource: res://assets/art/bosses/lvbu/attack_2_right/17.png remapped: res://assets/art/bosses/lvbu/attack_2_right/17.png
Loading resource: res://.godot/imported/17.png-261634a9202623880757214aac0e93fb.ctex remapped: res://.godot/imported/17.png-261634a9202623880757214aac0e93fb.ctex
Completed load for: 'res://assets/art/bosses/lvbu/attack_2_right/17.png' remapped 'res://assets/art/bosses/lvbu/attack_2_right/17.png' at thread -1
Loading resource: res://assets/art/bosses/lvbu/attack_2_right/18.png remapped: res://assets/art/bosses/lvbu/attack_2_right/18.png
Loading resource: res://.godot/imported/18.png-70cc2ba2f98a2d4663c08c973f65ebdc.ctex remapped: res://.godot/imported/18.png-70cc2ba2f98a2d4663c08c973f65ebdc.ctex
Completed load for: 'res://assets/art/bosses/lvbu/attack_2_right/18.png' remapped 'res://assets/art/bosses/lvbu/attack_2_right/18.png' at thread -1
Loading resource: res://assets/art/bosses/lvbu/attack_2_right/19.png remapped: res://assets/art/bosses/lvbu/attack_2_right/19.png
Loading resource: res://.godot/imported/19.png-df746d5a2fafc261f262fcb44310b0a9.ctex remapped: res://.godot/imported/19.png-df746d5a2fafc261f262fcb44310b0a9.ctex
Completed load for: 'res://assets/art/bosses/lvbu/attack_2_right/19.png' remapped 'res://assets/art/bosses/lvbu/attack_2_right/19.png' at thread -1
Loading resource: res://assets/art/bosses/lvbu/attack_3_right/1.png remapped: res://assets/art/bosses/lvbu/attack_3_right/1.png
Loading resource: res://.godot/imported/1.png-9af68876fa6be2d40eb1bce96bd9e912.ctex remapped: res://.godot/imported/1.png-9af68876fa6be2d40eb1bce96bd9e912.ctex
Completed load for: 'res://assets/art/bosses/lvbu/attack_3_right/1.png' remapped 'res://assets/art/bosses/lvbu/attack_3_right/1.png' at thread -1
Loading resource: res://assets/art/bosses/lvbu/attack_3_right/2.png remapped: res://assets/art/bosses/lvbu/attack_3_right/2.png
Loading resource: res://.godot/imported/2.png-68372ad7c5e8aba68b421982e0e65dab.ctex remapped: res://.godot/imported/2.png-68372ad7c5e8aba68b421982e0e65dab.ctex
Completed load for: 'res://assets/art/bosses/lvbu/attack_3_right/2.png' remapped 'res://assets/art/bosses/lvbu/attack_3_right/2.png' at thread -1
Loading resource: res://assets/art/bosses/lvbu/attack_3_right/3.png remapped: res://assets/art/bosses/lvbu/attack_3_right/3.png
Loading resource: res://.godot/imported/3.png-0c0cea8ee6d496a7ddc3b82d399eb0b1.ctex remapped: res://.godot/imported/3.png-0c0cea8ee6d496a7ddc3b82d399eb0b1.ctex
Completed load for: 'res://assets/art/bosses/lvbu/attack_3_right/3.png' remapped 'res://assets/art/bosses/lvbu/attack_3_right/3.png' at thread -1
Loading resource: res://assets/art/bosses/lvbu/attack_3_right/4.png remapped: res://assets/art/bosses/lvbu/attack_3_right/4.png
Loading resource: res://.godot/imported/4.png-1c5d79da1c573a122861c1f1f0dd82e9.ctex remapped: res://.godot/imported/4.png-1c5d79da1c573a122861c1f1f0dd82e9.ctex
Completed load for: 'res://assets/art/bosses/lvbu/attack_3_right/4.png' remapped 'res://assets/art/bosses/lvbu/attack_3_right/4.png' at thread -1
Loading resource: res://assets/art/bosses/lvbu/attack_3_right/5.png remapped: res://assets/art/bosses/lvbu/attack_3_right/5.png
Loading resource: res://.godot/imported/5.png-fa91fae5bf0fb39f40162d3b23b59bdc.ctex remapped: res://.godot/imported/5.png-fa91fae5bf0fb39f40162d3b23b59bdc.ctex
Completed load for: 'res://assets/art/bosses/lvbu/attack_3_right/5.png' remapped 'res://assets/art/bosses/lvbu/attack_3_right/5.png' at thread -1
Loading resource: res://assets/art/bosses/lvbu/attack_3_right/6.png remapped: res://assets/art/bosses/lvbu/attack_3_right/6.png
Loading resource: res://.godot/imported/6.png-91b57cce60f91df46b217ad44fd43c32.ctex remapped: res://.godot/imported/6.png-91b57cce60f91df46b217ad44fd43c32.ctex
Completed load for: 'res://assets/art/bosses/lvbu/attack_3_right/6.png' remapped 'res://assets/art/bosses/lvbu/attack_3_right/6.png' at thread -1
Loading resource: res://assets/art/bosses/lvbu/attack_3_right/7.png remapped: res://assets/art/bosses/lvbu/attack_3_right/7.png
Loading resource: res://.godot/imported/7.png-f01da7be177b75a76fb2055d822e34a9.ctex remapped: res://.godot/imported/7.png-f01da7be177b75a76fb2055d822e34a9.ctex
Completed load for: 'res://assets/art/bosses/lvbu/attack_3_right/7.png' remapped 'res://assets/art/bosses/lvbu/attack_3_right/7.png' at thread -1
Loading resource: res://assets/art/bosses/lvbu/attack_3_right/8.png remapped: res://assets/art/bosses/lvbu/attack_3_right/8.png
Loading resource: res://.godot/imported/8.png-900bdaf7b0b3932925cdbdd618f72715.ctex remapped: res://.godot/imported/8.png-900bdaf7b0b3932925cdbdd618f72715.ctex
Completed load for: 'res://assets/art/bosses/lvbu/attack_3_right/8.png' remapped 'res://assets/art/bosses/lvbu/attack_3_right/8.png' at thread -1
Loading resource: res://assets/art/bosses/lvbu/effects/attack_1/action-action1_00.png remapped: res://assets/art/bosses/lvbu/effects/attack_1/action-action1_00.png
Loading resource: res://.godot/imported/action-action1_00.png-6fbf4b586336ca035ab503313346ddd3.ctex remapped: res://.godot/imported/action-action1_00.png-6fbf4b586336ca035ab503313346ddd3.ctex
Completed load for: 'res://assets/art/bosses/lvbu/effects/attack_1/action-action1_00.png' remapped 'res://assets/art/bosses/lvbu/effects/attack_1/action-action1_00.png' at thread -1
Loading resource: res://assets/art/bosses/lvbu/effects/attack_1/action-action1_01.png remapped: res://assets/art/bosses/lvbu/effects/attack_1/action-action1_01.png
Loading resource: res://.godot/imported/action-action1_01.png-f5d95c8c2076e4c78b3bb9ff08938523.ctex remapped: res://.godot/imported/action-action1_01.png-f5d95c8c2076e4c78b3bb9ff08938523.ctex
Completed load for: 'res://assets/art/bosses/lvbu/effects/attack_1/action-action1_01.png' remapped 'res://assets/art/bosses/lvbu/effects/attack_1/action-action1_01.png' at thread -1
Loading resource: res://assets/art/bosses/lvbu/effects/attack_1/action-action1_02.png remapped: res://assets/art/bosses/lvbu/effects/attack_1/action-action1_02.png
Loading resource: res://.godot/imported/action-action1_02.png-171819054bfd2f9bfac26cc43e16efc6.ctex remapped: res://.godot/imported/action-action1_02.png-171819054bfd2f9bfac26cc43e16efc6.ctex
Completed load for: 'res://assets/art/bosses/lvbu/effects/attack_1/action-action1_02.png' remapped 'res://assets/art/bosses/lvbu/effects/attack_1/action-action1_02.png' at thread -1
Loading resource: res://assets/art/bosses/lvbu/effects/attack_1/action-action1_03.png remapped: res://assets/art/bosses/lvbu/effects/attack_1/action-action1_03.png
Loading resource: res://.godot/imported/action-action1_03.png-600242f25563e47c8f99deeb0551fd4e.ctex remapped: res://.godot/imported/action-action1_03.png-600242f25563e47c8f99deeb0551fd4e.ctex
Completed load for: 'res://assets/art/bosses/lvbu/effects/attack_1/action-action1_03.png' remapped 'res://assets/art/bosses/lvbu/effects/attack_1/action-action1_03.png' at thread -1
Loading resource: res://assets/art/bosses/lvbu/effects/attack_1/action-action1_04.png remapped: res://assets/art/bosses/lvbu/effects/attack_1/action-action1_04.png
Loading resource: res://.godot/imported/action-action1_04.png-30c67f9f210b32761bb8d47eb0119f3b.ctex remapped: res://.godot/imported/action-action1_04.png-30c67f9f210b32761bb8d47eb0119f3b.ctex
Completed load for: 'res://assets/art/bosses/lvbu/effects/attack_1/action-action1_04.png' remapped 'res://assets/art/bosses/lvbu/effects/attack_1/action-action1_04.png' at thread -1
Loading resource: res://assets/art/bosses/lvbu/effects/attack_1/action-action1_05.png remapped: res://assets/art/bosses/lvbu/effects/attack_1/action-action1_05.png
Loading resource: res://.godot/imported/action-action1_05.png-8d89f3e597f188fbe4deda4712d44610.ctex remapped: res://.godot/imported/action-action1_05.png-8d89f3e597f188fbe4deda4712d44610.ctex
Completed load for: 'res://assets/art/bosses/lvbu/effects/attack_1/action-action1_05.png' remapped 'res://assets/art/bosses/lvbu/effects/attack_1/action-action1_05.png' at thread -1
Loading resource: res://assets/art/bosses/lvbu/effects/attack_1/action-action1_06.png remapped: res://assets/art/bosses/lvbu/effects/attack_1/action-action1_06.png
Loading resource: res://.godot/imported/action-action1_06.png-5cd644123e9e3083716e4093e577a573.ctex remapped: res://.godot/imported/action-action1_06.png-5cd644123e9e3083716e4093e577a573.ctex
Completed load for: 'res://assets/art/bosses/lvbu/effects/attack_1/action-action1_06.png' remapped 'res://assets/art/bosses/lvbu/effects/attack_1/action-action1_06.png' at thread -1
Loading resource: res://assets/art/bosses/lvbu/effects/attack_1/action-action1_07.png remapped: res://assets/art/bosses/lvbu/effects/attack_1/action-action1_07.png
Loading resource: res://.godot/imported/action-action1_07.png-6d1111edac4b1af9db76c509a26e2d1e.ctex remapped: res://.godot/imported/action-action1_07.png-6d1111edac4b1af9db76c509a26e2d1e.ctex
Completed load for: 'res://assets/art/bosses/lvbu/effects/attack_1/action-action1_07.png' remapped 'res://assets/art/bosses/lvbu/effects/attack_1/action-action1_07.png' at thread -1
Loading resource: res://assets/art/bosses/lvbu/effects/attack_1/action-action1_08.png remapped: res://assets/art/bosses/lvbu/effects/attack_1/action-action1_08.png
Loading resource: res://.godot/imported/action-action1_08.png-252788b1db21666b65bc8cf4f88005f5.ctex remapped: res://.godot/imported/action-action1_08.png-252788b1db21666b65bc8cf4f88005f5.ctex
Completed load for: 'res://assets/art/bosses/lvbu/effects/attack_1/action-action1_08.png' remapped 'res://assets/art/bosses/lvbu/effects/attack_1/action-action1_08.png' at thread -1
Loading resource: res://assets/art/bosses/lvbu/effects/attack_1/action-action1_09.png remapped: res://assets/art/bosses/lvbu/effects/attack_1/action-action1_09.png
Loading resource: res://.godot/imported/action-action1_09.png-6c15d622682a40a1ac5cc38a597cb736.ctex remapped: res://.godot/imported/action-action1_09.png-6c15d622682a40a1ac5cc38a597cb736.ctex
Completed load for: 'res://assets/art/bosses/lvbu/effects/attack_1/action-action1_09.png' remapped 'res://assets/art/bosses/lvbu/effects/attack_1/action-action1_09.png' at thread -1
Loading resource: res://assets/art/bosses/lvbu/effects/attack_2/action-action2_00.png remapped: res://assets/art/bosses/lvbu/effects/attack_2/action-action2_00.png
Loading resource: res://.godot/imported/action-action2_00.png-62aab436522dd88dac1717d6027c184a.ctex remapped: res://.godot/imported/action-action2_00.png-62aab436522dd88dac1717d6027c184a.ctex
Completed load for: 'res://assets/art/bosses/lvbu/effects/attack_2/action-action2_00.png' remapped 'res://assets/art/bosses/lvbu/effects/attack_2/action-action2_00.png' at thread -1
Loading resource: res://assets/art/bosses/lvbu/effects/attack_2/action-action2_01.png remapped: res://assets/art/bosses/lvbu/effects/attack_2/action-action2_01.png
Loading resource: res://.godot/imported/action-action2_01.png-4e8d72a2430ee60b23e4dfaf5b793331.ctex remapped: res://.godot/imported/action-action2_01.png-4e8d72a2430ee60b23e4dfaf5b793331.ctex
Completed load for: 'res://assets/art/bosses/lvbu/effects/attack_2/action-action2_01.png' remapped 'res://assets/art/bosses/lvbu/effects/attack_2/action-action2_01.png' at thread -1
Loading resource: res://assets/art/bosses/lvbu/effects/attack_2/action-action2_02.png remapped: res://assets/art/bosses/lvbu/effects/attack_2/action-action2_02.png
Loading resource: res://.godot/imported/action-action2_02.png-f82d12f4c3a0970f5f97d4bc7c3123c8.ctex remapped: res://.godot/imported/action-action2_02.png-f82d12f4c3a0970f5f97d4bc7c3123c8.ctex
Completed load for: 'res://assets/art/bosses/lvbu/effects/attack_2/action-action2_02.png' remapped 'res://assets/art/bosses/lvbu/effects/attack_2/action-action2_02.png' at thread -1
Loading resource: res://assets/art/bosses/lvbu/effects/attack_2/action-action2_03.png remapped: res://assets/art/bosses/lvbu/effects/attack_2/action-action2_03.png
Loading resource: res://.godot/imported/action-action2_03.png-819fa1e1fc26684e5a199bc465db8f39.ctex remapped: res://.godot/imported/action-action2_03.png-819fa1e1fc26684e5a199bc465db8f39.ctex
Completed load for: 'res://assets/art/bosses/lvbu/effects/attack_2/action-action2_03.png' remapped 'res://assets/art/bosses/lvbu/effects/attack_2/action-action2_03.png' at thread -1
Loading resource: res://assets/art/bosses/lvbu/effects/attack_2/action-action2_04.png remapped: res://assets/art/bosses/lvbu/effects/attack_2/action-action2_04.png
Loading resource: res://.godot/imported/action-action2_04.png-927b4989d852afacf942416c8c069771.ctex remapped: res://.godot/imported/action-action2_04.png-927b4989d852afacf942416c8c069771.ctex
Completed load for: 'res://assets/art/bosses/lvbu/effects/attack_2/action-action2_04.png' remapped 'res://assets/art/bosses/lvbu/effects/attack_2/action-action2_04.png' at thread -1
Loading resource: res://assets/art/bosses/lvbu/effects/attack_2/action-action2_05.png remapped: res://assets/art/bosses/lvbu/effects/attack_2/action-action2_05.png
Loading resource: res://.godot/imported/action-action2_05.png-38aaf5d0fea26287d5c33cdf1ccd0946.ctex remapped: res://.godot/imported/action-action2_05.png-38aaf5d0fea26287d5c33cdf1ccd0946.ctex
Completed load for: 'res://assets/art/bosses/lvbu/effects/attack_2/action-action2_05.png' remapped 'res://assets/art/bosses/lvbu/effects/attack_2/action-action2_05.png' at thread -1
Loading resource: res://assets/art/bosses/lvbu/effects/attack_2/action-action2_06.png remapped: res://assets/art/bosses/lvbu/effects/attack_2/action-action2_06.png
Loading resource: res://.godot/imported/action-action2_06.png-c21afd29c63f095b37449cb06fae49c6.ctex remapped: res://.godot/imported/action-action2_06.png-c21afd29c63f095b37449cb06fae49c6.ctex
Completed load for: 'res://assets/art/bosses/lvbu/effects/attack_2/action-action2_06.png' remapped 'res://assets/art/bosses/lvbu/effects/attack_2/action-action2_06.png' at thread -1
Loading resource: res://assets/art/bosses/lvbu/effects/attack_2/action-action2_07.png remapped: res://assets/art/bosses/lvbu/effects/attack_2/action-action2_07.png
Loading resource: res://.godot/imported/action-action2_07.png-d65b86e3741f078738d028da4f2bfec2.ctex remapped: res://.godot/imported/action-action2_07.png-d65b86e3741f078738d028da4f2bfec2.ctex
Completed load for: 'res://assets/art/bosses/lvbu/effects/attack_2/action-action2_07.png' remapped 'res://assets/art/bosses/lvbu/effects/attack_2/action-action2_07.png' at thread -1
Loading resource: res://assets/art/bosses/lvbu/effects/attack_2/action-action2_08.png remapped: res://assets/art/bosses/lvbu/effects/attack_2/action-action2_08.png
Loading resource: res://.godot/imported/action-action2_08.png-c3c2bd8557a1f40458102e22f9a4b35e.ctex remapped: res://.godot/imported/action-action2_08.png-c3c2bd8557a1f40458102e22f9a4b35e.ctex
Completed load for: 'res://assets/art/bosses/lvbu/effects/attack_2/action-action2_08.png' remapped 'res://assets/art/bosses/lvbu/effects/attack_2/action-action2_08.png' at thread -1
Loading resource: res://assets/art/bosses/lvbu/effects/attack_2/action-action2_09.png remapped: res://assets/art/bosses/lvbu/effects/attack_2/action-action2_09.png
Loading resource: res://.godot/imported/action-action2_09.png-bde8da5ba3f57da76e49d6ba8628bb20.ctex remapped: res://.godot/imported/action-action2_09.png-bde8da5ba3f57da76e49d6ba8628bb20.ctex
Completed load for: 'res://assets/art/bosses/lvbu/effects/attack_2/action-action2_09.png' remapped 'res://assets/art/bosses/lvbu/effects/attack_2/action-action2_09.png' at thread -1
Loading resource: res://assets/art/bosses/lvbu/effects/attack_2/action-action2_10.png remapped: res://assets/art/bosses/lvbu/effects/attack_2/action-action2_10.png
Loading resource: res://.godot/imported/action-action2_10.png-cc02f807d2cb1dd3f09319d70e3fa86d.ctex remapped: res://.godot/imported/action-action2_10.png-cc02f807d2cb1dd3f09319d70e3fa86d.ctex
Completed load for: 'res://assets/art/bosses/lvbu/effects/attack_2/action-action2_10.png' remapped 'res://assets/art/bosses/lvbu/effects/attack_2/action-action2_10.png' at thread -1
Loading resource: res://assets/art/bosses/lvbu/effects/attack_2/action-action2_11.png remapped: res://assets/art/bosses/lvbu/effects/attack_2/action-action2_11.png
Loading resource: res://.godot/imported/action-action2_11.png-c1c0691e3cc9ba22a97a6d1628ca3184.ctex remapped: res://.godot/imported/action-action2_11.png-c1c0691e3cc9ba22a97a6d1628ca3184.ctex
Completed load for: 'res://assets/art/bosses/lvbu/effects/attack_2/action-action2_11.png' remapped 'res://assets/art/bosses/lvbu/effects/attack_2/action-action2_11.png' at thread -1
Loading resource: res://assets/art/bosses/lvbu/effects/attack_2/action-action2_12.png remapped: res://assets/art/bosses/lvbu/effects/attack_2/action-action2_12.png
Loading resource: res://.godot/imported/action-action2_12.png-d3c5284729ceb6cb66eb034dce8aaee6.ctex remapped: res://.godot/imported/action-action2_12.png-d3c5284729ceb6cb66eb034dce8aaee6.ctex
Completed load for: 'res://assets/art/bosses/lvbu/effects/attack_2/action-action2_12.png' remapped 'res://assets/art/bosses/lvbu/effects/attack_2/action-action2_12.png' at thread -1
Loading resource: res://assets/art/bosses/lvbu/effects/attack_2/action-action2_13.png remapped: res://assets/art/bosses/lvbu/effects/attack_2/action-action2_13.png
Loading resource: res://.godot/imported/action-action2_13.png-28e2235691e577bf38a77890c0eb9139.ctex remapped: res://.godot/imported/action-action2_13.png-28e2235691e577bf38a77890c0eb9139.ctex
Completed load for: 'res://assets/art/bosses/lvbu/effects/attack_2/action-action2_13.png' remapped 'res://assets/art/bosses/lvbu/effects/attack_2/action-action2_13.png' at thread -1
Loading resource: res://assets/art/bosses/lvbu/effects/attack_2/action-action2_14.png remapped: res://assets/art/bosses/lvbu/effects/attack_2/action-action2_14.png
Loading resource: res://.godot/imported/action-action2_14.png-fbbc6d9179429645c6b2aec925bdb664.ctex remapped: res://.godot/imported/action-action2_14.png-fbbc6d9179429645c6b2aec925bdb664.ctex
Completed load for: 'res://assets/art/bosses/lvbu/effects/attack_2/action-action2_14.png' remapped 'res://assets/art/bosses/lvbu/effects/attack_2/action-action2_14.png' at thread -1
Loading resource: res://assets/art/bosses/lvbu/death_right/1.png remapped: res://assets/art/bosses/lvbu/death_right/1.png
Loading resource: res://.godot/imported/1.png-836cad7cd097412ea30fa7e8a31ba9ff.ctex remapped: res://.godot/imported/1.png-836cad7cd097412ea30fa7e8a31ba9ff.ctex
Completed load for: 'res://assets/art/bosses/lvbu/death_right/1.png' remapped 'res://assets/art/bosses/lvbu/death_right/1.png' at thread -1
Loading resource: res://assets/art/bosses/lvbu/death_right/2.png remapped: res://assets/art/bosses/lvbu/death_right/2.png
Loading resource: res://.godot/imported/2.png-bff0e6c9d51efa58b3478f84abc3e5d5.ctex remapped: res://.godot/imported/2.png-bff0e6c9d51efa58b3478f84abc3e5d5.ctex
Completed load for: 'res://assets/art/bosses/lvbu/death_right/2.png' remapped 'res://assets/art/bosses/lvbu/death_right/2.png' at thread -1
Loading resource: res://assets/art/bosses/lvbu/death_right/3.png remapped: res://assets/art/bosses/lvbu/death_right/3.png
Loading resource: res://.godot/imported/3.png-7c847759c4cb5727d7c52d74bce35d0f.ctex remapped: res://.godot/imported/3.png-7c847759c4cb5727d7c52d74bce35d0f.ctex
Completed load for: 'res://assets/art/bosses/lvbu/death_right/3.png' remapped 'res://assets/art/bosses/lvbu/death_right/3.png' at thread -1
Loading resource: res://assets/art/bosses/lvbu/death_right/5.png remapped: res://assets/art/bosses/lvbu/death_right/5.png
Loading resource: res://.godot/imported/5.png-451b0790cdc46df4fce9c9e4e80f8d79.ctex remapped: res://.godot/imported/5.png-451b0790cdc46df4fce9c9e4e80f8d79.ctex
Completed load for: 'res://assets/art/bosses/lvbu/death_right/5.png' remapped 'res://assets/art/bosses/lvbu/death_right/5.png' at thread -1
Loading resource: res://assets/art/bosses/lvbu/death_right/6.png remapped: res://assets/art/bosses/lvbu/death_right/6.png
Loading resource: res://.godot/imported/6.png-a3eabf2861949b631a464c3293ef8e92.ctex remapped: res://.godot/imported/6.png-a3eabf2861949b631a464c3293ef8e92.ctex
Completed load for: 'res://assets/art/bosses/lvbu/death_right/6.png' remapped 'res://assets/art/bosses/lvbu/death_right/6.png' at thread -1
Loading resource: res://assets/art/characters/zhao_yun/sprites/death_right/zhaoyun-death-right-01.png remapped: res://assets/art/characters/zhao_yun/sprites/death_right/zhaoyun-death-right-01.png
Loading resource: res://.godot/imported/zhaoyun-death-right-01.png-da0b18724fd002321f0e3c838c15d767.ctex remapped: res://.godot/imported/zhaoyun-death-right-01.png-da0b18724fd002321f0e3c838c15d767.ctex
Completed load for: 'res://assets/art/characters/zhao_yun/sprites/death_right/zhaoyun-death-right-01.png' remapped 'res://assets/art/characters/zhao_yun/sprites/death_right/zhaoyun-death-right-01.png' at thread -1
Loading resource: res://assets/art/characters/zhao_yun/sprites/death_right/zhaoyun-death-right-02.png remapped: res://assets/art/characters/zhao_yun/sprites/death_right/zhaoyun-death-right-02.png
Loading resource: res://.godot/imported/zhaoyun-death-right-02.png-c1ddd76a6645a385903f491ebe88b31e.ctex remapped: res://.godot/imported/zhaoyun-death-right-02.png-c1ddd76a6645a385903f491ebe88b31e.ctex
Completed load for: 'res://assets/art/characters/zhao_yun/sprites/death_right/zhaoyun-death-right-02.png' remapped 'res://assets/art/characters/zhao_yun/sprites/death_right/zhaoyun-death-right-02.png' at thread -1
Loading resource: res://assets/art/characters/zhao_yun/sprites/death_right/zhaoyun-death-right-03.png remapped: res://assets/art/characters/zhao_yun/sprites/death_right/zhaoyun-death-right-03.png
Loading resource: res://.godot/imported/zhaoyun-death-right-03.png-d5c861ec614c39db9ee8773acea3b905.ctex remapped: res://.godot/imported/zhaoyun-death-right-03.png-d5c861ec614c39db9ee8773acea3b905.ctex
Completed load for: 'res://assets/art/characters/zhao_yun/sprites/death_right/zhaoyun-death-right-03.png' remapped 'res://assets/art/characters/zhao_yun/sprites/death_right/zhaoyun-death-right-03.png' at thread -1
Loading resource: res://assets/art/characters/zhao_yun/sprites/death_right/zhaoyun-death-right-04.png remapped: res://assets/art/characters/zhao_yun/sprites/death_right/zhaoyun-death-right-04.png
Loading resource: res://.godot/imported/zhaoyun-death-right-04.png-6e8a88c6d916aebcb2b2f7642d988954.ctex remapped: res://.godot/imported/zhaoyun-death-right-04.png-6e8a88c6d916aebcb2b2f7642d988954.ctex
Completed load for: 'res://assets/art/characters/zhao_yun/sprites/death_right/zhaoyun-death-right-04.png' remapped 'res://assets/art/characters/zhao_yun/sprites/death_right/zhaoyun-death-right-04.png' at thread -1
Loading resource: res://assets/art/characters/zhang_fei/sprites/death_right/zhang-fei-death-01.png remapped: res://assets/art/characters/zhang_fei/sprites/death_right/zhang-fei-death-01.png
Loading resource: res://.godot/imported/zhang-fei-death-01.png-88f1058679c0f8873cb3decdb476521b.ctex remapped: res://.godot/imported/zhang-fei-death-01.png-88f1058679c0f8873cb3decdb476521b.ctex
Completed load for: 'res://assets/art/characters/zhang_fei/sprites/death_right/zhang-fei-death-01.png' remapped 'res://assets/art/characters/zhang_fei/sprites/death_right/zhang-fei-death-01.png' at thread -1
Loading resource: res://assets/art/characters/zhang_fei/sprites/death_right/zhang-fei-death-02.png remapped: res://assets/art/characters/zhang_fei/sprites/death_right/zhang-fei-death-02.png
Loading resource: res://.godot/imported/zhang-fei-death-02.png-762a9977f433918c13ee1310bafaefca.ctex remapped: res://.godot/imported/zhang-fei-death-02.png-762a9977f433918c13ee1310bafaefca.ctex
Completed load for: 'res://assets/art/characters/zhang_fei/sprites/death_right/zhang-fei-death-02.png' remapped 'res://assets/art/characters/zhang_fei/sprites/death_right/zhang-fei-death-02.png' at thread -1
Loading resource: res://assets/art/characters/zhang_fei/sprites/death_right/zhang-fei-death-03.png remapped: res://assets/art/characters/zhang_fei/sprites/death_right/zhang-fei-death-03.png
Loading resource: res://.godot/imported/zhang-fei-death-03.png-d642c08a847032e6e5038755c42f955a.ctex remapped: res://.godot/imported/zhang-fei-death-03.png-d642c08a847032e6e5038755c42f955a.ctex
Completed load for: 'res://assets/art/characters/zhang_fei/sprites/death_right/zhang-fei-death-03.png' remapped 'res://assets/art/characters/zhang_fei/sprites/death_right/zhang-fei-death-03.png' at thread -1
Loading resource: res://assets/art/characters/zhang_fei/sprites/death_right/zhang-fei-death-04.png remapped: res://assets/art/characters/zhang_fei/sprites/death_right/zhang-fei-death-04.png
Loading resource: res://.godot/imported/zhang-fei-death-04.png-cabc52cd6a4d4851f4f210ee16f9af52.ctex remapped: res://.godot/imported/zhang-fei-death-04.png-cabc52cd6a4d4851f4f210ee16f9af52.ctex
Completed load for: 'res://assets/art/characters/zhang_fei/sprites/death_right/zhang-fei-death-04.png' remapped 'res://assets/art/characters/zhang_fei/sprites/death_right/zhang-fei-death-04.png' at thread -1
Loading resource: res://assets/art/characters/zhao_yun/sprites/attack_01_right/zhaoyun-attack-01-right-01.png remapped: res://assets/art/characters/zhao_yun/sprites/attack_01_right/zhaoyun-attack-01-right-01.png
Loading resource: res://.godot/imported/zhaoyun-attack-01-right-01.png-9255cdd89acfad476bb279141e2093ab.ctex remapped: res://.godot/imported/zhaoyun-attack-01-right-01.png-9255cdd89acfad476bb279141e2093ab.ctex
Completed load for: 'res://assets/art/characters/zhao_yun/sprites/attack_01_right/zhaoyun-attack-01-right-01.png' remapped 'res://assets/art/characters/zhao_yun/sprites/attack_01_right/zhaoyun-attack-01-right-01.png' at thread -1
Loading resource: res://assets/art/characters/zhao_yun/sprites/attack_01_right/zhaoyun-attack-01-right-02.png remapped: res://assets/art/characters/zhao_yun/sprites/attack_01_right/zhaoyun-attack-01-right-02.png
Loading resource: res://.godot/imported/zhaoyun-attack-01-right-02.png-a17742a1e5e074e1a7095546d213610a.ctex remapped: res://.godot/imported/zhaoyun-attack-01-right-02.png-a17742a1e5e074e1a7095546d213610a.ctex
Completed load for: 'res://assets/art/characters/zhao_yun/sprites/attack_01_right/zhaoyun-attack-01-right-02.png' remapped 'res://assets/art/characters/zhao_yun/sprites/attack_01_right/zhaoyun-attack-01-right-02.png' at thread -1
Loading resource: res://assets/art/characters/zhao_yun/sprites/attack_01_right/zhaoyun-attack-01-right-03.png remapped: res://assets/art/characters/zhao_yun/sprites/attack_01_right/zhaoyun-attack-01-right-03.png
Loading resource: res://.godot/imported/zhaoyun-attack-01-right-03.png-ff0f954bdabcb2b96d8ba7490b0e9a54.ctex remapped: res://.godot/imported/zhaoyun-attack-01-right-03.png-ff0f954bdabcb2b96d8ba7490b0e9a54.ctex
Completed load for: 'res://assets/art/characters/zhao_yun/sprites/attack_01_right/zhaoyun-attack-01-right-03.png' remapped 'res://assets/art/characters/zhao_yun/sprites/attack_01_right/zhaoyun-attack-01-right-03.png' at thread -1
Loading resource: res://assets/art/characters/zhao_yun/sprites/attack_01_right/zhaoyun-attack-01-right-04.png remapped: res://assets/art/characters/zhao_yun/sprites/attack_01_right/zhaoyun-attack-01-right-04.png
Loading resource: res://.godot/imported/zhaoyun-attack-01-right-04.png-3624b919d4ce9ff31e6c4394be29e384.ctex remapped: res://.godot/imported/zhaoyun-attack-01-right-04.png-3624b919d4ce9ff31e6c4394be29e384.ctex
Completed load for: 'res://assets/art/characters/zhao_yun/sprites/attack_01_right/zhaoyun-attack-01-right-04.png' remapped 'res://assets/art/characters/zhao_yun/sprites/attack_01_right/zhaoyun-attack-01-right-04.png' at thread -1
Loading resource: res://assets/art/characters/zhao_yun/sprites/attack_01_right/zhaoyun-attack-01-right-05.png remapped: res://assets/art/characters/zhao_yun/sprites/attack_01_right/zhaoyun-attack-01-right-05.png
Loading resource: res://.godot/imported/zhaoyun-attack-01-right-05.png-467460d14b1a2a31c903cfcb088a3877.ctex remapped: res://.godot/imported/zhaoyun-attack-01-right-05.png-467460d14b1a2a31c903cfcb088a3877.ctex
Completed load for: 'res://assets/art/characters/zhao_yun/sprites/attack_01_right/zhaoyun-attack-01-right-05.png' remapped 'res://assets/art/characters/zhao_yun/sprites/attack_01_right/zhaoyun-attack-01-right-05.png' at thread -1
Loading resource: res://assets/art/characters/zhao_yun/sprites/attack_02_right/zhaoyun-attack-02-right-01.png remapped: res://assets/art/characters/zhao_yun/sprites/attack_02_right/zhaoyun-attack-02-right-01.png
Loading resource: res://.godot/imported/zhaoyun-attack-02-right-01.png-e30ae669d06488e932365e58de535bd1.ctex remapped: res://.godot/imported/zhaoyun-attack-02-right-01.png-e30ae669d06488e932365e58de535bd1.ctex
Completed load for: 'res://assets/art/characters/zhao_yun/sprites/attack_02_right/zhaoyun-attack-02-right-01.png' remapped 'res://assets/art/characters/zhao_yun/sprites/attack_02_right/zhaoyun-attack-02-right-01.png' at thread -1
Loading resource: res://assets/art/characters/zhao_yun/sprites/attack_02_right/zhaoyun-attack-02-right-02.png remapped: res://assets/art/characters/zhao_yun/sprites/attack_02_right/zhaoyun-attack-02-right-02.png
Loading resource: res://.godot/imported/zhaoyun-attack-02-right-02.png-8ef973abfdff3805637eb7044abf9ac1.ctex remapped: res://.godot/imported/zhaoyun-attack-02-right-02.png-8ef973abfdff3805637eb7044abf9ac1.ctex
Completed load for: 'res://assets/art/characters/zhao_yun/sprites/attack_02_right/zhaoyun-attack-02-right-02.png' remapped 'res://assets/art/characters/zhao_yun/sprites/attack_02_right/zhaoyun-attack-02-right-02.png' at thread -1
Loading resource: res://assets/art/characters/zhao_yun/sprites/attack_02_right/zhaoyun-attack-02-right-03.png remapped: res://assets/art/characters/zhao_yun/sprites/attack_02_right/zhaoyun-attack-02-right-03.png
Loading resource: res://.godot/imported/zhaoyun-attack-02-right-03.png-3c20dcf4abfbc7f1a17af74c8e93528c.ctex remapped: res://.godot/imported/zhaoyun-attack-02-right-03.png-3c20dcf4abfbc7f1a17af74c8e93528c.ctex
Completed load for: 'res://assets/art/characters/zhao_yun/sprites/attack_02_right/zhaoyun-attack-02-right-03.png' remapped 'res://assets/art/characters/zhao_yun/sprites/attack_02_right/zhaoyun-attack-02-right-03.png' at thread -1
Loading resource: res://assets/art/characters/zhao_yun/sprites/attack_02_right/zhaoyun-attack-02-right-04.png remapped: res://assets/art/characters/zhao_yun/sprites/attack_02_right/zhaoyun-attack-02-right-04.png
Loading resource: res://.godot/imported/zhaoyun-attack-02-right-04.png-5ff64f3d9b3e468730b3b0b0155870e9.ctex remapped: res://.godot/imported/zhaoyun-attack-02-right-04.png-5ff64f3d9b3e468730b3b0b0155870e9.ctex
Completed load for: 'res://assets/art/characters/zhao_yun/sprites/attack_02_right/zhaoyun-attack-02-right-04.png' remapped 'res://assets/art/characters/zhao_yun/sprites/attack_02_right/zhaoyun-attack-02-right-04.png' at thread -1
Loading resource: res://assets/art/characters/zhao_yun/sprites/attack_03_right/zhaoyun-attack-03-right-01.png remapped: res://assets/art/characters/zhao_yun/sprites/attack_03_right/zhaoyun-attack-03-right-01.png
Loading resource: res://.godot/imported/zhaoyun-attack-03-right-01.png-fadd0fd9c5ac4a464900fbd46d463a7c.ctex remapped: res://.godot/imported/zhaoyun-attack-03-right-01.png-fadd0fd9c5ac4a464900fbd46d463a7c.ctex
Completed load for: 'res://assets/art/characters/zhao_yun/sprites/attack_03_right/zhaoyun-attack-03-right-01.png' remapped 'res://assets/art/characters/zhao_yun/sprites/attack_03_right/zhaoyun-attack-03-right-01.png' at thread -1
Loading resource: res://assets/art/characters/zhao_yun/sprites/attack_03_right/zhaoyun-attack-03-right-02.png remapped: res://assets/art/characters/zhao_yun/sprites/attack_03_right/zhaoyun-attack-03-right-02.png
Loading resource: res://.godot/imported/zhaoyun-attack-03-right-02.png-96945ad013dca6d35c692e37076fdde2.ctex remapped: res://.godot/imported/zhaoyun-attack-03-right-02.png-96945ad013dca6d35c692e37076fdde2.ctex
Completed load for: 'res://assets/art/characters/zhao_yun/sprites/attack_03_right/zhaoyun-attack-03-right-02.png' remapped 'res://assets/art/characters/zhao_yun/sprites/attack_03_right/zhaoyun-attack-03-right-02.png' at thread -1
Loading resource: res://assets/art/characters/zhao_yun/sprites/attack_03_right/zhaoyun-attack-03-right-03.png remapped: res://assets/art/characters/zhao_yun/sprites/attack_03_right/zhaoyun-attack-03-right-03.png
Loading resource: res://.godot/imported/zhaoyun-attack-03-right-03.png-dcc09b625f49cd39515a87cd5ae523fc.ctex remapped: res://.godot/imported/zhaoyun-attack-03-right-03.png-dcc09b625f49cd39515a87cd5ae523fc.ctex
Completed load for: 'res://assets/art/characters/zhao_yun/sprites/attack_03_right/zhaoyun-attack-03-right-03.png' remapped 'res://assets/art/characters/zhao_yun/sprites/attack_03_right/zhaoyun-attack-03-right-03.png' at thread -1
Loading resource: res://assets/art/characters/zhao_yun/sprites/attack_03_right/zhaoyun-attack-03-right-04.png remapped: res://assets/art/characters/zhao_yun/sprites/attack_03_right/zhaoyun-attack-03-right-04.png
Loading resource: res://.godot/imported/zhaoyun-attack-03-right-04.png-b3ad4f30e59173700a72903cc0f068f7.ctex remapped: res://.godot/imported/zhaoyun-attack-03-right-04.png-b3ad4f30e59173700a72903cc0f068f7.ctex
Completed load for: 'res://assets/art/characters/zhao_yun/sprites/attack_03_right/zhaoyun-attack-03-right-04.png' remapped 'res://assets/art/characters/zhao_yun/sprites/attack_03_right/zhaoyun-attack-03-right-04.png' at thread -1
Loading resource: res://assets/art/characters/zhao_yun/sprites/attack_03_right/zhaoyun-attack-03-right-05.png remapped: res://assets/art/characters/zhao_yun/sprites/attack_03_right/zhaoyun-attack-03-right-05.png
Loading resource: res://.godot/imported/zhaoyun-attack-03-right-05.png-97be5876806e1b43bde0b1c06e0cbc74.ctex remapped: res://.godot/imported/zhaoyun-attack-03-right-05.png-97be5876806e1b43bde0b1c06e0cbc74.ctex
Completed load for: 'res://assets/art/characters/zhao_yun/sprites/attack_03_right/zhaoyun-attack-03-right-05.png' remapped 'res://assets/art/characters/zhao_yun/sprites/attack_03_right/zhaoyun-attack-03-right-05.png' at thread -1
Loading resource: res://assets/art/characters/zhao_yun/sprites/attack_03_right/zhaoyun-attack-03-right-06.png remapped: res://assets/art/characters/zhao_yun/sprites/attack_03_right/zhaoyun-attack-03-right-06.png
Loading resource: res://.godot/imported/zhaoyun-attack-03-right-06.png-f9c27cf255122f93adc25270f935af87.ctex remapped: res://.godot/imported/zhaoyun-attack-03-right-06.png-f9c27cf255122f93adc25270f935af87.ctex
Completed load for: 'res://assets/art/characters/zhao_yun/sprites/attack_03_right/zhaoyun-attack-03-right-06.png' remapped 'res://assets/art/characters/zhao_yun/sprites/attack_03_right/zhaoyun-attack-03-right-06.png' at thread -1
Loading resource: res://assets/art/characters/zhao_yun/sprites/attack_04_right/zhaoyun-attack-04-right-01.png remapped: res://assets/art/characters/zhao_yun/sprites/attack_04_right/zhaoyun-attack-04-right-01.png
Loading resource: res://.godot/imported/zhaoyun-attack-04-right-01.png-54eb141f8f028e105f0359323c154a1d.ctex remapped: res://.godot/imported/zhaoyun-attack-04-right-01.png-54eb141f8f028e105f0359323c154a1d.ctex
Completed load for: 'res://assets/art/characters/zhao_yun/sprites/attack_04_right/zhaoyun-attack-04-right-01.png' remapped 'res://assets/art/characters/zhao_yun/sprites/attack_04_right/zhaoyun-attack-04-right-01.png' at thread -1
Loading resource: res://assets/art/characters/zhao_yun/sprites/attack_04_right/zhaoyun-attack-04-right-02.png remapped: res://assets/art/characters/zhao_yun/sprites/attack_04_right/zhaoyun-attack-04-right-02.png
Loading resource: res://.godot/imported/zhaoyun-attack-04-right-02.png-2d5d71a7ede0f7098f78ea37f7ac2dcb.ctex remapped: res://.godot/imported/zhaoyun-attack-04-right-02.png-2d5d71a7ede0f7098f78ea37f7ac2dcb.ctex
Completed load for: 'res://assets/art/characters/zhao_yun/sprites/attack_04_right/zhaoyun-attack-04-right-02.png' remapped 'res://assets/art/characters/zhao_yun/sprites/attack_04_right/zhaoyun-attack-04-right-02.png' at thread -1
Loading resource: res://assets/art/characters/zhao_yun/sprites/attack_04_right/zhaoyun-attack-04-right-03.png remapped: res://assets/art/characters/zhao_yun/sprites/attack_04_right/zhaoyun-attack-04-right-03.png
Loading resource: res://.godot/imported/zhaoyun-attack-04-right-03.png-427c11eb99a7d48fd85f8cd2e9b3387f.ctex remapped: res://.godot/imported/zhaoyun-attack-04-right-03.png-427c11eb99a7d48fd85f8cd2e9b3387f.ctex
Completed load for: 'res://assets/art/characters/zhao_yun/sprites/attack_04_right/zhaoyun-attack-04-right-03.png' remapped 'res://assets/art/characters/zhao_yun/sprites/attack_04_right/zhaoyun-attack-04-right-03.png' at thread -1
Loading resource: res://assets/art/characters/zhao_yun/sprites/attack_04_right/zhaoyun-attack-04-right-04.png remapped: res://assets/art/characters/zhao_yun/sprites/attack_04_right/zhaoyun-attack-04-right-04.png
Loading resource: res://.godot/imported/zhaoyun-attack-04-right-04.png-4c7c6317306c422c426c34853cf5e53f.ctex remapped: res://.godot/imported/zhaoyun-attack-04-right-04.png-4c7c6317306c422c426c34853cf5e53f.ctex
Completed load for: 'res://assets/art/characters/zhao_yun/sprites/attack_04_right/zhaoyun-attack-04-right-04.png' remapped 'res://assets/art/characters/zhao_yun/sprites/attack_04_right/zhaoyun-attack-04-right-04.png' at thread -1
Loading resource: res://assets/art/characters/zhao_yun/sprites/attack_04_right/zhaoyun-attack-04-right-05.png remapped: res://assets/art/characters/zhao_yun/sprites/attack_04_right/zhaoyun-attack-04-right-05.png
Loading resource: res://.godot/imported/zhaoyun-attack-04-right-05.png-124516f9b20adb3a589f04edc740dcc5.ctex remapped: res://.godot/imported/zhaoyun-attack-04-right-05.png-124516f9b20adb3a589f04edc740dcc5.ctex
Completed load for: 'res://assets/art/characters/zhao_yun/sprites/attack_04_right/zhaoyun-attack-04-right-05.png' remapped 'res://assets/art/characters/zhao_yun/sprites/attack_04_right/zhaoyun-attack-04-right-05.png' at thread -1
Loading resource: res://assets/art/characters/zhao_yun/sprites/attack_04_right/zhaoyun-attack-04-right-06.png remapped: res://assets/art/characters/zhao_yun/sprites/attack_04_right/zhaoyun-attack-04-right-06.png
Loading resource: res://.godot/imported/zhaoyun-attack-04-right-06.png-ec1e7195881d460ce9f6602a69ed7d11.ctex remapped: res://.godot/imported/zhaoyun-attack-04-right-06.png-ec1e7195881d460ce9f6602a69ed7d11.ctex
Completed load for: 'res://assets/art/characters/zhao_yun/sprites/attack_04_right/zhaoyun-attack-04-right-06.png' remapped 'res://assets/art/characters/zhao_yun/sprites/attack_04_right/zhaoyun-attack-04-right-06.png' at thread -1
Loading resource: res://assets/art/characters/zhao_yun/sprites/attack_05_right/zhaoyun-attack-05-right-01.png remapped: res://assets/art/characters/zhao_yun/sprites/attack_05_right/zhaoyun-attack-05-right-01.png
Loading resource: res://.godot/imported/zhaoyun-attack-05-right-01.png-7f16e98aa87b6a119bdd161881629e85.ctex remapped: res://.godot/imported/zhaoyun-attack-05-right-01.png-7f16e98aa87b6a119bdd161881629e85.ctex
Completed load for: 'res://assets/art/characters/zhao_yun/sprites/attack_05_right/zhaoyun-attack-05-right-01.png' remapped 'res://assets/art/characters/zhao_yun/sprites/attack_05_right/zhaoyun-attack-05-right-01.png' at thread -1
Loading resource: res://assets/art/characters/zhao_yun/sprites/attack_05_right/zhaoyun-attack-05-right-02.png remapped: res://assets/art/characters/zhao_yun/sprites/attack_05_right/zhaoyun-attack-05-right-02.png
Loading resource: res://.godot/imported/zhaoyun-attack-05-right-02.png-2ce0d2d2361fb3d018d4424630f5aa56.ctex remapped: res://.godot/imported/zhaoyun-attack-05-right-02.png-2ce0d2d2361fb3d018d4424630f5aa56.ctex
Completed load for: 'res://assets/art/characters/zhao_yun/sprites/attack_05_right/zhaoyun-attack-05-right-02.png' remapped 'res://assets/art/characters/zhao_yun/sprites/attack_05_right/zhaoyun-attack-05-right-02.png' at thread -1
Loading resource: res://assets/art/characters/zhao_yun/sprites/ultimate_right/zhaoyun-ultimate-right-01.png remapped: res://assets/art/characters/zhao_yun/sprites/ultimate_right/zhaoyun-ultimate-right-01.png
Loading resource: res://.godot/imported/zhaoyun-ultimate-right-01.png-d50f66862382728bfa17f37771c34349.ctex remapped: res://.godot/imported/zhaoyun-ultimate-right-01.png-d50f66862382728bfa17f37771c34349.ctex
Completed load for: 'res://assets/art/characters/zhao_yun/sprites/ultimate_right/zhaoyun-ultimate-right-01.png' remapped 'res://assets/art/characters/zhao_yun/sprites/ultimate_right/zhaoyun-ultimate-right-01.png' at thread -1
Loading resource: res://assets/art/effects/zhao_yun/ultimate/zhaoyun-ultimate-effect-01.png remapped: res://assets/art/effects/zhao_yun/ultimate/zhaoyun-ultimate-effect-01.png
Loading resource: res://.godot/imported/zhaoyun-ultimate-effect-01.png-98e476478a7fd0b033602e546bc5c00b.ctex remapped: res://.godot/imported/zhaoyun-ultimate-effect-01.png-98e476478a7fd0b033602e546bc5c00b.ctex
Completed load for: 'res://assets/art/effects/zhao_yun/ultimate/zhaoyun-ultimate-effect-01.png' remapped 'res://assets/art/effects/zhao_yun/ultimate/zhaoyun-ultimate-effect-01.png' at thread -1
Loading resource: res://assets/art/effects/zhao_yun/ultimate/zhaoyun-ultimate-effect-02.png remapped: res://assets/art/effects/zhao_yun/ultimate/zhaoyun-ultimate-effect-02.png
Loading resource: res://.godot/imported/zhaoyun-ultimate-effect-02.png-2ddc6deb114d031663c024e92f0e8f88.ctex remapped: res://.godot/imported/zhaoyun-ultimate-effect-02.png-2ddc6deb114d031663c024e92f0e8f88.ctex
Completed load for: 'res://assets/art/effects/zhao_yun/ultimate/zhaoyun-ultimate-effect-02.png' remapped 'res://assets/art/effects/zhao_yun/ultimate/zhaoyun-ultimate-effect-02.png' at thread -1
Loading resource: res://assets/art/effects/zhao_yun/ultimate/zhaoyun-ultimate-effect-03.png remapped: res://assets/art/effects/zhao_yun/ultimate/zhaoyun-ultimate-effect-03.png
Loading resource: res://.godot/imported/zhaoyun-ultimate-effect-03.png-797739b101d0eb8a4d20a3fadd3526e0.ctex remapped: res://.godot/imported/zhaoyun-ultimate-effect-03.png-797739b101d0eb8a4d20a3fadd3526e0.ctex
Completed load for: 'res://assets/art/effects/zhao_yun/ultimate/zhaoyun-ultimate-effect-03.png' remapped 'res://assets/art/effects/zhao_yun/ultimate/zhaoyun-ultimate-effect-03.png' at thread -1
Loading resource: res://assets/art/effects/zhao_yun/ultimate/zhaoyun-ultimate-effect-04.png remapped: res://assets/art/effects/zhao_yun/ultimate/zhaoyun-ultimate-effect-04.png
Loading resource: res://.godot/imported/zhaoyun-ultimate-effect-04.png-12dc6cb714f3b9b66635f09c1970d27c.ctex remapped: res://.godot/imported/zhaoyun-ultimate-effect-04.png-12dc6cb714f3b9b66635f09c1970d27c.ctex
Completed load for: 'res://assets/art/effects/zhao_yun/ultimate/zhaoyun-ultimate-effect-04.png' remapped 'res://assets/art/effects/zhao_yun/ultimate/zhaoyun-ultimate-effect-04.png' at thread -1
Loading resource: res://assets/art/effects/zhao_yun/ultimate/zhaoyun-ultimate-effect-05.png remapped: res://assets/art/effects/zhao_yun/ultimate/zhaoyun-ultimate-effect-05.png
Loading resource: res://.godot/imported/zhaoyun-ultimate-effect-05.png-f3d16f76f2b6c7c87417c8e3d5506890.ctex remapped: res://.godot/imported/zhaoyun-ultimate-effect-05.png-f3d16f76f2b6c7c87417c8e3d5506890.ctex
Completed load for: 'res://assets/art/effects/zhao_yun/ultimate/zhaoyun-ultimate-effect-05.png' remapped 'res://assets/art/effects/zhao_yun/ultimate/zhaoyun-ultimate-effect-05.png' at thread -1
Loading resource: res://assets/art/effects/wushuang/eff_mechanical-in2_15.png remapped: res://assets/art/effects/wushuang/eff_mechanical-in2_15.png
Loading resource: res://.godot/imported/eff_mechanical-in2_15.png-65c51ec9fc03f924001ba2d6c4822e99.ctex remapped: res://.godot/imported/eff_mechanical-in2_15.png-65c51ec9fc03f924001ba2d6c4822e99.ctex
Completed load for: 'res://assets/art/effects/wushuang/eff_mechanical-in2_15.png' remapped 'res://assets/art/effects/wushuang/eff_mechanical-in2_15.png' at thread -1
Loading resource: res://assets/art/effects/wushuang/eff_mechanical-in2_16.png remapped: res://assets/art/effects/wushuang/eff_mechanical-in2_16.png
Loading resource: res://.godot/imported/eff_mechanical-in2_16.png-8aa377e61674d71087ca7cf398252718.ctex remapped: res://.godot/imported/eff_mechanical-in2_16.png-8aa377e61674d71087ca7cf398252718.ctex
Completed load for: 'res://assets/art/effects/wushuang/eff_mechanical-in2_16.png' remapped 'res://assets/art/effects/wushuang/eff_mechanical-in2_16.png' at thread -1
Loading resource: res://assets/art/effects/wushuang/eff_mechanical-in2_17.png remapped: res://assets/art/effects/wushuang/eff_mechanical-in2_17.png
Loading resource: res://.godot/imported/eff_mechanical-in2_17.png-c01b5f925ed1d58ae4bf5cc753e2bbc6.ctex remapped: res://.godot/imported/eff_mechanical-in2_17.png-c01b5f925ed1d58ae4bf5cc753e2bbc6.ctex
Completed load for: 'res://assets/art/effects/wushuang/eff_mechanical-in2_17.png' remapped 'res://assets/art/effects/wushuang/eff_mechanical-in2_17.png' at thread -1
Loading resource: res://assets/art/effects/wushuang/eff_mechanical-in2_18.png remapped: res://assets/art/effects/wushuang/eff_mechanical-in2_18.png
Loading resource: res://.godot/imported/eff_mechanical-in2_18.png-07cadce3bacf14a2b9d3f1af8492b8ee.ctex remapped: res://.godot/imported/eff_mechanical-in2_18.png-07cadce3bacf14a2b9d3f1af8492b8ee.ctex
Completed load for: 'res://assets/art/effects/wushuang/eff_mechanical-in2_18.png' remapped 'res://assets/art/effects/wushuang/eff_mechanical-in2_18.png' at thread -1
Loading resource: res://assets/art/effects/wushuang/eff_mechanical-in2_19.png remapped: res://assets/art/effects/wushuang/eff_mechanical-in2_19.png
Loading resource: res://.godot/imported/eff_mechanical-in2_19.png-dae53ae3c9ddc74153be8e0ecfc6a2cd.ctex remapped: res://.godot/imported/eff_mechanical-in2_19.png-dae53ae3c9ddc74153be8e0ecfc6a2cd.ctex
Completed load for: 'res://assets/art/effects/wushuang/eff_mechanical-in2_19.png' remapped 'res://assets/art/effects/wushuang/eff_mechanical-in2_19.png' at thread -1
Loading resource: res://assets/art/effects/wushuang/eff_mechanical-in2_20.png remapped: res://assets/art/effects/wushuang/eff_mechanical-in2_20.png
Loading resource: res://.godot/imported/eff_mechanical-in2_20.png-536d0a47f1e8ff80296bfcdc00a90a7f.ctex remapped: res://.godot/imported/eff_mechanical-in2_20.png-536d0a47f1e8ff80296bfcdc00a90a7f.ctex
Completed load for: 'res://assets/art/effects/wushuang/eff_mechanical-in2_20.png' remapped 'res://assets/art/effects/wushuang/eff_mechanical-in2_20.png' at thread -1
Loading resource: res://assets/art/effects/wushuang/eff_mechanical-in2_21.png remapped: res://assets/art/effects/wushuang/eff_mechanical-in2_21.png
Loading resource: res://.godot/imported/eff_mechanical-in2_21.png-d028bfacab25651debffbf162e14d28a.ctex remapped: res://.godot/imported/eff_mechanical-in2_21.png-d028bfacab25651debffbf162e14d28a.ctex
Completed load for: 'res://assets/art/effects/wushuang/eff_mechanical-in2_21.png' remapped 'res://assets/art/effects/wushuang/eff_mechanical-in2_21.png' at thread -1
Loading resource: res://assets/art/effects/wushuang/eff_mechanical-in2_22.png remapped: res://assets/art/effects/wushuang/eff_mechanical-in2_22.png
Loading resource: res://.godot/imported/eff_mechanical-in2_22.png-a00c0870f8bd37750a603e2b13228580.ctex remapped: res://.godot/imported/eff_mechanical-in2_22.png-a00c0870f8bd37750a603e2b13228580.ctex
Completed load for: 'res://assets/art/effects/wushuang/eff_mechanical-in2_22.png' remapped 'res://assets/art/effects/wushuang/eff_mechanical-in2_22.png' at thread -1
Loading resource: res://assets/art/effects/wushuang/eff_mechanical-in2_23.png remapped: res://assets/art/effects/wushuang/eff_mechanical-in2_23.png
Loading resource: res://.godot/imported/eff_mechanical-in2_23.png-d2a53007c1e91d19b705bf903c31183f.ctex remapped: res://.godot/imported/eff_mechanical-in2_23.png-d2a53007c1e91d19b705bf903c31183f.ctex
Completed load for: 'res://assets/art/effects/wushuang/eff_mechanical-in2_23.png' remapped 'res://assets/art/effects/wushuang/eff_mechanical-in2_23.png' at thread -1
Loading resource: res://assets/art/effects/wushuang/eff_mechanical-in2_24.png remapped: res://assets/art/effects/wushuang/eff_mechanical-in2_24.png
Loading resource: res://.godot/imported/eff_mechanical-in2_24.png-bc5aedf8d71b93a0bc26a490e9b6a075.ctex remapped: res://.godot/imported/eff_mechanical-in2_24.png-bc5aedf8d71b93a0bc26a490e9b6a075.ctex
Completed load for: 'res://assets/art/effects/wushuang/eff_mechanical-in2_24.png' remapped 'res://assets/art/effects/wushuang/eff_mechanical-in2_24.png' at thread -1
Loading resource: res://assets/art/effects/wushuang/eff_mechanical-in2_25.png remapped: res://assets/art/effects/wushuang/eff_mechanical-in2_25.png
Loading resource: res://.godot/imported/eff_mechanical-in2_25.png-575288d25fc2a6f4a3b3864d6ca0d866.ctex remapped: res://.godot/imported/eff_mechanical-in2_25.png-575288d25fc2a6f4a3b3864d6ca0d866.ctex
Completed load for: 'res://assets/art/effects/wushuang/eff_mechanical-in2_25.png' remapped 'res://assets/art/effects/wushuang/eff_mechanical-in2_25.png' at thread -1
Loading resource: res://assets/art/effects/wushuang/eff_mechanical-in2_26.png remapped: res://assets/art/effects/wushuang/eff_mechanical-in2_26.png
Loading resource: res://.godot/imported/eff_mechanical-in2_26.png-97bd4995534bfaa89d14dc7d51778e07.ctex remapped: res://.godot/imported/eff_mechanical-in2_26.png-97bd4995534bfaa89d14dc7d51778e07.ctex
Completed load for: 'res://assets/art/effects/wushuang/eff_mechanical-in2_26.png' remapped 'res://assets/art/effects/wushuang/eff_mechanical-in2_26.png' at thread -1
Loading resource: res://assets/art/effects/wushuang/eff_mechanical-in2_27.png remapped: res://assets/art/effects/wushuang/eff_mechanical-in2_27.png
Loading resource: res://.godot/imported/eff_mechanical-in2_27.png-1b72c5fdf8faae05de8d48f77c94736d.ctex remapped: res://.godot/imported/eff_mechanical-in2_27.png-1b72c5fdf8faae05de8d48f77c94736d.ctex
Completed load for: 'res://assets/art/effects/wushuang/eff_mechanical-in2_27.png' remapped 'res://assets/art/effects/wushuang/eff_mechanical-in2_27.png' at thread -1
Loading resource: res://assets/art/effects/wushuang/eff_mechanical-in2_28.png remapped: res://assets/art/effects/wushuang/eff_mechanical-in2_28.png
Loading resource: res://.godot/imported/eff_mechanical-in2_28.png-ccd6c2e983e087e087cd5f6fd42bd426.ctex remapped: res://.godot/imported/eff_mechanical-in2_28.png-ccd6c2e983e087e087cd5f6fd42bd426.ctex
Completed load for: 'res://assets/art/effects/wushuang/eff_mechanical-in2_28.png' remapped 'res://assets/art/effects/wushuang/eff_mechanical-in2_28.png' at thread -1
Loading resource: res://assets/art/effects/wushuang/eff_mechanical-in2_29.png remapped: res://assets/art/effects/wushuang/eff_mechanical-in2_29.png
Loading resource: res://.godot/imported/eff_mechanical-in2_29.png-12c30eb3e9cd860828d3c8ac890b10f9.ctex remapped: res://.godot/imported/eff_mechanical-in2_29.png-12c30eb3e9cd860828d3c8ac890b10f9.ctex
Completed load for: 'res://assets/art/effects/wushuang/eff_mechanical-in2_29.png' remapped 'res://assets/art/effects/wushuang/eff_mechanical-in2_29.png' at thread -1
Loading resource: res://assets/art/effects/wushuang/eff_mechanical-in2_30.png remapped: res://assets/art/effects/wushuang/eff_mechanical-in2_30.png
Loading resource: res://.godot/imported/eff_mechanical-in2_30.png-84d84f415e85a2dbbc49f04a5628e807.ctex remapped: res://.godot/imported/eff_mechanical-in2_30.png-84d84f415e85a2dbbc49f04a5628e807.ctex
Completed load for: 'res://assets/art/effects/wushuang/eff_mechanical-in2_30.png' remapped 'res://assets/art/effects/wushuang/eff_mechanical-in2_30.png' at thread -1
Loading resource: res://assets/art/effects/wushuang/eff_mechanical-in2_31.png remapped: res://assets/art/effects/wushuang/eff_mechanical-in2_31.png
Loading resource: res://.godot/imported/eff_mechanical-in2_31.png-464159bb369733b065b0be1d01bc651a.ctex remapped: res://.godot/imported/eff_mechanical-in2_31.png-464159bb369733b065b0be1d01bc651a.ctex
Completed load for: 'res://assets/art/effects/wushuang/eff_mechanical-in2_31.png' remapped 'res://assets/art/effects/wushuang/eff_mechanical-in2_31.png' at thread -1
Loading resource: res://assets/art/effects/wushuang/eff_mechanical-in2_32.png remapped: res://assets/art/effects/wushuang/eff_mechanical-in2_32.png
Loading resource: res://.godot/imported/eff_mechanical-in2_32.png-8e681ab7e44b2fd541c546bf1dff6c52.ctex remapped: res://.godot/imported/eff_mechanical-in2_32.png-8e681ab7e44b2fd541c546bf1dff6c52.ctex
Completed load for: 'res://assets/art/effects/wushuang/eff_mechanical-in2_32.png' remapped 'res://assets/art/effects/wushuang/eff_mechanical-in2_32.png' at thread -1
Loading resource: res://assets/art/characters/zhao_yun/effects/zhaoyun-firewheel.png remapped: res://assets/art/characters/zhao_yun/effects/zhaoyun-firewheel.png
Loading resource: res://.godot/imported/zhaoyun-firewheel.png-16906d8a11ece48206ade13665226536.ctex remapped: res://.godot/imported/zhaoyun-firewheel.png-16906d8a11ece48206ade13665226536.ctex
Completed load for: 'res://assets/art/characters/zhao_yun/effects/zhaoyun-firewheel.png' remapped 'res://assets/art/characters/zhao_yun/effects/zhaoyun-firewheel.png' at thread -1
Loading resource: res://assets/art/characters/guan_yu/sprites/attack_01_right/guan-yu-attack_01-01.png remapped: res://assets/art/characters/guan_yu/sprites/attack_01_right/guan-yu-attack_01-01.png
Loading resource: res://.godot/imported/guan-yu-attack_01-01.png-5dd0b04bf7db9b92558873de915c8e08.ctex remapped: res://.godot/imported/guan-yu-attack_01-01.png-5dd0b04bf7db9b92558873de915c8e08.ctex
Completed load for: 'res://assets/art/characters/guan_yu/sprites/attack_01_right/guan-yu-attack_01-01.png' remapped 'res://assets/art/characters/guan_yu/sprites/attack_01_right/guan-yu-attack_01-01.png' at thread -1
Loading resource: res://assets/art/characters/guan_yu/sprites/attack_01_right/guan-yu-attack_01-02.png remapped: res://assets/art/characters/guan_yu/sprites/attack_01_right/guan-yu-attack_01-02.png
Loading resource: res://.godot/imported/guan-yu-attack_01-02.png-5e6d5d42bafdc39d250ee03766782779.ctex remapped: res://.godot/imported/guan-yu-attack_01-02.png-5e6d5d42bafdc39d250ee03766782779.ctex
Completed load for: 'res://assets/art/characters/guan_yu/sprites/attack_01_right/guan-yu-attack_01-02.png' remapped 'res://assets/art/characters/guan_yu/sprites/attack_01_right/guan-yu-attack_01-02.png' at thread -1
Loading resource: res://assets/art/characters/guan_yu/sprites/attack_01_right/guan-yu-attack_01-03.png remapped: res://assets/art/characters/guan_yu/sprites/attack_01_right/guan-yu-attack_01-03.png
Loading resource: res://.godot/imported/guan-yu-attack_01-03.png-df46bdc422ab4d672950c8c37dc9e702.ctex remapped: res://.godot/imported/guan-yu-attack_01-03.png-df46bdc422ab4d672950c8c37dc9e702.ctex
Completed load for: 'res://assets/art/characters/guan_yu/sprites/attack_01_right/guan-yu-attack_01-03.png' remapped 'res://assets/art/characters/guan_yu/sprites/attack_01_right/guan-yu-attack_01-03.png' at thread -1
Loading resource: res://assets/art/characters/guan_yu/sprites/attack_01_right/guan-yu-attack_01-04.png remapped: res://assets/art/characters/guan_yu/sprites/attack_01_right/guan-yu-attack_01-04.png
Loading resource: res://.godot/imported/guan-yu-attack_01-04.png-dd471692db3d1fe57f7e3db7fc159fbc.ctex remapped: res://.godot/imported/guan-yu-attack_01-04.png-dd471692db3d1fe57f7e3db7fc159fbc.ctex
Completed load for: 'res://assets/art/characters/guan_yu/sprites/attack_01_right/guan-yu-attack_01-04.png' remapped 'res://assets/art/characters/guan_yu/sprites/attack_01_right/guan-yu-attack_01-04.png' at thread -1
Loading resource: res://assets/art/characters/guan_yu/sprites/attack_01_right/guan-yu-attack_01-05.png remapped: res://assets/art/characters/guan_yu/sprites/attack_01_right/guan-yu-attack_01-05.png
Loading resource: res://.godot/imported/guan-yu-attack_01-05.png-e63b8dd8670e33c49a5630aa4a980015.ctex remapped: res://.godot/imported/guan-yu-attack_01-05.png-e63b8dd8670e33c49a5630aa4a980015.ctex
Completed load for: 'res://assets/art/characters/guan_yu/sprites/attack_01_right/guan-yu-attack_01-05.png' remapped 'res://assets/art/characters/guan_yu/sprites/attack_01_right/guan-yu-attack_01-05.png' at thread -1
Loading resource: res://assets/art/characters/guan_yu/sprites/attack_01_right/guan-yu-attack_01-06.png remapped: res://assets/art/characters/guan_yu/sprites/attack_01_right/guan-yu-attack_01-06.png
Loading resource: res://.godot/imported/guan-yu-attack_01-06.png-64bedba0060af8c2c6229c042ade1139.ctex remapped: res://.godot/imported/guan-yu-attack_01-06.png-64bedba0060af8c2c6229c042ade1139.ctex
Completed load for: 'res://assets/art/characters/guan_yu/sprites/attack_01_right/guan-yu-attack_01-06.png' remapped 'res://assets/art/characters/guan_yu/sprites/attack_01_right/guan-yu-attack_01-06.png' at thread -1
Loading resource: res://assets/art/characters/guan_yu/sprites/attack_01_right/guan-yu-attack_01-07.png remapped: res://assets/art/characters/guan_yu/sprites/attack_01_right/guan-yu-attack_01-07.png
Loading resource: res://.godot/imported/guan-yu-attack_01-07.png-634d1a2a28c5aa83a1e579c2c9718cff.ctex remapped: res://.godot/imported/guan-yu-attack_01-07.png-634d1a2a28c5aa83a1e579c2c9718cff.ctex
Completed load for: 'res://assets/art/characters/guan_yu/sprites/attack_01_right/guan-yu-attack_01-07.png' remapped 'res://assets/art/characters/guan_yu/sprites/attack_01_right/guan-yu-attack_01-07.png' at thread -1
Loading resource: res://assets/art/characters/guan_yu/sprites/attack_01_right/guan-yu-attack_01-08.png remapped: res://assets/art/characters/guan_yu/sprites/attack_01_right/guan-yu-attack_01-08.png
Loading resource: res://.godot/imported/guan-yu-attack_01-08.png-a6af67fb8fea1d04c6ed9971794f12e6.ctex remapped: res://.godot/imported/guan-yu-attack_01-08.png-a6af67fb8fea1d04c6ed9971794f12e6.ctex
Completed load for: 'res://assets/art/characters/guan_yu/sprites/attack_01_right/guan-yu-attack_01-08.png' remapped 'res://assets/art/characters/guan_yu/sprites/attack_01_right/guan-yu-attack_01-08.png' at thread -1
Loading resource: res://assets/art/characters/guan_yu/sprites/attack_02_right/guan-yu-attack_02-01.png remapped: res://assets/art/characters/guan_yu/sprites/attack_02_right/guan-yu-attack_02-01.png
Loading resource: res://.godot/imported/guan-yu-attack_02-01.png-fe1c4a4887f72a1408d64fc23d6bb8ca.ctex remapped: res://.godot/imported/guan-yu-attack_02-01.png-fe1c4a4887f72a1408d64fc23d6bb8ca.ctex
Completed load for: 'res://assets/art/characters/guan_yu/sprites/attack_02_right/guan-yu-attack_02-01.png' remapped 'res://assets/art/characters/guan_yu/sprites/attack_02_right/guan-yu-attack_02-01.png' at thread -1
Loading resource: res://assets/art/characters/guan_yu/sprites/attack_02_right/guan-yu-attack_02-02.png remapped: res://assets/art/characters/guan_yu/sprites/attack_02_right/guan-yu-attack_02-02.png
Loading resource: res://.godot/imported/guan-yu-attack_02-02.png-cae7a2844c419404ef62618ab05179cc.ctex remapped: res://.godot/imported/guan-yu-attack_02-02.png-cae7a2844c419404ef62618ab05179cc.ctex
Completed load for: 'res://assets/art/characters/guan_yu/sprites/attack_02_right/guan-yu-attack_02-02.png' remapped 'res://assets/art/characters/guan_yu/sprites/attack_02_right/guan-yu-attack_02-02.png' at thread -1
Loading resource: res://assets/art/characters/guan_yu/sprites/attack_02_right/guan-yu-attack_02-03.png remapped: res://assets/art/characters/guan_yu/sprites/attack_02_right/guan-yu-attack_02-03.png
Loading resource: res://.godot/imported/guan-yu-attack_02-03.png-eeaf9334de198014fea59cc0019bfaaf.ctex remapped: res://.godot/imported/guan-yu-attack_02-03.png-eeaf9334de198014fea59cc0019bfaaf.ctex
Completed load for: 'res://assets/art/characters/guan_yu/sprites/attack_02_right/guan-yu-attack_02-03.png' remapped 'res://assets/art/characters/guan_yu/sprites/attack_02_right/guan-yu-attack_02-03.png' at thread -1
Loading resource: res://assets/art/characters/guan_yu/sprites/attack_03_right/guan-yu-attack_03-01.png remapped: res://assets/art/characters/guan_yu/sprites/attack_03_right/guan-yu-attack_03-01.png
Loading resource: res://.godot/imported/guan-yu-attack_03-01.png-c790315bead3272a047dfde36f28d0c6.ctex remapped: res://.godot/imported/guan-yu-attack_03-01.png-c790315bead3272a047dfde36f28d0c6.ctex
Completed load for: 'res://assets/art/characters/guan_yu/sprites/attack_03_right/guan-yu-attack_03-01.png' remapped 'res://assets/art/characters/guan_yu/sprites/attack_03_right/guan-yu-attack_03-01.png' at thread -1
Loading resource: res://assets/art/characters/guan_yu/sprites/attack_03_right/guan-yu-attack_03-02.png remapped: res://assets/art/characters/guan_yu/sprites/attack_03_right/guan-yu-attack_03-02.png
Loading resource: res://.godot/imported/guan-yu-attack_03-02.png-c75999e8831c300e87fd68c8ce1d7e4c.ctex remapped: res://.godot/imported/guan-yu-attack_03-02.png-c75999e8831c300e87fd68c8ce1d7e4c.ctex
Completed load for: 'res://assets/art/characters/guan_yu/sprites/attack_03_right/guan-yu-attack_03-02.png' remapped 'res://assets/art/characters/guan_yu/sprites/attack_03_right/guan-yu-attack_03-02.png' at thread -1
Loading resource: res://assets/art/characters/guan_yu/sprites/attack_03_right/guan-yu-attack_03-03.png remapped: res://assets/art/characters/guan_yu/sprites/attack_03_right/guan-yu-attack_03-03.png
Loading resource: res://.godot/imported/guan-yu-attack_03-03.png-d906ca2b2c9a1577f2a373e68f84b287.ctex remapped: res://.godot/imported/guan-yu-attack_03-03.png-d906ca2b2c9a1577f2a373e68f84b287.ctex
Completed load for: 'res://assets/art/characters/guan_yu/sprites/attack_03_right/guan-yu-attack_03-03.png' remapped 'res://assets/art/characters/guan_yu/sprites/attack_03_right/guan-yu-attack_03-03.png' at thread -1
Loading resource: res://assets/art/characters/guan_yu/sprites/attack_03_right/guan-yu-attack_03-04.png remapped: res://assets/art/characters/guan_yu/sprites/attack_03_right/guan-yu-attack_03-04.png
Loading resource: res://.godot/imported/guan-yu-attack_03-04.png-514ca4713c855fd5d788c6f182090da5.ctex remapped: res://.godot/imported/guan-yu-attack_03-04.png-514ca4713c855fd5d788c6f182090da5.ctex
Completed load for: 'res://assets/art/characters/guan_yu/sprites/attack_03_right/guan-yu-attack_03-04.png' remapped 'res://assets/art/characters/guan_yu/sprites/attack_03_right/guan-yu-attack_03-04.png' at thread -1
Loading resource: res://assets/art/characters/guan_yu/sprites/drag_right/guan-yu-drag-right-01.png remapped: res://assets/art/characters/guan_yu/sprites/drag_right/guan-yu-drag-right-01.png
Loading resource: res://.godot/imported/guan-yu-drag-right-01.png-fcffe193cf8e3eebadd0a2f7bd310060.ctex remapped: res://.godot/imported/guan-yu-drag-right-01.png-fcffe193cf8e3eebadd0a2f7bd310060.ctex
Completed load for: 'res://assets/art/characters/guan_yu/sprites/drag_right/guan-yu-drag-right-01.png' remapped 'res://assets/art/characters/guan_yu/sprites/drag_right/guan-yu-drag-right-01.png' at thread -1
Loading resource: res://assets/art/characters/guan_yu/sprites/drag_right/guan-yu-drag-right-02.png remapped: res://assets/art/characters/guan_yu/sprites/drag_right/guan-yu-drag-right-02.png
Loading resource: res://.godot/imported/guan-yu-drag-right-02.png-fcae7e2671a7bfefc6e7f867f16bcaf6.ctex remapped: res://.godot/imported/guan-yu-drag-right-02.png-fcae7e2671a7bfefc6e7f867f16bcaf6.ctex
Completed load for: 'res://assets/art/characters/guan_yu/sprites/drag_right/guan-yu-drag-right-02.png' remapped 'res://assets/art/characters/guan_yu/sprites/drag_right/guan-yu-drag-right-02.png' at thread -1
Loading resource: res://assets/art/characters/guan_yu/sprites/drag_right/guan-yu-drag-right-03.png remapped: res://assets/art/characters/guan_yu/sprites/drag_right/guan-yu-drag-right-03.png
Loading resource: res://.godot/imported/guan-yu-drag-right-03.png-b08d1c0d67e994a3bd8567b044c2c35b.ctex remapped: res://.godot/imported/guan-yu-drag-right-03.png-b08d1c0d67e994a3bd8567b044c2c35b.ctex
Completed load for: 'res://assets/art/characters/guan_yu/sprites/drag_right/guan-yu-drag-right-03.png' remapped 'res://assets/art/characters/guan_yu/sprites/drag_right/guan-yu-drag-right-03.png' at thread -1
Loading resource: res://assets/art/characters/guan_yu/sprites/drag_right/guan-yu-drag-right-04.png remapped: res://assets/art/characters/guan_yu/sprites/drag_right/guan-yu-drag-right-04.png
Loading resource: res://.godot/imported/guan-yu-drag-right-04.png-9b19e784f9a4a027552f54c3a0a148f6.ctex remapped: res://.godot/imported/guan-yu-drag-right-04.png-9b19e784f9a4a027552f54c3a0a148f6.ctex
Completed load for: 'res://assets/art/characters/guan_yu/sprites/drag_right/guan-yu-drag-right-04.png' remapped 'res://assets/art/characters/guan_yu/sprites/drag_right/guan-yu-drag-right-04.png' at thread -1
Loading resource: res://assets/art/characters/guan_yu/sprites/drag_right/guan-yu-drag-right-05.png remapped: res://assets/art/characters/guan_yu/sprites/drag_right/guan-yu-drag-right-05.png
Loading resource: res://.godot/imported/guan-yu-drag-right-05.png-7de2c7cd83edcc4b93aa5fda698872a8.ctex remapped: res://.godot/imported/guan-yu-drag-right-05.png-7de2c7cd83edcc4b93aa5fda698872a8.ctex
Completed load for: 'res://assets/art/characters/guan_yu/sprites/drag_right/guan-yu-drag-right-05.png' remapped 'res://assets/art/characters/guan_yu/sprites/drag_right/guan-yu-drag-right-05.png' at thread -1
Loading resource: res://assets/art/characters/guan_yu/sprites/drag_right/guan-yu-drag-right-06.png remapped: res://assets/art/characters/guan_yu/sprites/drag_right/guan-yu-drag-right-06.png
Loading resource: res://.godot/imported/guan-yu-drag-right-06.png-e8ac525438b9faf6f88b0de9e0fd28ce.ctex remapped: res://.godot/imported/guan-yu-drag-right-06.png-e8ac525438b9faf6f88b0de9e0fd28ce.ctex
Completed load for: 'res://assets/art/characters/guan_yu/sprites/drag_right/guan-yu-drag-right-06.png' remapped 'res://assets/art/characters/guan_yu/sprites/drag_right/guan-yu-drag-right-06.png' at thread -1
Loading resource: res://assets/art/characters/guan_yu/sprites/drag_right/guan-yu-drag-right-07.png remapped: res://assets/art/characters/guan_yu/sprites/drag_right/guan-yu-drag-right-07.png
Loading resource: res://.godot/imported/guan-yu-drag-right-07.png-bee3c44a1fd64c3d0f66738d56cafe9e.ctex remapped: res://.godot/imported/guan-yu-drag-right-07.png-bee3c44a1fd64c3d0f66738d56cafe9e.ctex
Completed load for: 'res://assets/art/characters/guan_yu/sprites/drag_right/guan-yu-drag-right-07.png' remapped 'res://assets/art/characters/guan_yu/sprites/drag_right/guan-yu-drag-right-07.png' at thread -1
Loading resource: res://assets/art/characters/guan_yu/sprites/drag_right/guan-yu-drag-right-08.png remapped: res://assets/art/characters/guan_yu/sprites/drag_right/guan-yu-drag-right-08.png
Loading resource: res://.godot/imported/guan-yu-drag-right-08.png-b16f79d221acdb2887f56db0a31cdfd6.ctex remapped: res://.godot/imported/guan-yu-drag-right-08.png-b16f79d221acdb2887f56db0a31cdfd6.ctex
Completed load for: 'res://assets/art/characters/guan_yu/sprites/drag_right/guan-yu-drag-right-08.png' remapped 'res://assets/art/characters/guan_yu/sprites/drag_right/guan-yu-drag-right-08.png' at thread -1
Loading resource: res://assets/art/characters/guan_yu/sprites/drag_right/guan-yu-drag-right-09.png remapped: res://assets/art/characters/guan_yu/sprites/drag_right/guan-yu-drag-right-09.png
Loading resource: res://.godot/imported/guan-yu-drag-right-09.png-59dd00491a730b8b2572992fe089f30c.ctex remapped: res://.godot/imported/guan-yu-drag-right-09.png-59dd00491a730b8b2572992fe089f30c.ctex
Completed load for: 'res://assets/art/characters/guan_yu/sprites/drag_right/guan-yu-drag-right-09.png' remapped 'res://assets/art/characters/guan_yu/sprites/drag_right/guan-yu-drag-right-09.png' at thread -1
Loading resource: res://assets/art/characters/guan_yu/sprites/death_right/guan-yu-death-right-01.png remapped: res://assets/art/characters/guan_yu/sprites/death_right/guan-yu-death-right-01.png
Loading resource: res://.godot/imported/guan-yu-death-right-01.png-973ad0fc37c2c1d1c6de89aa91b0a0a3.ctex remapped: res://.godot/imported/guan-yu-death-right-01.png-973ad0fc37c2c1d1c6de89aa91b0a0a3.ctex
Completed load for: 'res://assets/art/characters/guan_yu/sprites/death_right/guan-yu-death-right-01.png' remapped 'res://assets/art/characters/guan_yu/sprites/death_right/guan-yu-death-right-01.png' at thread -1
Loading resource: res://assets/art/characters/guan_yu/sprites/death_right/guan-yu-death-right-02.png remapped: res://assets/art/characters/guan_yu/sprites/death_right/guan-yu-death-right-02.png
Loading resource: res://.godot/imported/guan-yu-death-right-02.png-f013b9b191995396b490aa87679b3f3e.ctex remapped: res://.godot/imported/guan-yu-death-right-02.png-f013b9b191995396b490aa87679b3f3e.ctex
Completed load for: 'res://assets/art/characters/guan_yu/sprites/death_right/guan-yu-death-right-02.png' remapped 'res://assets/art/characters/guan_yu/sprites/death_right/guan-yu-death-right-02.png' at thread -1
Loading resource: res://assets/art/characters/guan_yu/sprites/death_right/guan-yu-death-right-03.png remapped: res://assets/art/characters/guan_yu/sprites/death_right/guan-yu-death-right-03.png
Loading resource: res://.godot/imported/guan-yu-death-right-03.png-00dc30158b0cc214264aa3a4fdf072d2.ctex remapped: res://.godot/imported/guan-yu-death-right-03.png-00dc30158b0cc214264aa3a4fdf072d2.ctex
Completed load for: 'res://assets/art/characters/guan_yu/sprites/death_right/guan-yu-death-right-03.png' remapped 'res://assets/art/characters/guan_yu/sprites/death_right/guan-yu-death-right-03.png' at thread -1
Loading resource: res://assets/art/characters/guan_yu/sprites/death_right/guan-yu-death-right-04.png remapped: res://assets/art/characters/guan_yu/sprites/death_right/guan-yu-death-right-04.png
Loading resource: res://.godot/imported/guan-yu-death-right-04.png-12f2356a041bf0d85b750682c23119d9.ctex remapped: res://.godot/imported/guan-yu-death-right-04.png-12f2356a041bf0d85b750682c23119d9.ctex
Completed load for: 'res://assets/art/characters/guan_yu/sprites/death_right/guan-yu-death-right-04.png' remapped 'res://assets/art/characters/guan_yu/sprites/death_right/guan-yu-death-right-04.png' at thread -1
Loading resource: res://assets/art/characters/guan_yu/sprites/death_right/guan-yu-death-right-05.png remapped: res://assets/art/characters/guan_yu/sprites/death_right/guan-yu-death-right-05.png
Loading resource: res://.godot/imported/guan-yu-death-right-05.png-ba261eb5fb3444e20466499145ae575c.ctex remapped: res://.godot/imported/guan-yu-death-right-05.png-ba261eb5fb3444e20466499145ae575c.ctex
Completed load for: 'res://assets/art/characters/guan_yu/sprites/death_right/guan-yu-death-right-05.png' remapped 'res://assets/art/characters/guan_yu/sprites/death_right/guan-yu-death-right-05.png' at thread -1
Loading resource: res://assets/art/characters/zhang_fei/sprites/idle_right/zhang-fei-idle-04.png remapped: res://assets/art/characters/zhang_fei/sprites/idle_right/zhang-fei-idle-04.png
Loading resource: res://.godot/imported/zhang-fei-idle-04.png-5ea80dd2ba0d652deff4739829f295a6.ctex remapped: res://.godot/imported/zhang-fei-idle-04.png-5ea80dd2ba0d652deff4739829f295a6.ctex
Completed load for: 'res://assets/art/characters/zhang_fei/sprites/idle_right/zhang-fei-idle-04.png' remapped 'res://assets/art/characters/zhang_fei/sprites/idle_right/zhang-fei-idle-04.png' at thread -1
Loading resource: res://assets/art/characters/zhang_fei/sprites/idle_right/zhang-fei-idle-05.png remapped: res://assets/art/characters/zhang_fei/sprites/idle_right/zhang-fei-idle-05.png
Loading resource: res://.godot/imported/zhang-fei-idle-05.png-2d158210e4a8ee98285f06e1895a29b2.ctex remapped: res://.godot/imported/zhang-fei-idle-05.png-2d158210e4a8ee98285f06e1895a29b2.ctex
Completed load for: 'res://assets/art/characters/zhang_fei/sprites/idle_right/zhang-fei-idle-05.png' remapped 'res://assets/art/characters/zhang_fei/sprites/idle_right/zhang-fei-idle-05.png' at thread -1
Loading resource: res://assets/art/characters/zhang_fei/sprites/idle_right/zhang-fei-idle-06.png remapped: res://assets/art/characters/zhang_fei/sprites/idle_right/zhang-fei-idle-06.png
Loading resource: res://.godot/imported/zhang-fei-idle-06.png-df3d2fbb2298919776d937050617b79f.ctex remapped: res://.godot/imported/zhang-fei-idle-06.png-df3d2fbb2298919776d937050617b79f.ctex
Completed load for: 'res://assets/art/characters/zhang_fei/sprites/idle_right/zhang-fei-idle-06.png' remapped 'res://assets/art/characters/zhang_fei/sprites/idle_right/zhang-fei-idle-06.png' at thread -1
Loading resource: res://assets/art/characters/zhang_fei/sprites/attack_01_right/zhang-fei-attack-01-01.png remapped: res://assets/art/characters/zhang_fei/sprites/attack_01_right/zhang-fei-attack-01-01.png
Loading resource: res://.godot/imported/zhang-fei-attack-01-01.png-9523d9ba1d9d6f0d9693265277ea1f5c.ctex remapped: res://.godot/imported/zhang-fei-attack-01-01.png-9523d9ba1d9d6f0d9693265277ea1f5c.ctex
Completed load for: 'res://assets/art/characters/zhang_fei/sprites/attack_01_right/zhang-fei-attack-01-01.png' remapped 'res://assets/art/characters/zhang_fei/sprites/attack_01_right/zhang-fei-attack-01-01.png' at thread -1
Loading resource: res://assets/art/characters/zhang_fei/sprites/attack_01_right/zhang-fei-attack-01-02.png remapped: res://assets/art/characters/zhang_fei/sprites/attack_01_right/zhang-fei-attack-01-02.png
Loading resource: res://.godot/imported/zhang-fei-attack-01-02.png-23e660e3bbc27671e132e291040bb286.ctex remapped: res://.godot/imported/zhang-fei-attack-01-02.png-23e660e3bbc27671e132e291040bb286.ctex
Completed load for: 'res://assets/art/characters/zhang_fei/sprites/attack_01_right/zhang-fei-attack-01-02.png' remapped 'res://assets/art/characters/zhang_fei/sprites/attack_01_right/zhang-fei-attack-01-02.png' at thread -1
Loading resource: res://assets/art/characters/zhang_fei/sprites/attack_01_right/zhang-fei-attack-01-03.png remapped: res://assets/art/characters/zhang_fei/sprites/attack_01_right/zhang-fei-attack-01-03.png
Loading resource: res://.godot/imported/zhang-fei-attack-01-03.png-c534d522b00fa681f3c53c8ff753836b.ctex remapped: res://.godot/imported/zhang-fei-attack-01-03.png-c534d522b00fa681f3c53c8ff753836b.ctex
Completed load for: 'res://assets/art/characters/zhang_fei/sprites/attack_01_right/zhang-fei-attack-01-03.png' remapped 'res://assets/art/characters/zhang_fei/sprites/attack_01_right/zhang-fei-attack-01-03.png' at thread -1
Loading resource: res://assets/art/characters/zhang_fei/sprites/attack_01_right/zhang-fei-attack-01-04.png remapped: res://assets/art/characters/zhang_fei/sprites/attack_01_right/zhang-fei-attack-01-04.png
Loading resource: res://.godot/imported/zhang-fei-attack-01-04.png-4c2486c384f7c17e47a2517ba9237c0d.ctex remapped: res://.godot/imported/zhang-fei-attack-01-04.png-4c2486c384f7c17e47a2517ba9237c0d.ctex
Completed load for: 'res://assets/art/characters/zhang_fei/sprites/attack_01_right/zhang-fei-attack-01-04.png' remapped 'res://assets/art/characters/zhang_fei/sprites/attack_01_right/zhang-fei-attack-01-04.png' at thread -1
Loading resource: res://assets/art/characters/zhang_fei/sprites/attack_02_right/zhang-fei-attack-02-01.png remapped: res://assets/art/characters/zhang_fei/sprites/attack_02_right/zhang-fei-attack-02-01.png
Loading resource: res://.godot/imported/zhang-fei-attack-02-01.png-73efdd88de1073eb101320646df3867a.ctex remapped: res://.godot/imported/zhang-fei-attack-02-01.png-73efdd88de1073eb101320646df3867a.ctex
Completed load for: 'res://assets/art/characters/zhang_fei/sprites/attack_02_right/zhang-fei-attack-02-01.png' remapped 'res://assets/art/characters/zhang_fei/sprites/attack_02_right/zhang-fei-attack-02-01.png' at thread -1
Loading resource: res://assets/art/characters/zhang_fei/sprites/attack_02_right/zhang-fei-attack-02-02.png remapped: res://assets/art/characters/zhang_fei/sprites/attack_02_right/zhang-fei-attack-02-02.png
Loading resource: res://.godot/imported/zhang-fei-attack-02-02.png-2e405bdfa5112ea6d3dd4e04b8673266.ctex remapped: res://.godot/imported/zhang-fei-attack-02-02.png-2e405bdfa5112ea6d3dd4e04b8673266.ctex
Completed load for: 'res://assets/art/characters/zhang_fei/sprites/attack_02_right/zhang-fei-attack-02-02.png' remapped 'res://assets/art/characters/zhang_fei/sprites/attack_02_right/zhang-fei-attack-02-02.png' at thread -1
Loading resource: res://assets/art/characters/zhang_fei/sprites/attack_02_right/zhang-fei-attack-02-03.png remapped: res://assets/art/characters/zhang_fei/sprites/attack_02_right/zhang-fei-attack-02-03.png
Loading resource: res://.godot/imported/zhang-fei-attack-02-03.png-79137dff1abb0ad3426b04595514ec1a.ctex remapped: res://.godot/imported/zhang-fei-attack-02-03.png-79137dff1abb0ad3426b04595514ec1a.ctex
Completed load for: 'res://assets/art/characters/zhang_fei/sprites/attack_02_right/zhang-fei-attack-02-03.png' remapped 'res://assets/art/characters/zhang_fei/sprites/attack_02_right/zhang-fei-attack-02-03.png' at thread -1
Loading resource: res://assets/art/characters/zhang_fei/sprites/attack_02_right/zhang-fei-attack-02-04.png remapped: res://assets/art/characters/zhang_fei/sprites/attack_02_right/zhang-fei-attack-02-04.png
Loading resource: res://.godot/imported/zhang-fei-attack-02-04.png-e9d432ff148576fb364c77308261bfe8.ctex remapped: res://.godot/imported/zhang-fei-attack-02-04.png-e9d432ff148576fb364c77308261bfe8.ctex
Completed load for: 'res://assets/art/characters/zhang_fei/sprites/attack_02_right/zhang-fei-attack-02-04.png' remapped 'res://assets/art/characters/zhang_fei/sprites/attack_02_right/zhang-fei-attack-02-04.png' at thread -1
Loading resource: res://assets/art/characters/zhang_fei/sprites/attack_02_right/zhang-fei-attack-02-05.png remapped: res://assets/art/characters/zhang_fei/sprites/attack_02_right/zhang-fei-attack-02-05.png
Loading resource: res://.godot/imported/zhang-fei-attack-02-05.png-9cca045f8677e5f05c171597b05ad93a.ctex remapped: res://.godot/imported/zhang-fei-attack-02-05.png-9cca045f8677e5f05c171597b05ad93a.ctex
Completed load for: 'res://assets/art/characters/zhang_fei/sprites/attack_02_right/zhang-fei-attack-02-05.png' remapped 'res://assets/art/characters/zhang_fei/sprites/attack_02_right/zhang-fei-attack-02-05.png' at thread -1
Loading resource: res://assets/art/characters/zhang_fei/sprites/attack_02_right/zhang-fei-attack-02-06.png remapped: res://assets/art/characters/zhang_fei/sprites/attack_02_right/zhang-fei-attack-02-06.png
Loading resource: res://.godot/imported/zhang-fei-attack-02-06.png-aac29872af1c4f69618141786f2d14cf.ctex remapped: res://.godot/imported/zhang-fei-attack-02-06.png-aac29872af1c4f69618141786f2d14cf.ctex
Completed load for: 'res://assets/art/characters/zhang_fei/sprites/attack_02_right/zhang-fei-attack-02-06.png' remapped 'res://assets/art/characters/zhang_fei/sprites/attack_02_right/zhang-fei-attack-02-06.png' at thread -1
Loading resource: res://assets/art/characters/zhang_fei/sprites/attack_03_right/zhang-fei-attack-03-01.png remapped: res://assets/art/characters/zhang_fei/sprites/attack_03_right/zhang-fei-attack-03-01.png
Loading resource: res://.godot/imported/zhang-fei-attack-03-01.png-e1478a7f4f9cc19f5ad41cc14d5cd30e.ctex remapped: res://.godot/imported/zhang-fei-attack-03-01.png-e1478a7f4f9cc19f5ad41cc14d5cd30e.ctex
Completed load for: 'res://assets/art/characters/zhang_fei/sprites/attack_03_right/zhang-fei-attack-03-01.png' remapped 'res://assets/art/characters/zhang_fei/sprites/attack_03_right/zhang-fei-attack-03-01.png' at thread -1
Loading resource: res://assets/art/characters/zhang_fei/sprites/attack_03_right/zhang-fei-attack-03-02.png remapped: res://assets/art/characters/zhang_fei/sprites/attack_03_right/zhang-fei-attack-03-02.png
Loading resource: res://.godot/imported/zhang-fei-attack-03-02.png-cab94f17af475e4c5d4fd3186d92fd0c.ctex remapped: res://.godot/imported/zhang-fei-attack-03-02.png-cab94f17af475e4c5d4fd3186d92fd0c.ctex
Completed load for: 'res://assets/art/characters/zhang_fei/sprites/attack_03_right/zhang-fei-attack-03-02.png' remapped 'res://assets/art/characters/zhang_fei/sprites/attack_03_right/zhang-fei-attack-03-02.png' at thread -1
Loading resource: res://assets/art/characters/zhang_fei/sprites/attack_03_right/zhang-fei-attack-03-03.png remapped: res://assets/art/characters/zhang_fei/sprites/attack_03_right/zhang-fei-attack-03-03.png
Loading resource: res://.godot/imported/zhang-fei-attack-03-03.png-6ab2b3542b36abf289b1aa42d0f40acf.ctex remapped: res://.godot/imported/zhang-fei-attack-03-03.png-6ab2b3542b36abf289b1aa42d0f40acf.ctex
Completed load for: 'res://assets/art/characters/zhang_fei/sprites/attack_03_right/zhang-fei-attack-03-03.png' remapped 'res://assets/art/characters/zhang_fei/sprites/attack_03_right/zhang-fei-attack-03-03.png' at thread -1
Loading resource: res://assets/art/characters/zhang_fei/sprites/attack_03_right/zhang-fei-attack-03-04.png remapped: res://assets/art/characters/zhang_fei/sprites/attack_03_right/zhang-fei-attack-03-04.png
Loading resource: res://.godot/imported/zhang-fei-attack-03-04.png-d510d4869a0e75e7fc4f93cc1fe172fb.ctex remapped: res://.godot/imported/zhang-fei-attack-03-04.png-d510d4869a0e75e7fc4f93cc1fe172fb.ctex
Completed load for: 'res://assets/art/characters/zhang_fei/sprites/attack_03_right/zhang-fei-attack-03-04.png' remapped 'res://assets/art/characters/zhang_fei/sprites/attack_03_right/zhang-fei-attack-03-04.png' at thread -1
Loading resource: res://assets/art/characters/zhang_fei/sprites/attack_03_right/zhang-fei-attack-03-05.png remapped: res://assets/art/characters/zhang_fei/sprites/attack_03_right/zhang-fei-attack-03-05.png
Loading resource: res://.godot/imported/zhang-fei-attack-03-05.png-d447e26a42b0cf25b4c22d1bf7ba740e.ctex remapped: res://.godot/imported/zhang-fei-attack-03-05.png-d447e26a42b0cf25b4c22d1bf7ba740e.ctex
Completed load for: 'res://assets/art/characters/zhang_fei/sprites/attack_03_right/zhang-fei-attack-03-05.png' remapped 'res://assets/art/characters/zhang_fei/sprites/attack_03_right/zhang-fei-attack-03-05.png' at thread -1
Loading resource: res://assets/art/characters/zhang_fei/sprites/attack_03_right/zhang-fei-attack-03-06.png remapped: res://assets/art/characters/zhang_fei/sprites/attack_03_right/zhang-fei-attack-03-06.png
Loading resource: res://.godot/imported/zhang-fei-attack-03-06.png-44fd0311e5630725af54cc9b941ff65a.ctex remapped: res://.godot/imported/zhang-fei-attack-03-06.png-44fd0311e5630725af54cc9b941ff65a.ctex
Completed load for: 'res://assets/art/characters/zhang_fei/sprites/attack_03_right/zhang-fei-attack-03-06.png' remapped 'res://assets/art/characters/zhang_fei/sprites/attack_03_right/zhang-fei-attack-03-06.png' at thread -1
Loading resource: res://assets/art/characters/zhang_fei/sprites/attack_03_right/zhang-fei-attack-03-07.png remapped: res://assets/art/characters/zhang_fei/sprites/attack_03_right/zhang-fei-attack-03-07.png
Loading resource: res://.godot/imported/zhang-fei-attack-03-07.png-c56895b94f0f2d37d9b9d43f777e2209.ctex remapped: res://.godot/imported/zhang-fei-attack-03-07.png-c56895b94f0f2d37d9b9d43f777e2209.ctex
Completed load for: 'res://assets/art/characters/zhang_fei/sprites/attack_03_right/zhang-fei-attack-03-07.png' remapped 'res://assets/art/characters/zhang_fei/sprites/attack_03_right/zhang-fei-attack-03-07.png' at thread -1
Loading resource: res://assets/art/characters/zhang_fei/sprites/attack_03_right/zhang-fei-attack-03-08.png remapped: res://assets/art/characters/zhang_fei/sprites/attack_03_right/zhang-fei-attack-03-08.png
Loading resource: res://.godot/imported/zhang-fei-attack-03-08.png-148fde06a51c75abaa874cf3dc373cbd.ctex remapped: res://.godot/imported/zhang-fei-attack-03-08.png-148fde06a51c75abaa874cf3dc373cbd.ctex
Completed load for: 'res://assets/art/characters/zhang_fei/sprites/attack_03_right/zhang-fei-attack-03-08.png' remapped 'res://assets/art/characters/zhang_fei/sprites/attack_03_right/zhang-fei-attack-03-08.png' at thread -1
Loading resource: res://assets/art/characters/zhang_fei/sprites/attack_03_right/zhang-fei-attack-03-09.png remapped: res://assets/art/characters/zhang_fei/sprites/attack_03_right/zhang-fei-attack-03-09.png
Loading resource: res://.godot/imported/zhang-fei-attack-03-09.png-6d9e84ad634a3b284e01797b575cc968.ctex remapped: res://.godot/imported/zhang-fei-attack-03-09.png-6d9e84ad634a3b284e01797b575cc968.ctex
Completed load for: 'res://assets/art/characters/zhang_fei/sprites/attack_03_right/zhang-fei-attack-03-09.png' remapped 'res://assets/art/characters/zhang_fei/sprites/attack_03_right/zhang-fei-attack-03-09.png' at thread -1
Loading resource: res://assets/art/enemies/sword/idle_right/knife-idle-right-01.png remapped: res://assets/art/enemies/sword/idle_right/knife-idle-right-01.png
Loading resource: res://.godot/imported/knife-idle-right-01.png-80cffcdeb1b63b30b9d7ff0e7c3463ba.ctex remapped: res://.godot/imported/knife-idle-right-01.png-80cffcdeb1b63b30b9d7ff0e7c3463ba.ctex
Completed load for: 'res://assets/art/enemies/sword/idle_right/knife-idle-right-01.png' remapped 'res://assets/art/enemies/sword/idle_right/knife-idle-right-01.png' at thread -1
Loading resource: res://assets/art/enemies/sword/idle_right/knife-idle-right-02.png remapped: res://assets/art/enemies/sword/idle_right/knife-idle-right-02.png
Loading resource: res://.godot/imported/knife-idle-right-02.png-4a6739ff470fc99ad030747de3073872.ctex remapped: res://.godot/imported/knife-idle-right-02.png-4a6739ff470fc99ad030747de3073872.ctex
Completed load for: 'res://assets/art/enemies/sword/idle_right/knife-idle-right-02.png' remapped 'res://assets/art/enemies/sword/idle_right/knife-idle-right-02.png' at thread -1
Loading resource: res://assets/art/enemies/sword/idle_right/knife-idle-right-03.png remapped: res://assets/art/enemies/sword/idle_right/knife-idle-right-03.png
Loading resource: res://.godot/imported/knife-idle-right-03.png-53f2dc5b17894d9573ebc887cde46089.ctex remapped: res://.godot/imported/knife-idle-right-03.png-53f2dc5b17894d9573ebc887cde46089.ctex
Completed load for: 'res://assets/art/enemies/sword/idle_right/knife-idle-right-03.png' remapped 'res://assets/art/enemies/sword/idle_right/knife-idle-right-03.png' at thread -1
Loading resource: res://assets/art/enemies/sword/walk_right/knife-walk-right-01.png remapped: res://assets/art/enemies/sword/walk_right/knife-walk-right-01.png
Loading resource: res://.godot/imported/knife-walk-right-01.png-8abbd6137c8a3bd777535c7cfe922273.ctex remapped: res://.godot/imported/knife-walk-right-01.png-8abbd6137c8a3bd777535c7cfe922273.ctex
Completed load for: 'res://assets/art/enemies/sword/walk_right/knife-walk-right-01.png' remapped 'res://assets/art/enemies/sword/walk_right/knife-walk-right-01.png' at thread -1
Loading resource: res://assets/art/enemies/sword/walk_right/knife-walk-right-02.png remapped: res://assets/art/enemies/sword/walk_right/knife-walk-right-02.png
Loading resource: res://.godot/imported/knife-walk-right-02.png-2a8aee043541db592346b47251155774.ctex remapped: res://.godot/imported/knife-walk-right-02.png-2a8aee043541db592346b47251155774.ctex
Completed load for: 'res://assets/art/enemies/sword/walk_right/knife-walk-right-02.png' remapped 'res://assets/art/enemies/sword/walk_right/knife-walk-right-02.png' at thread -1
Loading resource: res://assets/art/enemies/sword/walk_right/knife-walk-right-03.png remapped: res://assets/art/enemies/sword/walk_right/knife-walk-right-03.png
Loading resource: res://.godot/imported/knife-walk-right-03.png-2a860d5ba456d790a95b08bb4841a320.ctex remapped: res://.godot/imported/knife-walk-right-03.png-2a860d5ba456d790a95b08bb4841a320.ctex
Completed load for: 'res://assets/art/enemies/sword/walk_right/knife-walk-right-03.png' remapped 'res://assets/art/enemies/sword/walk_right/knife-walk-right-03.png' at thread -1
Loading resource: res://assets/art/enemies/sword/walk_right/knife-walk-right-04.png remapped: res://assets/art/enemies/sword/walk_right/knife-walk-right-04.png
Loading resource: res://.godot/imported/knife-walk-right-04.png-87c0596e10b6a1cec2e908e4c09c8bf5.ctex remapped: res://.godot/imported/knife-walk-right-04.png-87c0596e10b6a1cec2e908e4c09c8bf5.ctex
Completed load for: 'res://assets/art/enemies/sword/walk_right/knife-walk-right-04.png' remapped 'res://assets/art/enemies/sword/walk_right/knife-walk-right-04.png' at thread -1
Loading resource: res://assets/art/enemies/sword/attack_01_right/knife-attack-01-right-01.png remapped: res://assets/art/enemies/sword/attack_01_right/knife-attack-01-right-01.png
Loading resource: res://.godot/imported/knife-attack-01-right-01.png-94e4b4143d64e24c9db3e9dfe9fee0d2.ctex remapped: res://.godot/imported/knife-attack-01-right-01.png-94e4b4143d64e24c9db3e9dfe9fee0d2.ctex
Completed load for: 'res://assets/art/enemies/sword/attack_01_right/knife-attack-01-right-01.png' remapped 'res://assets/art/enemies/sword/attack_01_right/knife-attack-01-right-01.png' at thread -1
Loading resource: res://assets/art/enemies/sword/attack_01_right/knife-attack-01-right-02.png remapped: res://assets/art/enemies/sword/attack_01_right/knife-attack-01-right-02.png
Loading resource: res://.godot/imported/knife-attack-01-right-02.png-89cee231da6345f4c7be471560c53b1f.ctex remapped: res://.godot/imported/knife-attack-01-right-02.png-89cee231da6345f4c7be471560c53b1f.ctex
Completed load for: 'res://assets/art/enemies/sword/attack_01_right/knife-attack-01-right-02.png' remapped 'res://assets/art/enemies/sword/attack_01_right/knife-attack-01-right-02.png' at thread -1
Loading resource: res://assets/art/enemies/sword/attack_01_right/knife-attack-01-right-03.png remapped: res://assets/art/enemies/sword/attack_01_right/knife-attack-01-right-03.png
Loading resource: res://.godot/imported/knife-attack-01-right-03.png-e30928052314d263c02271b952f2db9a.ctex remapped: res://.godot/imported/knife-attack-01-right-03.png-e30928052314d263c02271b952f2db9a.ctex
Completed load for: 'res://assets/art/enemies/sword/attack_01_right/knife-attack-01-right-03.png' remapped 'res://assets/art/enemies/sword/attack_01_right/knife-attack-01-right-03.png' at thread -1
Loading resource: res://assets/art/enemies/sword/attack_01_right/knife-attack-01-right-04.png remapped: res://assets/art/enemies/sword/attack_01_right/knife-attack-01-right-04.png
Loading resource: res://.godot/imported/knife-attack-01-right-04.png-c5a3bbad62c44e07d58ba8eb4865fe54.ctex remapped: res://.godot/imported/knife-attack-01-right-04.png-c5a3bbad62c44e07d58ba8eb4865fe54.ctex
Completed load for: 'res://assets/art/enemies/sword/attack_01_right/knife-attack-01-right-04.png' remapped 'res://assets/art/enemies/sword/attack_01_right/knife-attack-01-right-04.png' at thread -1
Loading resource: res://assets/art/enemies/sword/death_right/knife-death-right-01.png remapped: res://assets/art/enemies/sword/death_right/knife-death-right-01.png
Loading resource: res://.godot/imported/knife-death-right-01.png-909d43c1bc00b06f235cad5d1306042f.ctex remapped: res://.godot/imported/knife-death-right-01.png-909d43c1bc00b06f235cad5d1306042f.ctex
Completed load for: 'res://assets/art/enemies/sword/death_right/knife-death-right-01.png' remapped 'res://assets/art/enemies/sword/death_right/knife-death-right-01.png' at thread -1
Loading resource: res://assets/art/enemies/sword/death_right/knife-death-right-02.png remapped: res://assets/art/enemies/sword/death_right/knife-death-right-02.png
Loading resource: res://.godot/imported/knife-death-right-02.png-51255e53dfb1fdaed81c98c605aad3c3.ctex remapped: res://.godot/imported/knife-death-right-02.png-51255e53dfb1fdaed81c98c605aad3c3.ctex
Completed load for: 'res://assets/art/enemies/sword/death_right/knife-death-right-02.png' remapped 'res://assets/art/enemies/sword/death_right/knife-death-right-02.png' at thread -1
Loading resource: res://assets/art/enemies/sword/death_right/knife-death-right-03.png remapped: res://assets/art/enemies/sword/death_right/knife-death-right-03.png
Loading resource: res://.godot/imported/knife-death-right-03.png-103b391248824250dc9e8574e0891e4a.ctex remapped: res://.godot/imported/knife-death-right-03.png-103b391248824250dc9e8574e0891e4a.ctex
Completed load for: 'res://assets/art/enemies/sword/death_right/knife-death-right-03.png' remapped 'res://assets/art/enemies/sword/death_right/knife-death-right-03.png' at thread -1
Loading resource: res://assets/art/enemies/sword/death_right/knife-death-right-04.png remapped: res://assets/art/enemies/sword/death_right/knife-death-right-04.png
Loading resource: res://.godot/imported/knife-death-right-04.png-5f0351d9295b09ad1ccd88af276de327.ctex remapped: res://.godot/imported/knife-death-right-04.png-5f0351d9295b09ad1ccd88af276de327.ctex
Completed load for: 'res://assets/art/enemies/sword/death_right/knife-death-right-04.png' remapped 'res://assets/art/enemies/sword/death_right/knife-death-right-04.png' at thread -1
Loading resource: res://assets/art/enemies/sword/death_right/knife-death-right-05.png remapped: res://assets/art/enemies/sword/death_right/knife-death-right-05.png
Loading resource: res://.godot/imported/knife-death-right-05.png-c2fbf6e0dc56fd941e1401a34a0f8743.ctex remapped: res://.godot/imported/knife-death-right-05.png-c2fbf6e0dc56fd941e1401a34a0f8743.ctex
Completed load for: 'res://assets/art/enemies/sword/death_right/knife-death-right-05.png' remapped 'res://assets/art/enemies/sword/death_right/knife-death-right-05.png' at thread -1
Loading resource: res://assets/art/enemies/shield/idle_right/shield-idle-right-01.png remapped: res://assets/art/enemies/shield/idle_right/shield-idle-right-01.png
Loading resource: res://.godot/imported/shield-idle-right-01.png-4cdaacb5b6dffe197a5e6d67aaa3f222.ctex remapped: res://.godot/imported/shield-idle-right-01.png-4cdaacb5b6dffe197a5e6d67aaa3f222.ctex
Completed load for: 'res://assets/art/enemies/shield/idle_right/shield-idle-right-01.png' remapped 'res://assets/art/enemies/shield/idle_right/shield-idle-right-01.png' at thread -1
Loading resource: res://assets/art/enemies/shield/idle_right/shield-idle-right-02.png remapped: res://assets/art/enemies/shield/idle_right/shield-idle-right-02.png
Loading resource: res://.godot/imported/shield-idle-right-02.png-a22da3ce9f63b8db0d242abea8c18f87.ctex remapped: res://.godot/imported/shield-idle-right-02.png-a22da3ce9f63b8db0d242abea8c18f87.ctex
Completed load for: 'res://assets/art/enemies/shield/idle_right/shield-idle-right-02.png' remapped 'res://assets/art/enemies/shield/idle_right/shield-idle-right-02.png' at thread -1
Loading resource: res://assets/art/enemies/shield/walk_right/shield-walk-right-01.png remapped: res://assets/art/enemies/shield/walk_right/shield-walk-right-01.png
Loading resource: res://.godot/imported/shield-walk-right-01.png-666ab079fa8634fa2cc00e7ae63ed75f.ctex remapped: res://.godot/imported/shield-walk-right-01.png-666ab079fa8634fa2cc00e7ae63ed75f.ctex
Completed load for: 'res://assets/art/enemies/shield/walk_right/shield-walk-right-01.png' remapped 'res://assets/art/enemies/shield/walk_right/shield-walk-right-01.png' at thread -1
Loading resource: res://assets/art/enemies/shield/walk_right/shield-walk-right-02.png remapped: res://assets/art/enemies/shield/walk_right/shield-walk-right-02.png
Loading resource: res://.godot/imported/shield-walk-right-02.png-d312111a9b4f1d8960ab848de72e9f3a.ctex remapped: res://.godot/imported/shield-walk-right-02.png-d312111a9b4f1d8960ab848de72e9f3a.ctex
Completed load for: 'res://assets/art/enemies/shield/walk_right/shield-walk-right-02.png' remapped 'res://assets/art/enemies/shield/walk_right/shield-walk-right-02.png' at thread -1
Loading resource: res://assets/art/enemies/shield/walk_right/shield-walk-right-03.png remapped: res://assets/art/enemies/shield/walk_right/shield-walk-right-03.png
Loading resource: res://.godot/imported/shield-walk-right-03.png-27e0c76f8e7108ee06ce3097f3c49a68.ctex remapped: res://.godot/imported/shield-walk-right-03.png-27e0c76f8e7108ee06ce3097f3c49a68.ctex
Completed load for: 'res://assets/art/enemies/shield/walk_right/shield-walk-right-03.png' remapped 'res://assets/art/enemies/shield/walk_right/shield-walk-right-03.png' at thread -1
Loading resource: res://assets/art/enemies/shield/attack_01_right/shield-attack-01-right-01.png remapped: res://assets/art/enemies/shield/attack_01_right/shield-attack-01-right-01.png
Loading resource: res://.godot/imported/shield-attack-01-right-01.png-ad10ded6eb159ee6b9804bf6c06e4cc8.ctex remapped: res://.godot/imported/shield-attack-01-right-01.png-ad10ded6eb159ee6b9804bf6c06e4cc8.ctex
Completed load for: 'res://assets/art/enemies/shield/attack_01_right/shield-attack-01-right-01.png' remapped 'res://assets/art/enemies/shield/attack_01_right/shield-attack-01-right-01.png' at thread -1
Loading resource: res://assets/art/enemies/shield/attack_01_right/shield-attack-01-right-02.png remapped: res://assets/art/enemies/shield/attack_01_right/shield-attack-01-right-02.png
Loading resource: res://.godot/imported/shield-attack-01-right-02.png-5ee82719b42e6cf01473d9c0482f7b0a.ctex remapped: res://.godot/imported/shield-attack-01-right-02.png-5ee82719b42e6cf01473d9c0482f7b0a.ctex
Completed load for: 'res://assets/art/enemies/shield/attack_01_right/shield-attack-01-right-02.png' remapped 'res://assets/art/enemies/shield/attack_01_right/shield-attack-01-right-02.png' at thread -1
Loading resource: res://assets/art/enemies/shield/attack_01_right/shield-attack-01-right-03.png remapped: res://assets/art/enemies/shield/attack_01_right/shield-attack-01-right-03.png
Loading resource: res://.godot/imported/shield-attack-01-right-03.png-ddad9eeb80d4e280f8ceb6183a4dd433.ctex remapped: res://.godot/imported/shield-attack-01-right-03.png-ddad9eeb80d4e280f8ceb6183a4dd433.ctex
Completed load for: 'res://assets/art/enemies/shield/attack_01_right/shield-attack-01-right-03.png' remapped 'res://assets/art/enemies/shield/attack_01_right/shield-attack-01-right-03.png' at thread -1
Loading resource: res://assets/art/enemies/shield/attack_01_right/shield-attack-01-right-04.png remapped: res://assets/art/enemies/shield/attack_01_right/shield-attack-01-right-04.png
Loading resource: res://.godot/imported/shield-attack-01-right-04.png-ec017e511801c852eb4bdf81eedb88ef.ctex remapped: res://.godot/imported/shield-attack-01-right-04.png-ec017e511801c852eb4bdf81eedb88ef.ctex
Completed load for: 'res://assets/art/enemies/shield/attack_01_right/shield-attack-01-right-04.png' remapped 'res://assets/art/enemies/shield/attack_01_right/shield-attack-01-right-04.png' at thread -1
Loading resource: res://assets/art/enemies/shield/death_right/shield-death-right-01.png remapped: res://assets/art/enemies/shield/death_right/shield-death-right-01.png
Loading resource: res://.godot/imported/shield-death-right-01.png-25fd3c832a35caa119054599962c2247.ctex remapped: res://.godot/imported/shield-death-right-01.png-25fd3c832a35caa119054599962c2247.ctex
Completed load for: 'res://assets/art/enemies/shield/death_right/shield-death-right-01.png' remapped 'res://assets/art/enemies/shield/death_right/shield-death-right-01.png' at thread -1
Loading resource: res://assets/art/enemies/shield/death_right/shield-death-right-02.png remapped: res://assets/art/enemies/shield/death_right/shield-death-right-02.png
Loading resource: res://.godot/imported/shield-death-right-02.png-f8d197067b5757b25f68f104cbad441b.ctex remapped: res://.godot/imported/shield-death-right-02.png-f8d197067b5757b25f68f104cbad441b.ctex
Completed load for: 'res://assets/art/enemies/shield/death_right/shield-death-right-02.png' remapped 'res://assets/art/enemies/shield/death_right/shield-death-right-02.png' at thread -1
Loading resource: res://assets/art/enemies/shield/death_right/shield-death-right-03.png remapped: res://assets/art/enemies/shield/death_right/shield-death-right-03.png
Loading resource: res://.godot/imported/shield-death-right-03.png-287841249d515c9f8b06e383645cc155.ctex remapped: res://.godot/imported/shield-death-right-03.png-287841249d515c9f8b06e383645cc155.ctex
Completed load for: 'res://assets/art/enemies/shield/death_right/shield-death-right-03.png' remapped 'res://assets/art/enemies/shield/death_right/shield-death-right-03.png' at thread -1
Loading resource: res://assets/art/enemies/shield/death_right/shield-death-right-04.png remapped: res://assets/art/enemies/shield/death_right/shield-death-right-04.png
Loading resource: res://.godot/imported/shield-death-right-04.png-d295bd6f76b0211add17560abf624240.ctex remapped: res://.godot/imported/shield-death-right-04.png-d295bd6f76b0211add17560abf624240.ctex
Completed load for: 'res://assets/art/enemies/shield/death_right/shield-death-right-04.png' remapped 'res://assets/art/enemies/shield/death_right/shield-death-right-04.png' at thread -1
Loading resource: res://assets/art/enemies/archer/idle_right/archer-idle-right-01.png remapped: res://assets/art/enemies/archer/idle_right/archer-idle-right-01.png
Loading resource: res://.godot/imported/archer-idle-right-01.png-1662ec24a959eeac1fbcdb943dcb2ea6.ctex remapped: res://.godot/imported/archer-idle-right-01.png-1662ec24a959eeac1fbcdb943dcb2ea6.ctex
Completed load for: 'res://assets/art/enemies/archer/idle_right/archer-idle-right-01.png' remapped 'res://assets/art/enemies/archer/idle_right/archer-idle-right-01.png' at thread -1
Loading resource: res://assets/art/enemies/archer/idle_right/archer-idle-right-02.png remapped: res://assets/art/enemies/archer/idle_right/archer-idle-right-02.png
Loading resource: res://.godot/imported/archer-idle-right-02.png-7a18da021464c5b4cfdfd2477c51c733.ctex remapped: res://.godot/imported/archer-idle-right-02.png-7a18da021464c5b4cfdfd2477c51c733.ctex
Completed load for: 'res://assets/art/enemies/archer/idle_right/archer-idle-right-02.png' remapped 'res://assets/art/enemies/archer/idle_right/archer-idle-right-02.png' at thread -1
Loading resource: res://assets/art/enemies/archer/walk_right/archer-walk-right-01.png remapped: res://assets/art/enemies/archer/walk_right/archer-walk-right-01.png
Loading resource: res://.godot/imported/archer-walk-right-01.png-e3830d8e4a91d67f63e4436b6c7514aa.ctex remapped: res://.godot/imported/archer-walk-right-01.png-e3830d8e4a91d67f63e4436b6c7514aa.ctex
Completed load for: 'res://assets/art/enemies/archer/walk_right/archer-walk-right-01.png' remapped 'res://assets/art/enemies/archer/walk_right/archer-walk-right-01.png' at thread -1
Loading resource: res://assets/art/enemies/archer/walk_right/archer-walk-right-02.png remapped: res://assets/art/enemies/archer/walk_right/archer-walk-right-02.png
Loading resource: res://.godot/imported/archer-walk-right-02.png-beac45ab0fcf5fe4cc9b6affd04ae42a.ctex remapped: res://.godot/imported/archer-walk-right-02.png-beac45ab0fcf5fe4cc9b6affd04ae42a.ctex
Completed load for: 'res://assets/art/enemies/archer/walk_right/archer-walk-right-02.png' remapped 'res://assets/art/enemies/archer/walk_right/archer-walk-right-02.png' at thread -1
Loading resource: res://assets/art/enemies/archer/walk_right/archer-walk-right-03.png remapped: res://assets/art/enemies/archer/walk_right/archer-walk-right-03.png
Loading resource: res://.godot/imported/archer-walk-right-03.png-00c0f6e89a58a17916153f51e7a8d233.ctex remapped: res://.godot/imported/archer-walk-right-03.png-00c0f6e89a58a17916153f51e7a8d233.ctex
Completed load for: 'res://assets/art/enemies/archer/walk_right/archer-walk-right-03.png' remapped 'res://assets/art/enemies/archer/walk_right/archer-walk-right-03.png' at thread -1
Loading resource: res://assets/art/enemies/archer/walk_right/archer-walk-right-04.png remapped: res://assets/art/enemies/archer/walk_right/archer-walk-right-04.png
Loading resource: res://.godot/imported/archer-walk-right-04.png-206153d04a8bdfd987181c90361a495f.ctex remapped: res://.godot/imported/archer-walk-right-04.png-206153d04a8bdfd987181c90361a495f.ctex
Completed load for: 'res://assets/art/enemies/archer/walk_right/archer-walk-right-04.png' remapped 'res://assets/art/enemies/archer/walk_right/archer-walk-right-04.png' at thread -1
Loading resource: res://assets/art/enemies/archer/attack_01_right/archer-attack-01-right-01.png remapped: res://assets/art/enemies/archer/attack_01_right/archer-attack-01-right-01.png
Loading resource: res://.godot/imported/archer-attack-01-right-01.png-6275e8359fd5462ed170868770183325.ctex remapped: res://.godot/imported/archer-attack-01-right-01.png-6275e8359fd5462ed170868770183325.ctex
Completed load for: 'res://assets/art/enemies/archer/attack_01_right/archer-attack-01-right-01.png' remapped 'res://assets/art/enemies/archer/attack_01_right/archer-attack-01-right-01.png' at thread -1
Loading resource: res://assets/art/enemies/archer/attack_01_right/archer-attack-01-right-02.png remapped: res://assets/art/enemies/archer/attack_01_right/archer-attack-01-right-02.png
Loading resource: res://.godot/imported/archer-attack-01-right-02.png-529a04bb26066ed88d9a99c42f66da27.ctex remapped: res://.godot/imported/archer-attack-01-right-02.png-529a04bb26066ed88d9a99c42f66da27.ctex
Completed load for: 'res://assets/art/enemies/archer/attack_01_right/archer-attack-01-right-02.png' remapped 'res://assets/art/enemies/archer/attack_01_right/archer-attack-01-right-02.png' at thread -1
Loading resource: res://assets/art/enemies/archer/attack_01_right/archer-attack-01-right-03.png remapped: res://assets/art/enemies/archer/attack_01_right/archer-attack-01-right-03.png
Loading resource: res://.godot/imported/archer-attack-01-right-03.png-ef93d7558e2f30a10237c746d21256a1.ctex remapped: res://.godot/imported/archer-attack-01-right-03.png-ef93d7558e2f30a10237c746d21256a1.ctex
Completed load for: 'res://assets/art/enemies/archer/attack_01_right/archer-attack-01-right-03.png' remapped 'res://assets/art/enemies/archer/attack_01_right/archer-attack-01-right-03.png' at thread -1
Loading resource: res://assets/art/enemies/archer/attack_01_right/archer-attack-01-right-04.png remapped: res://assets/art/enemies/archer/attack_01_right/archer-attack-01-right-04.png
Loading resource: res://.godot/imported/archer-attack-01-right-04.png-9a8f5f4c03a906dea302fb5a8eeec90f.ctex remapped: res://.godot/imported/archer-attack-01-right-04.png-9a8f5f4c03a906dea302fb5a8eeec90f.ctex
Completed load for: 'res://assets/art/enemies/archer/attack_01_right/archer-attack-01-right-04.png' remapped 'res://assets/art/enemies/archer/attack_01_right/archer-attack-01-right-04.png' at thread -1
Loading resource: res://assets/art/enemies/archer/death_right/archer-death-right-01.png remapped: res://assets/art/enemies/archer/death_right/archer-death-right-01.png
Loading resource: res://.godot/imported/archer-death-right-01.png-898ddc3749ab30abdc427a31650b7e97.ctex remapped: res://.godot/imported/archer-death-right-01.png-898ddc3749ab30abdc427a31650b7e97.ctex
Completed load for: 'res://assets/art/enemies/archer/death_right/archer-death-right-01.png' remapped 'res://assets/art/enemies/archer/death_right/archer-death-right-01.png' at thread -1
Loading resource: res://assets/art/enemies/archer/death_right/archer-death-right-02.png remapped: res://assets/art/enemies/archer/death_right/archer-death-right-02.png
Loading resource: res://.godot/imported/archer-death-right-02.png-f4e82dd2ef68b2f19b8395fba7f44d04.ctex remapped: res://.godot/imported/archer-death-right-02.png-f4e82dd2ef68b2f19b8395fba7f44d04.ctex
Completed load for: 'res://assets/art/enemies/archer/death_right/archer-death-right-02.png' remapped 'res://assets/art/enemies/archer/death_right/archer-death-right-02.png' at thread -1
Loading resource: res://assets/art/enemies/archer/death_right/archer-death-right-03.png remapped: res://assets/art/enemies/archer/death_right/archer-death-right-03.png
Loading resource: res://.godot/imported/archer-death-right-03.png-4421e2f029b7892a8c92b4815dad1949.ctex remapped: res://.godot/imported/archer-death-right-03.png-4421e2f029b7892a8c92b4815dad1949.ctex
Completed load for: 'res://assets/art/enemies/archer/death_right/archer-death-right-03.png' remapped 'res://assets/art/enemies/archer/death_right/archer-death-right-03.png' at thread -1
Loading resource: res://assets/art/enemies/archer/death_right/archer-death-right-04.png remapped: res://assets/art/enemies/archer/death_right/archer-death-right-04.png
Loading resource: res://.godot/imported/archer-death-right-04.png-7a3b0cc4cfb6c7f87944eeb766b46dee.ctex remapped: res://.godot/imported/archer-death-right-04.png-7a3b0cc4cfb6c7f87944eeb766b46dee.ctex
Completed load for: 'res://assets/art/enemies/archer/death_right/archer-death-right-04.png' remapped 'res://assets/art/enemies/archer/death_right/archer-death-right-04.png' at thread -1
Loading resource: res://assets/art/enemies/halberd/idle_right/halberd-idle-right-01.png remapped: res://assets/art/enemies/halberd/idle_right/halberd-idle-right-01.png
Loading resource: res://.godot/imported/halberd-idle-right-01.png-2f395b683c68a3f74adcd51bed0dab6f.ctex remapped: res://.godot/imported/halberd-idle-right-01.png-2f395b683c68a3f74adcd51bed0dab6f.ctex
Completed load for: 'res://assets/art/enemies/halberd/idle_right/halberd-idle-right-01.png' remapped 'res://assets/art/enemies/halberd/idle_right/halberd-idle-right-01.png' at thread -1
Loading resource: res://assets/art/enemies/halberd/idle_right/halberd-idle-right-02.png remapped: res://assets/art/enemies/halberd/idle_right/halberd-idle-right-02.png
Loading resource: res://.godot/imported/halberd-idle-right-02.png-ace2a4e64cf93b95b3042260281cf850.ctex remapped: res://.godot/imported/halberd-idle-right-02.png-ace2a4e64cf93b95b3042260281cf850.ctex
Completed load for: 'res://assets/art/enemies/halberd/idle_right/halberd-idle-right-02.png' remapped 'res://assets/art/enemies/halberd/idle_right/halberd-idle-right-02.png' at thread -1
Loading resource: res://assets/art/enemies/halberd/walk_right/halberd-walk-right-01.png remapped: res://assets/art/enemies/halberd/walk_right/halberd-walk-right-01.png
Loading resource: res://.godot/imported/halberd-walk-right-01.png-43b2a033d430dfce8d4e3d2dd2009082.ctex remapped: res://.godot/imported/halberd-walk-right-01.png-43b2a033d430dfce8d4e3d2dd2009082.ctex
Completed load for: 'res://assets/art/enemies/halberd/walk_right/halberd-walk-right-01.png' remapped 'res://assets/art/enemies/halberd/walk_right/halberd-walk-right-01.png' at thread -1
Loading resource: res://assets/art/enemies/halberd/walk_right/halberd-walk-right-02.png remapped: res://assets/art/enemies/halberd/walk_right/halberd-walk-right-02.png
Loading resource: res://.godot/imported/halberd-walk-right-02.png-db8b9470acaa1cf0670961aa9aa7cf44.ctex remapped: res://.godot/imported/halberd-walk-right-02.png-db8b9470acaa1cf0670961aa9aa7cf44.ctex
Completed load for: 'res://assets/art/enemies/halberd/walk_right/halberd-walk-right-02.png' remapped 'res://assets/art/enemies/halberd/walk_right/halberd-walk-right-02.png' at thread -1
Loading resource: res://assets/art/enemies/halberd/walk_right/halberd-walk-right-03.png remapped: res://assets/art/enemies/halberd/walk_right/halberd-walk-right-03.png
Loading resource: res://.godot/imported/halberd-walk-right-03.png-b3b7d4cded6d6543baae1a0f4b89932f.ctex remapped: res://.godot/imported/halberd-walk-right-03.png-b3b7d4cded6d6543baae1a0f4b89932f.ctex
Completed load for: 'res://assets/art/enemies/halberd/walk_right/halberd-walk-right-03.png' remapped 'res://assets/art/enemies/halberd/walk_right/halberd-walk-right-03.png' at thread -1
Loading resource: res://assets/art/enemies/halberd/attack_01_right/halberd-attack-01-right-01.png remapped: res://assets/art/enemies/halberd/attack_01_right/halberd-attack-01-right-01.png
Loading resource: res://.godot/imported/halberd-attack-01-right-01.png-8df56c2aa3f1f55b311c42d7652249c6.ctex remapped: res://.godot/imported/halberd-attack-01-right-01.png-8df56c2aa3f1f55b311c42d7652249c6.ctex
Completed load for: 'res://assets/art/enemies/halberd/attack_01_right/halberd-attack-01-right-01.png' remapped 'res://assets/art/enemies/halberd/attack_01_right/halberd-attack-01-right-01.png' at thread -1
Loading resource: res://assets/art/enemies/halberd/attack_01_right/halberd-attack-01-right-02.png remapped: res://assets/art/enemies/halberd/attack_01_right/halberd-attack-01-right-02.png
Loading resource: res://.godot/imported/halberd-attack-01-right-02.png-8455d53d2d7d55ae053288af4ad0edd0.ctex remapped: res://.godot/imported/halberd-attack-01-right-02.png-8455d53d2d7d55ae053288af4ad0edd0.ctex
Completed load for: 'res://assets/art/enemies/halberd/attack_01_right/halberd-attack-01-right-02.png' remapped 'res://assets/art/enemies/halberd/attack_01_right/halberd-attack-01-right-02.png' at thread -1
Loading resource: res://assets/art/enemies/halberd/attack_01_right/halberd-attack-01-right-03.png remapped: res://assets/art/enemies/halberd/attack_01_right/halberd-attack-01-right-03.png
Loading resource: res://.godot/imported/halberd-attack-01-right-03.png-633aad5b1b81a8c7b020d2ed9491c1d1.ctex remapped: res://.godot/imported/halberd-attack-01-right-03.png-633aad5b1b81a8c7b020d2ed9491c1d1.ctex
Completed load for: 'res://assets/art/enemies/halberd/attack_01_right/halberd-attack-01-right-03.png' remapped 'res://assets/art/enemies/halberd/attack_01_right/halberd-attack-01-right-03.png' at thread -1
Loading resource: res://assets/art/enemies/halberd/attack_01_right/halberd-attack-01-right-04.png remapped: res://assets/art/enemies/halberd/attack_01_right/halberd-attack-01-right-04.png
Loading resource: res://.godot/imported/halberd-attack-01-right-04.png-21c1382b2401dbfcc1bb22ec323f9eb4.ctex remapped: res://.godot/imported/halberd-attack-01-right-04.png-21c1382b2401dbfcc1bb22ec323f9eb4.ctex
Completed load for: 'res://assets/art/enemies/halberd/attack_01_right/halberd-attack-01-right-04.png' remapped 'res://assets/art/enemies/halberd/attack_01_right/halberd-attack-01-right-04.png' at thread -1
Loading resource: res://assets/art/enemies/halberd/death_right/halberd-death-right-01.png remapped: res://assets/art/enemies/halberd/death_right/halberd-death-right-01.png
Loading resource: res://.godot/imported/halberd-death-right-01.png-19fef6b7a250bd05b84503ab77a338a4.ctex remapped: res://.godot/imported/halberd-death-right-01.png-19fef6b7a250bd05b84503ab77a338a4.ctex
Completed load for: 'res://assets/art/enemies/halberd/death_right/halberd-death-right-01.png' remapped 'res://assets/art/enemies/halberd/death_right/halberd-death-right-01.png' at thread -1
Loading resource: res://assets/art/enemies/halberd/death_right/halberd-death-right-02.png remapped: res://assets/art/enemies/halberd/death_right/halberd-death-right-02.png
Loading resource: res://.godot/imported/halberd-death-right-02.png-3704fd3bd797ac53da9d6187e8c45859.ctex remapped: res://.godot/imported/halberd-death-right-02.png-3704fd3bd797ac53da9d6187e8c45859.ctex
Completed load for: 'res://assets/art/enemies/halberd/death_right/halberd-death-right-02.png' remapped 'res://assets/art/enemies/halberd/death_right/halberd-death-right-02.png' at thread -1
Loading resource: res://assets/art/enemies/halberd/death_right/halberd-death-right-03.png remapped: res://assets/art/enemies/halberd/death_right/halberd-death-right-03.png
Loading resource: res://.godot/imported/halberd-death-right-03.png-4fb989019bc0da0b25027d4ac98c36fb.ctex remapped: res://.godot/imported/halberd-death-right-03.png-4fb989019bc0da0b25027d4ac98c36fb.ctex
Completed load for: 'res://assets/art/enemies/halberd/death_right/halberd-death-right-03.png' remapped 'res://assets/art/enemies/halberd/death_right/halberd-death-right-03.png' at thread -1
Loading resource: res://assets/art/enemies/spear/idle_right/spear-idle-right-01.png remapped: res://assets/art/enemies/spear/idle_right/spear-idle-right-01.png
Loading resource: res://.godot/imported/spear-idle-right-01.png-d8d250660c12b710a2feeb7be7d4d769.ctex remapped: res://.godot/imported/spear-idle-right-01.png-d8d250660c12b710a2feeb7be7d4d769.ctex
Completed load for: 'res://assets/art/enemies/spear/idle_right/spear-idle-right-01.png' remapped 'res://assets/art/enemies/spear/idle_right/spear-idle-right-01.png' at thread -1
Loading resource: res://assets/art/enemies/spear/idle_right/spear-idle-right-02.png remapped: res://assets/art/enemies/spear/idle_right/spear-idle-right-02.png
Loading resource: res://.godot/imported/spear-idle-right-02.png-bd27e5fd4f30ef86f6619dbe70961421.ctex remapped: res://.godot/imported/spear-idle-right-02.png-bd27e5fd4f30ef86f6619dbe70961421.ctex
Completed load for: 'res://assets/art/enemies/spear/idle_right/spear-idle-right-02.png' remapped 'res://assets/art/enemies/spear/idle_right/spear-idle-right-02.png' at thread -1
Loading resource: res://assets/art/enemies/spear/idle_right/spear-idle-right-03.png remapped: res://assets/art/enemies/spear/idle_right/spear-idle-right-03.png
Loading resource: res://.godot/imported/spear-idle-right-03.png-76fe2760c3efaf430d9690d1a65d7ebb.ctex remapped: res://.godot/imported/spear-idle-right-03.png-76fe2760c3efaf430d9690d1a65d7ebb.ctex
Completed load for: 'res://assets/art/enemies/spear/idle_right/spear-idle-right-03.png' remapped 'res://assets/art/enemies/spear/idle_right/spear-idle-right-03.png' at thread -1
Loading resource: res://assets/art/enemies/spear/walk_right/spear-walk-right-01.png remapped: res://assets/art/enemies/spear/walk_right/spear-walk-right-01.png
Loading resource: res://.godot/imported/spear-walk-right-01.png-b26fd4afff01860671e30e56ca7eb793.ctex remapped: res://.godot/imported/spear-walk-right-01.png-b26fd4afff01860671e30e56ca7eb793.ctex
Completed load for: 'res://assets/art/enemies/spear/walk_right/spear-walk-right-01.png' remapped 'res://assets/art/enemies/spear/walk_right/spear-walk-right-01.png' at thread -1
Loading resource: res://assets/art/enemies/spear/walk_right/spear-walk-right-02.png remapped: res://assets/art/enemies/spear/walk_right/spear-walk-right-02.png
Loading resource: res://.godot/imported/spear-walk-right-02.png-9e7331621fba7ebdd9040f8936abe60e.ctex remapped: res://.godot/imported/spear-walk-right-02.png-9e7331621fba7ebdd9040f8936abe60e.ctex
Completed load for: 'res://assets/art/enemies/spear/walk_right/spear-walk-right-02.png' remapped 'res://assets/art/enemies/spear/walk_right/spear-walk-right-02.png' at thread -1
Loading resource: res://assets/art/enemies/spear/walk_right/spear-walk-right-03.png remapped: res://assets/art/enemies/spear/walk_right/spear-walk-right-03.png
Loading resource: res://.godot/imported/spear-walk-right-03.png-0bf11e834c587c7bcd2292b18bcc8a02.ctex remapped: res://.godot/imported/spear-walk-right-03.png-0bf11e834c587c7bcd2292b18bcc8a02.ctex
Completed load for: 'res://assets/art/enemies/spear/walk_right/spear-walk-right-03.png' remapped 'res://assets/art/enemies/spear/walk_right/spear-walk-right-03.png' at thread -1
Loading resource: res://assets/art/enemies/spear/walk_right/spear-walk-right-04.png remapped: res://assets/art/enemies/spear/walk_right/spear-walk-right-04.png
Loading resource: res://.godot/imported/spear-walk-right-04.png-ceafe2c68c757597462e237ebcfadf7e.ctex remapped: res://.godot/imported/spear-walk-right-04.png-ceafe2c68c757597462e237ebcfadf7e.ctex
Completed load for: 'res://assets/art/enemies/spear/walk_right/spear-walk-right-04.png' remapped 'res://assets/art/enemies/spear/walk_right/spear-walk-right-04.png' at thread -1
Loading resource: res://assets/art/enemies/spear/walk_right/spear-walk-right-05.png remapped: res://assets/art/enemies/spear/walk_right/spear-walk-right-05.png
Loading resource: res://.godot/imported/spear-walk-right-05.png-292250c55fec3ea4eafd1a7e90e633a0.ctex remapped: res://.godot/imported/spear-walk-right-05.png-292250c55fec3ea4eafd1a7e90e633a0.ctex
Completed load for: 'res://assets/art/enemies/spear/walk_right/spear-walk-right-05.png' remapped 'res://assets/art/enemies/spear/walk_right/spear-walk-right-05.png' at thread -1
Loading resource: res://assets/art/enemies/spear/attack_01_right/spear-attack-01-right-01.png remapped: res://assets/art/enemies/spear/attack_01_right/spear-attack-01-right-01.png
Loading resource: res://.godot/imported/spear-attack-01-right-01.png-0c25796ac541405a93a155648f1646f3.ctex remapped: res://.godot/imported/spear-attack-01-right-01.png-0c25796ac541405a93a155648f1646f3.ctex
Completed load for: 'res://assets/art/enemies/spear/attack_01_right/spear-attack-01-right-01.png' remapped 'res://assets/art/enemies/spear/attack_01_right/spear-attack-01-right-01.png' at thread -1
Loading resource: res://assets/art/enemies/spear/attack_01_right/spear-attack-01-right-02.png remapped: res://assets/art/enemies/spear/attack_01_right/spear-attack-01-right-02.png
Loading resource: res://.godot/imported/spear-attack-01-right-02.png-6a497575e39ec48b660d7a0c0e032a6e.ctex remapped: res://.godot/imported/spear-attack-01-right-02.png-6a497575e39ec48b660d7a0c0e032a6e.ctex
Completed load for: 'res://assets/art/enemies/spear/attack_01_right/spear-attack-01-right-02.png' remapped 'res://assets/art/enemies/spear/attack_01_right/spear-attack-01-right-02.png' at thread -1
Loading resource: res://assets/art/enemies/spear/attack_01_right/spear-attack-01-right-03.png remapped: res://assets/art/enemies/spear/attack_01_right/spear-attack-01-right-03.png
Loading resource: res://.godot/imported/spear-attack-01-right-03.png-93b2f7014b767358a35fbcb10c7d174b.ctex remapped: res://.godot/imported/spear-attack-01-right-03.png-93b2f7014b767358a35fbcb10c7d174b.ctex
Completed load for: 'res://assets/art/enemies/spear/attack_01_right/spear-attack-01-right-03.png' remapped 'res://assets/art/enemies/spear/attack_01_right/spear-attack-01-right-03.png' at thread -1
Loading resource: res://assets/art/enemies/spear/attack_01_right/spear-attack-01-right-04.png remapped: res://assets/art/enemies/spear/attack_01_right/spear-attack-01-right-04.png
Loading resource: res://.godot/imported/spear-attack-01-right-04.png-0eb29c6db2d6cfe4175dbc4f259938d2.ctex remapped: res://.godot/imported/spear-attack-01-right-04.png-0eb29c6db2d6cfe4175dbc4f259938d2.ctex
Completed load for: 'res://assets/art/enemies/spear/attack_01_right/spear-attack-01-right-04.png' remapped 'res://assets/art/enemies/spear/attack_01_right/spear-attack-01-right-04.png' at thread -1
Loading resource: res://assets/art/enemies/spear/death_right/spear-death-right-01.png remapped: res://assets/art/enemies/spear/death_right/spear-death-right-01.png
Loading resource: res://.godot/imported/spear-death-right-01.png-fd3d281c089f1601df8b345282f6888c.ctex remapped: res://.godot/imported/spear-death-right-01.png-fd3d281c089f1601df8b345282f6888c.ctex
Completed load for: 'res://assets/art/enemies/spear/death_right/spear-death-right-01.png' remapped 'res://assets/art/enemies/spear/death_right/spear-death-right-01.png' at thread -1
Loading resource: res://assets/art/enemies/spear/death_right/spear-death-right-02.png remapped: res://assets/art/enemies/spear/death_right/spear-death-right-02.png
Loading resource: res://.godot/imported/spear-death-right-02.png-f27dac2244857cacd1a2a33cf54aee8e.ctex remapped: res://.godot/imported/spear-death-right-02.png-f27dac2244857cacd1a2a33cf54aee8e.ctex
Completed load for: 'res://assets/art/enemies/spear/death_right/spear-death-right-02.png' remapped 'res://assets/art/enemies/spear/death_right/spear-death-right-02.png' at thread -1
Loading resource: res://assets/art/enemies/spear/death_right/spear-death-right-03.png remapped: res://assets/art/enemies/spear/death_right/spear-death-right-03.png
Loading resource: res://.godot/imported/spear-death-right-03.png-d440ff9096d0bff72b927b5cd782e1ef.ctex remapped: res://.godot/imported/spear-death-right-03.png-d440ff9096d0bff72b927b5cd782e1ef.ctex
Completed load for: 'res://assets/art/enemies/spear/death_right/spear-death-right-03.png' remapped 'res://assets/art/enemies/spear/death_right/spear-death-right-03.png' at thread -1
Loading resource: res://assets/art/enemies/crossbow/idle_right/crossbow-idle-right-01.png remapped: res://assets/art/enemies/crossbow/idle_right/crossbow-idle-right-01.png
Loading resource: res://.godot/imported/crossbow-idle-right-01.png-fc65ec3d0010dd5cfb2bf2ed4aa96d78.ctex remapped: res://.godot/imported/crossbow-idle-right-01.png-fc65ec3d0010dd5cfb2bf2ed4aa96d78.ctex
Completed load for: 'res://assets/art/enemies/crossbow/idle_right/crossbow-idle-right-01.png' remapped 'res://assets/art/enemies/crossbow/idle_right/crossbow-idle-right-01.png' at thread -1
Loading resource: res://assets/art/enemies/crossbow/idle_right/crossbow-idle-right-02.png remapped: res://assets/art/enemies/crossbow/idle_right/crossbow-idle-right-02.png
Loading resource: res://.godot/imported/crossbow-idle-right-02.png-5de89da58a96a1a9ec7851898bc1efca.ctex remapped: res://.godot/imported/crossbow-idle-right-02.png-5de89da58a96a1a9ec7851898bc1efca.ctex
Completed load for: 'res://assets/art/enemies/crossbow/idle_right/crossbow-idle-right-02.png' remapped 'res://assets/art/enemies/crossbow/idle_right/crossbow-idle-right-02.png' at thread -1
Loading resource: res://assets/art/enemies/crossbow/idle_right/crossbow-idle-right-03.png remapped: res://assets/art/enemies/crossbow/idle_right/crossbow-idle-right-03.png
Loading resource: res://.godot/imported/crossbow-idle-right-03.png-bb034169ddb043be1e276f13bbb8ad67.ctex remapped: res://.godot/imported/crossbow-idle-right-03.png-bb034169ddb043be1e276f13bbb8ad67.ctex
Completed load for: 'res://assets/art/enemies/crossbow/idle_right/crossbow-idle-right-03.png' remapped 'res://assets/art/enemies/crossbow/idle_right/crossbow-idle-right-03.png' at thread -1
Loading resource: res://assets/art/enemies/crossbow/walk_right/crossbow-walk-right-01.png remapped: res://assets/art/enemies/crossbow/walk_right/crossbow-walk-right-01.png
Loading resource: res://.godot/imported/crossbow-walk-right-01.png-164608bcce5b8f499bcbb09b3c45cd69.ctex remapped: res://.godot/imported/crossbow-walk-right-01.png-164608bcce5b8f499bcbb09b3c45cd69.ctex
Completed load for: 'res://assets/art/enemies/crossbow/walk_right/crossbow-walk-right-01.png' remapped 'res://assets/art/enemies/crossbow/walk_right/crossbow-walk-right-01.png' at thread -1
Loading resource: res://assets/art/enemies/crossbow/walk_right/crossbow-walk-right-02.png remapped: res://assets/art/enemies/crossbow/walk_right/crossbow-walk-right-02.png
Loading resource: res://.godot/imported/crossbow-walk-right-02.png-f3230464f4f7462be8730f2edbbbfdfb.ctex remapped: res://.godot/imported/crossbow-walk-right-02.png-f3230464f4f7462be8730f2edbbbfdfb.ctex
Completed load for: 'res://assets/art/enemies/crossbow/walk_right/crossbow-walk-right-02.png' remapped 'res://assets/art/enemies/crossbow/walk_right/crossbow-walk-right-02.png' at thread -1
Loading resource: res://assets/art/enemies/crossbow/walk_right/crossbow-walk-right-03.png remapped: res://assets/art/enemies/crossbow/walk_right/crossbow-walk-right-03.png
Loading resource: res://.godot/imported/crossbow-walk-right-03.png-730a0f7b59f72a9b6ff766eadeb1605f.ctex remapped: res://.godot/imported/crossbow-walk-right-03.png-730a0f7b59f72a9b6ff766eadeb1605f.ctex
Completed load for: 'res://assets/art/enemies/crossbow/walk_right/crossbow-walk-right-03.png' remapped 'res://assets/art/enemies/crossbow/walk_right/crossbow-walk-right-03.png' at thread -1
Loading resource: res://assets/art/enemies/crossbow/walk_right/crossbow-walk-right-04.png remapped: res://assets/art/enemies/crossbow/walk_right/crossbow-walk-right-04.png
Loading resource: res://.godot/imported/crossbow-walk-right-04.png-cb8be966a658efe91c969470b6a0fdc3.ctex remapped: res://.godot/imported/crossbow-walk-right-04.png-cb8be966a658efe91c969470b6a0fdc3.ctex
Completed load for: 'res://assets/art/enemies/crossbow/walk_right/crossbow-walk-right-04.png' remapped 'res://assets/art/enemies/crossbow/walk_right/crossbow-walk-right-04.png' at thread -1
Loading resource: res://assets/art/enemies/crossbow/attack_01_right/crossbow-attack-01-right-01.png remapped: res://assets/art/enemies/crossbow/attack_01_right/crossbow-attack-01-right-01.png
Loading resource: res://.godot/imported/crossbow-attack-01-right-01.png-a7022c43396cf32f488a68dcd4c05454.ctex remapped: res://.godot/imported/crossbow-attack-01-right-01.png-a7022c43396cf32f488a68dcd4c05454.ctex
Completed load for: 'res://assets/art/enemies/crossbow/attack_01_right/crossbow-attack-01-right-01.png' remapped 'res://assets/art/enemies/crossbow/attack_01_right/crossbow-attack-01-right-01.png' at thread -1
Loading resource: res://assets/art/enemies/crossbow/attack_01_right/crossbow-attack-01-right-02.png remapped: res://assets/art/enemies/crossbow/attack_01_right/crossbow-attack-01-right-02.png
Loading resource: res://.godot/imported/crossbow-attack-01-right-02.png-eaae5e4576eaae8de7cbffbe4f4d6aae.ctex remapped: res://.godot/imported/crossbow-attack-01-right-02.png-eaae5e4576eaae8de7cbffbe4f4d6aae.ctex
Completed load for: 'res://assets/art/enemies/crossbow/attack_01_right/crossbow-attack-01-right-02.png' remapped 'res://assets/art/enemies/crossbow/attack_01_right/crossbow-attack-01-right-02.png' at thread -1
Loading resource: res://assets/art/enemies/crossbow/attack_01_right/crossbow-attack-01-right-03.png remapped: res://assets/art/enemies/crossbow/attack_01_right/crossbow-attack-01-right-03.png
Loading resource: res://.godot/imported/crossbow-attack-01-right-03.png-19fff23e6d5ab9920c3647aad0a4e856.ctex remapped: res://.godot/imported/crossbow-attack-01-right-03.png-19fff23e6d5ab9920c3647aad0a4e856.ctex
Completed load for: 'res://assets/art/enemies/crossbow/attack_01_right/crossbow-attack-01-right-03.png' remapped 'res://assets/art/enemies/crossbow/attack_01_right/crossbow-attack-01-right-03.png' at thread -1
Loading resource: res://assets/art/enemies/crossbow/attack_01_right/crossbow-attack-01-right-04.png remapped: res://assets/art/enemies/crossbow/attack_01_right/crossbow-attack-01-right-04.png
Loading resource: res://.godot/imported/crossbow-attack-01-right-04.png-deca578d14e84c510276b4193dcc0846.ctex remapped: res://.godot/imported/crossbow-attack-01-right-04.png-deca578d14e84c510276b4193dcc0846.ctex
Completed load for: 'res://assets/art/enemies/crossbow/attack_01_right/crossbow-attack-01-right-04.png' remapped 'res://assets/art/enemies/crossbow/attack_01_right/crossbow-attack-01-right-04.png' at thread -1
Loading resource: res://assets/art/enemies/crossbow/attack_01_right/crossbow-attack-01-right-05.png remapped: res://assets/art/enemies/crossbow/attack_01_right/crossbow-attack-01-right-05.png
Loading resource: res://.godot/imported/crossbow-attack-01-right-05.png-9569847b7234dea6d4241f1a87727e41.ctex remapped: res://.godot/imported/crossbow-attack-01-right-05.png-9569847b7234dea6d4241f1a87727e41.ctex
Completed load for: 'res://assets/art/enemies/crossbow/attack_01_right/crossbow-attack-01-right-05.png' remapped 'res://assets/art/enemies/crossbow/attack_01_right/crossbow-attack-01-right-05.png' at thread -1
Loading resource: res://assets/art/enemies/crossbow/attack_01_right/crossbow-attack-01-right-06.png remapped: res://assets/art/enemies/crossbow/attack_01_right/crossbow-attack-01-right-06.png
Loading resource: res://.godot/imported/crossbow-attack-01-right-06.png-ea72b5dddb7218d6e7f46c2c417a8d56.ctex remapped: res://.godot/imported/crossbow-attack-01-right-06.png-ea72b5dddb7218d6e7f46c2c417a8d56.ctex
Completed load for: 'res://assets/art/enemies/crossbow/attack_01_right/crossbow-attack-01-right-06.png' remapped 'res://assets/art/enemies/crossbow/attack_01_right/crossbow-attack-01-right-06.png' at thread -1
Loading resource: res://assets/art/enemies/crossbow/attack_01_right/crossbow-attack-01-right-07.png remapped: res://assets/art/enemies/crossbow/attack_01_right/crossbow-attack-01-right-07.png
Loading resource: res://.godot/imported/crossbow-attack-01-right-07.png-87aa5b98400eed486a28be6f1f904a52.ctex remapped: res://.godot/imported/crossbow-attack-01-right-07.png-87aa5b98400eed486a28be6f1f904a52.ctex
Completed load for: 'res://assets/art/enemies/crossbow/attack_01_right/crossbow-attack-01-right-07.png' remapped 'res://assets/art/enemies/crossbow/attack_01_right/crossbow-attack-01-right-07.png' at thread -1
Loading resource: res://assets/art/enemies/crossbow/attack_01_right/crossbow-attack-01-right-08.png remapped: res://assets/art/enemies/crossbow/attack_01_right/crossbow-attack-01-right-08.png
Loading resource: res://.godot/imported/crossbow-attack-01-right-08.png-d7e0ac6f13da69ddc9a34c15cd214fd3.ctex remapped: res://.godot/imported/crossbow-attack-01-right-08.png-d7e0ac6f13da69ddc9a34c15cd214fd3.ctex
Completed load for: 'res://assets/art/enemies/crossbow/attack_01_right/crossbow-attack-01-right-08.png' remapped 'res://assets/art/enemies/crossbow/attack_01_right/crossbow-attack-01-right-08.png' at thread -1
Loading resource: res://assets/art/enemies/crossbow/death_right/crossbow-death-right-01.png remapped: res://assets/art/enemies/crossbow/death_right/crossbow-death-right-01.png
Loading resource: res://.godot/imported/crossbow-death-right-01.png-1a6cd422557153f54994360a60fd328b.ctex remapped: res://.godot/imported/crossbow-death-right-01.png-1a6cd422557153f54994360a60fd328b.ctex
Completed load for: 'res://assets/art/enemies/crossbow/death_right/crossbow-death-right-01.png' remapped 'res://assets/art/enemies/crossbow/death_right/crossbow-death-right-01.png' at thread -1
Loading resource: res://assets/art/enemies/crossbow/death_right/crossbow-death-right-02.png remapped: res://assets/art/enemies/crossbow/death_right/crossbow-death-right-02.png
Loading resource: res://.godot/imported/crossbow-death-right-02.png-17abb4b92b2e762bf21d68014688a937.ctex remapped: res://.godot/imported/crossbow-death-right-02.png-17abb4b92b2e762bf21d68014688a937.ctex
Completed load for: 'res://assets/art/enemies/crossbow/death_right/crossbow-death-right-02.png' remapped 'res://assets/art/enemies/crossbow/death_right/crossbow-death-right-02.png' at thread -1
Loading resource: res://assets/art/enemies/crossbow/death_right/crossbow-death-right-03.png remapped: res://assets/art/enemies/crossbow/death_right/crossbow-death-right-03.png
Loading resource: res://.godot/imported/crossbow-death-right-03.png-07a17748d58a4a1fe12fa7de9b98817b.ctex remapped: res://.godot/imported/crossbow-death-right-03.png-07a17748d58a4a1fe12fa7de9b98817b.ctex
Completed load for: 'res://assets/art/enemies/crossbow/death_right/crossbow-death-right-03.png' remapped 'res://assets/art/enemies/crossbow/death_right/crossbow-death-right-03.png' at thread -1
Loading resource: res://assets/art/enemies/crossbow/death_right/crossbow-death-right-04.png remapped: res://assets/art/enemies/crossbow/death_right/crossbow-death-right-04.png
Loading resource: res://.godot/imported/crossbow-death-right-04.png-c3499580f2c778dfdb6064ed34696b16.ctex remapped: res://.godot/imported/crossbow-death-right-04.png-c3499580f2c778dfdb6064ed34696b16.ctex
Completed load for: 'res://assets/art/enemies/crossbow/death_right/crossbow-death-right-04.png' remapped 'res://assets/art/enemies/crossbow/death_right/crossbow-death-right-04.png' at thread -1
Loading resource: res://assets/art/enemies/cavalry/idle_right/1.png remapped: res://assets/art/enemies/cavalry/idle_right/1.png
Loading resource: res://.godot/imported/1.png-31b5f8f5dc4df3439d2410ec5582f643.ctex remapped: res://.godot/imported/1.png-31b5f8f5dc4df3439d2410ec5582f643.ctex
Completed load for: 'res://assets/art/enemies/cavalry/idle_right/1.png' remapped 'res://assets/art/enemies/cavalry/idle_right/1.png' at thread -1
Loading resource: res://assets/art/enemies/cavalry/idle_right/2.png remapped: res://assets/art/enemies/cavalry/idle_right/2.png
Loading resource: res://.godot/imported/2.png-8c2bb308a8924560cd887e3b73873ad3.ctex remapped: res://.godot/imported/2.png-8c2bb308a8924560cd887e3b73873ad3.ctex
Completed load for: 'res://assets/art/enemies/cavalry/idle_right/2.png' remapped 'res://assets/art/enemies/cavalry/idle_right/2.png' at thread -1
Loading resource: res://assets/art/enemies/cavalry/idle_right/3.png remapped: res://assets/art/enemies/cavalry/idle_right/3.png
Loading resource: res://.godot/imported/3.png-6aecc75dd889f0e1cae2f109a5c3b2dd.ctex remapped: res://.godot/imported/3.png-6aecc75dd889f0e1cae2f109a5c3b2dd.ctex
Completed load for: 'res://assets/art/enemies/cavalry/idle_right/3.png' remapped 'res://assets/art/enemies/cavalry/idle_right/3.png' at thread -1
Loading resource: res://assets/art/enemies/cavalry/idle_right/4.png remapped: res://assets/art/enemies/cavalry/idle_right/4.png
Loading resource: res://.godot/imported/4.png-f64a18a2934c66f82ed212e21d8f8229.ctex remapped: res://.godot/imported/4.png-f64a18a2934c66f82ed212e21d8f8229.ctex
Completed load for: 'res://assets/art/enemies/cavalry/idle_right/4.png' remapped 'res://assets/art/enemies/cavalry/idle_right/4.png' at thread -1
Loading resource: res://assets/art/enemies/cavalry/idle_right/5.png remapped: res://assets/art/enemies/cavalry/idle_right/5.png
Loading resource: res://.godot/imported/5.png-eb4c4e6190b200b1ef27787eb607ff6a.ctex remapped: res://.godot/imported/5.png-eb4c4e6190b200b1ef27787eb607ff6a.ctex
Completed load for: 'res://assets/art/enemies/cavalry/idle_right/5.png' remapped 'res://assets/art/enemies/cavalry/idle_right/5.png' at thread -1
Loading resource: res://assets/art/enemies/cavalry/walk_right/1.png remapped: res://assets/art/enemies/cavalry/walk_right/1.png
Loading resource: res://.godot/imported/1.png-a9a1adecfd1c9a19f3e4efcfbd5beb85.ctex remapped: res://.godot/imported/1.png-a9a1adecfd1c9a19f3e4efcfbd5beb85.ctex
Completed load for: 'res://assets/art/enemies/cavalry/walk_right/1.png' remapped 'res://assets/art/enemies/cavalry/walk_right/1.png' at thread -1
Loading resource: res://assets/art/enemies/cavalry/walk_right/2.png remapped: res://assets/art/enemies/cavalry/walk_right/2.png
Loading resource: res://.godot/imported/2.png-632992c727c5c30b837dc28a7581b97e.ctex remapped: res://.godot/imported/2.png-632992c727c5c30b837dc28a7581b97e.ctex
Completed load for: 'res://assets/art/enemies/cavalry/walk_right/2.png' remapped 'res://assets/art/enemies/cavalry/walk_right/2.png' at thread -1
Loading resource: res://assets/art/enemies/cavalry/walk_right/3.png remapped: res://assets/art/enemies/cavalry/walk_right/3.png
Loading resource: res://.godot/imported/3.png-9b8ce3a183713f04ce51107fe358bf52.ctex remapped: res://.godot/imported/3.png-9b8ce3a183713f04ce51107fe358bf52.ctex
Completed load for: 'res://assets/art/enemies/cavalry/walk_right/3.png' remapped 'res://assets/art/enemies/cavalry/walk_right/3.png' at thread -1
Loading resource: res://assets/art/enemies/cavalry/walk_right/4.png remapped: res://assets/art/enemies/cavalry/walk_right/4.png
Loading resource: res://.godot/imported/4.png-464d3ca5e779ef0b1f833487e49b1cb6.ctex remapped: res://.godot/imported/4.png-464d3ca5e779ef0b1f833487e49b1cb6.ctex
Completed load for: 'res://assets/art/enemies/cavalry/walk_right/4.png' remapped 'res://assets/art/enemies/cavalry/walk_right/4.png' at thread -1
Loading resource: res://assets/art/enemies/cavalry/walk_right/5.png remapped: res://assets/art/enemies/cavalry/walk_right/5.png
Loading resource: res://.godot/imported/5.png-5241a4b754d62c4d8f40f7d3810da7ee.ctex remapped: res://.godot/imported/5.png-5241a4b754d62c4d8f40f7d3810da7ee.ctex
Completed load for: 'res://assets/art/enemies/cavalry/walk_right/5.png' remapped 'res://assets/art/enemies/cavalry/walk_right/5.png' at thread -1
Loading resource: res://assets/art/enemies/cavalry/walk_right/6.png remapped: res://assets/art/enemies/cavalry/walk_right/6.png
Loading resource: res://.godot/imported/6.png-e6659ac9f06e1068986bae6178a8b2a0.ctex remapped: res://.godot/imported/6.png-e6659ac9f06e1068986bae6178a8b2a0.ctex
Completed load for: 'res://assets/art/enemies/cavalry/walk_right/6.png' remapped 'res://assets/art/enemies/cavalry/walk_right/6.png' at thread -1
Loading resource: res://assets/art/enemies/cavalry/walk_right/7.png remapped: res://assets/art/enemies/cavalry/walk_right/7.png
Loading resource: res://.godot/imported/7.png-8d845a00127ec6067c4545db00bc5066.ctex remapped: res://.godot/imported/7.png-8d845a00127ec6067c4545db00bc5066.ctex
Completed load for: 'res://assets/art/enemies/cavalry/walk_right/7.png' remapped 'res://assets/art/enemies/cavalry/walk_right/7.png' at thread -1
Loading resource: res://assets/art/enemies/cavalry/walk_right/8.png remapped: res://assets/art/enemies/cavalry/walk_right/8.png
Loading resource: res://.godot/imported/8.png-6d11a3bd73cd5f018b359bd0867f1980.ctex remapped: res://.godot/imported/8.png-6d11a3bd73cd5f018b359bd0867f1980.ctex
Completed load for: 'res://assets/art/enemies/cavalry/walk_right/8.png' remapped 'res://assets/art/enemies/cavalry/walk_right/8.png' at thread -1
Loading resource: res://assets/art/enemies/cavalry/walk_right/9.png remapped: res://assets/art/enemies/cavalry/walk_right/9.png
Loading resource: res://.godot/imported/9.png-7fe8b1a96065f4bdc06e3d1f4df6d739.ctex remapped: res://.godot/imported/9.png-7fe8b1a96065f4bdc06e3d1f4df6d739.ctex
Completed load for: 'res://assets/art/enemies/cavalry/walk_right/9.png' remapped 'res://assets/art/enemies/cavalry/walk_right/9.png' at thread -1
Loading resource: res://assets/art/enemies/cavalry/walk_right/10.png remapped: res://assets/art/enemies/cavalry/walk_right/10.png
Loading resource: res://.godot/imported/10.png-017a8d92a19672278f31af573404a09c.ctex remapped: res://.godot/imported/10.png-017a8d92a19672278f31af573404a09c.ctex
Completed load for: 'res://assets/art/enemies/cavalry/walk_right/10.png' remapped 'res://assets/art/enemies/cavalry/walk_right/10.png' at thread -1
Loading resource: res://assets/art/enemies/cavalry/attack_01_right/1.png remapped: res://assets/art/enemies/cavalry/attack_01_right/1.png
Loading resource: res://.godot/imported/1.png-e0cde78247220aac60539b97f77096b1.ctex remapped: res://.godot/imported/1.png-e0cde78247220aac60539b97f77096b1.ctex
Completed load for: 'res://assets/art/enemies/cavalry/attack_01_right/1.png' remapped 'res://assets/art/enemies/cavalry/attack_01_right/1.png' at thread -1
Loading resource: res://assets/art/enemies/cavalry/attack_01_right/2.png remapped: res://assets/art/enemies/cavalry/attack_01_right/2.png
Loading resource: res://.godot/imported/2.png-59f5ef2b9a0e62da768202469adff8b8.ctex remapped: res://.godot/imported/2.png-59f5ef2b9a0e62da768202469adff8b8.ctex
Completed load for: 'res://assets/art/enemies/cavalry/attack_01_right/2.png' remapped 'res://assets/art/enemies/cavalry/attack_01_right/2.png' at thread -1
Loading resource: res://assets/art/enemies/cavalry/death_right/1.png remapped: res://assets/art/enemies/cavalry/death_right/1.png
Loading resource: res://.godot/imported/1.png-70ff3aca8ba9dd9df689e0abd63c5e6e.ctex remapped: res://.godot/imported/1.png-70ff3aca8ba9dd9df689e0abd63c5e6e.ctex
Completed load for: 'res://assets/art/enemies/cavalry/death_right/1.png' remapped 'res://assets/art/enemies/cavalry/death_right/1.png' at thread -1
Loading resource: res://assets/art/enemies/cavalry/death_right/2.png remapped: res://assets/art/enemies/cavalry/death_right/2.png
Loading resource: res://.godot/imported/2.png-8e5bb0cacf252083a74bdfe8e3efc738.ctex remapped: res://.godot/imported/2.png-8e5bb0cacf252083a74bdfe8e3efc738.ctex
Completed load for: 'res://assets/art/enemies/cavalry/death_right/2.png' remapped 'res://assets/art/enemies/cavalry/death_right/2.png' at thread -1
Loading resource: res://assets/art/enemies/cavalry/death_right/3.png remapped: res://assets/art/enemies/cavalry/death_right/3.png
Loading resource: res://.godot/imported/3.png-8846cc6920d88404545d35c0f0382638.ctex remapped: res://.godot/imported/3.png-8846cc6920d88404545d35c0f0382638.ctex
Completed load for: 'res://assets/art/enemies/cavalry/death_right/3.png' remapped 'res://assets/art/enemies/cavalry/death_right/3.png' at thread -1
Loading resource: res://assets/art/enemies/cavalry/death_right/4.png remapped: res://assets/art/enemies/cavalry/death_right/4.png
Loading resource: res://.godot/imported/4.png-4d11305db5178ba3dcf78d013bbdb1a5.ctex remapped: res://.godot/imported/4.png-4d11305db5178ba3dcf78d013bbdb1a5.ctex
Completed load for: 'res://assets/art/enemies/cavalry/death_right/4.png' remapped 'res://assets/art/enemies/cavalry/death_right/4.png' at thread -1
Loading resource: res://assets/art/enemies/cavalry/death_right/5.png remapped: res://assets/art/enemies/cavalry/death_right/5.png
Loading resource: res://.godot/imported/5.png-f03c6c7e7a1bacd1607fc7746593cf6e.ctex remapped: res://.godot/imported/5.png-f03c6c7e7a1bacd1607fc7746593cf6e.ctex
Completed load for: 'res://assets/art/enemies/cavalry/death_right/5.png' remapped 'res://assets/art/enemies/cavalry/death_right/5.png' at thread -1
Loading resource: res://assets/art/enemies/cavalry/death_right/6.png remapped: res://assets/art/enemies/cavalry/death_right/6.png
Loading resource: res://.godot/imported/6.png-9832196acb2f0d630ae156eeacc00f9a.ctex remapped: res://.godot/imported/6.png-9832196acb2f0d630ae156eeacc00f9a.ctex
Completed load for: 'res://assets/art/enemies/cavalry/death_right/6.png' remapped 'res://assets/art/enemies/cavalry/death_right/6.png' at thread -1
Loading resource: res://assets/art/elites/xiahou_en/idle_right/xiahou-en-idle-01.png remapped: res://assets/art/elites/xiahou_en/idle_right/xiahou-en-idle-01.png
Loading resource: res://.godot/imported/xiahou-en-idle-01.png-fea3ea94d24e212f2201c2809b0dfdb8.ctex remapped: res://.godot/imported/xiahou-en-idle-01.png-fea3ea94d24e212f2201c2809b0dfdb8.ctex
Completed load for: 'res://assets/art/elites/xiahou_en/idle_right/xiahou-en-idle-01.png' remapped 'res://assets/art/elites/xiahou_en/idle_right/xiahou-en-idle-01.png' at thread -1
Loading resource: res://assets/art/elites/xiahou_en/idle_right/xiahou-en-idle-02.png remapped: res://assets/art/elites/xiahou_en/idle_right/xiahou-en-idle-02.png
Loading resource: res://.godot/imported/xiahou-en-idle-02.png-9db0eb9f9ccaccc12779155992f4bc7b.ctex remapped: res://.godot/imported/xiahou-en-idle-02.png-9db0eb9f9ccaccc12779155992f4bc7b.ctex
Completed load for: 'res://assets/art/elites/xiahou_en/idle_right/xiahou-en-idle-02.png' remapped 'res://assets/art/elites/xiahou_en/idle_right/xiahou-en-idle-02.png' at thread -1
Loading resource: res://assets/art/elites/xiahou_en/idle_right/xiahou-en-idle-03.png remapped: res://assets/art/elites/xiahou_en/idle_right/xiahou-en-idle-03.png
Loading resource: res://.godot/imported/xiahou-en-idle-03.png-e873713d081e7d11e56baccdd829247b.ctex remapped: res://.godot/imported/xiahou-en-idle-03.png-e873713d081e7d11e56baccdd829247b.ctex
Completed load for: 'res://assets/art/elites/xiahou_en/idle_right/xiahou-en-idle-03.png' remapped 'res://assets/art/elites/xiahou_en/idle_right/xiahou-en-idle-03.png' at thread -1
Loading resource: res://assets/art/elites/xiahou_en/walk_right/xiahou-en-walk-01.png remapped: res://assets/art/elites/xiahou_en/walk_right/xiahou-en-walk-01.png
Loading resource: res://.godot/imported/xiahou-en-walk-01.png-56406f8416421fb164ea02da7aeb7bf3.ctex remapped: res://.godot/imported/xiahou-en-walk-01.png-56406f8416421fb164ea02da7aeb7bf3.ctex
Completed load for: 'res://assets/art/elites/xiahou_en/walk_right/xiahou-en-walk-01.png' remapped 'res://assets/art/elites/xiahou_en/walk_right/xiahou-en-walk-01.png' at thread -1
Loading resource: res://assets/art/elites/xiahou_en/walk_right/xiahou-en-walk-02.png remapped: res://assets/art/elites/xiahou_en/walk_right/xiahou-en-walk-02.png
Loading resource: res://.godot/imported/xiahou-en-walk-02.png-a2903e7c58f70c3df0f98c74f3c44256.ctex remapped: res://.godot/imported/xiahou-en-walk-02.png-a2903e7c58f70c3df0f98c74f3c44256.ctex
Completed load for: 'res://assets/art/elites/xiahou_en/walk_right/xiahou-en-walk-02.png' remapped 'res://assets/art/elites/xiahou_en/walk_right/xiahou-en-walk-02.png' at thread -1
Loading resource: res://assets/art/elites/xiahou_en/walk_right/xiahou-en-walk-03.png remapped: res://assets/art/elites/xiahou_en/walk_right/xiahou-en-walk-03.png
Loading resource: res://.godot/imported/xiahou-en-walk-03.png-1672e3f1c7abf41e9e5ad98824bcf384.ctex remapped: res://.godot/imported/xiahou-en-walk-03.png-1672e3f1c7abf41e9e5ad98824bcf384.ctex
Completed load for: 'res://assets/art/elites/xiahou_en/walk_right/xiahou-en-walk-03.png' remapped 'res://assets/art/elites/xiahou_en/walk_right/xiahou-en-walk-03.png' at thread -1
Loading resource: res://assets/art/elites/xiahou_en/attack_right/xiahou-en-attack-01.png remapped: res://assets/art/elites/xiahou_en/attack_right/xiahou-en-attack-01.png
Loading resource: res://.godot/imported/xiahou-en-attack-01.png-e194aef78a92df3b128fc275eb4b2d1d.ctex remapped: res://.godot/imported/xiahou-en-attack-01.png-e194aef78a92df3b128fc275eb4b2d1d.ctex
Completed load for: 'res://assets/art/elites/xiahou_en/attack_right/xiahou-en-attack-01.png' remapped 'res://assets/art/elites/xiahou_en/attack_right/xiahou-en-attack-01.png' at thread -1
Loading resource: res://assets/art/elites/xiahou_en/attack_right/xiahou-en-attack-02.png remapped: res://assets/art/elites/xiahou_en/attack_right/xiahou-en-attack-02.png
Loading resource: res://.godot/imported/xiahou-en-attack-02.png-b8195750cd9d49c3247140638ed16662.ctex remapped: res://.godot/imported/xiahou-en-attack-02.png-b8195750cd9d49c3247140638ed16662.ctex
Completed load for: 'res://assets/art/elites/xiahou_en/attack_right/xiahou-en-attack-02.png' remapped 'res://assets/art/elites/xiahou_en/attack_right/xiahou-en-attack-02.png' at thread -1
Loading resource: res://assets/art/elites/xiahou_en/attack_right/xiahou-en-attack-03.png remapped: res://assets/art/elites/xiahou_en/attack_right/xiahou-en-attack-03.png
Loading resource: res://.godot/imported/xiahou-en-attack-03.png-ff57c7d14e023b797169eb9966432573.ctex remapped: res://.godot/imported/xiahou-en-attack-03.png-ff57c7d14e023b797169eb9966432573.ctex
Completed load for: 'res://assets/art/elites/xiahou_en/attack_right/xiahou-en-attack-03.png' remapped 'res://assets/art/elites/xiahou_en/attack_right/xiahou-en-attack-03.png' at thread -1
Loading resource: res://assets/art/elites/xiahou_en/attack_right/xiahou-en-attack-04.png remapped: res://assets/art/elites/xiahou_en/attack_right/xiahou-en-attack-04.png
Loading resource: res://.godot/imported/xiahou-en-attack-04.png-b0c85e501677ff0100746bdd62d98da4.ctex remapped: res://.godot/imported/xiahou-en-attack-04.png-b0c85e501677ff0100746bdd62d98da4.ctex
Completed load for: 'res://assets/art/elites/xiahou_en/attack_right/xiahou-en-attack-04.png' remapped 'res://assets/art/elites/xiahou_en/attack_right/xiahou-en-attack-04.png' at thread -1
Loading resource: res://assets/art/elites/xiahou_en/death_right/xiahou-en-death-01.png remapped: res://assets/art/elites/xiahou_en/death_right/xiahou-en-death-01.png
Loading resource: res://.godot/imported/xiahou-en-death-01.png-5f3cd5ca0ba044a5d6ca673aeb729ca2.ctex remapped: res://.godot/imported/xiahou-en-death-01.png-5f3cd5ca0ba044a5d6ca673aeb729ca2.ctex
Completed load for: 'res://assets/art/elites/xiahou_en/death_right/xiahou-en-death-01.png' remapped 'res://assets/art/elites/xiahou_en/death_right/xiahou-en-death-01.png' at thread -1
Loading resource: res://assets/art/elites/xiahou_en/death_right/xiahou-en-death-02.png remapped: res://assets/art/elites/xiahou_en/death_right/xiahou-en-death-02.png
Loading resource: res://.godot/imported/xiahou-en-death-02.png-d678acaf54e94bc976c79bb67ddb4551.ctex remapped: res://.godot/imported/xiahou-en-death-02.png-d678acaf54e94bc976c79bb67ddb4551.ctex
Completed load for: 'res://assets/art/elites/xiahou_en/death_right/xiahou-en-death-02.png' remapped 'res://assets/art/elites/xiahou_en/death_right/xiahou-en-death-02.png' at thread -1
Loading resource: res://assets/art/elites/xiahou_en/death_right/xiahou-en-death-03.png remapped: res://assets/art/elites/xiahou_en/death_right/xiahou-en-death-03.png
Loading resource: res://.godot/imported/xiahou-en-death-03.png-3a9f6b218e4dc00497bfe6c473025bd5.ctex remapped: res://.godot/imported/xiahou-en-death-03.png-3a9f6b218e4dc00497bfe6c473025bd5.ctex
Completed load for: 'res://assets/art/elites/xiahou_en/death_right/xiahou-en-death-03.png' remapped 'res://assets/art/elites/xiahou_en/death_right/xiahou-en-death-03.png' at thread -1
Loading resource: res://assets/art/elites/xiahou_en/death_right/xiahou-en-death-04.png remapped: res://assets/art/elites/xiahou_en/death_right/xiahou-en-death-04.png
Loading resource: res://.godot/imported/xiahou-en-death-04.png-810406cf8c70592f0bbbc08dafdd53df.ctex remapped: res://.godot/imported/xiahou-en-death-04.png-810406cf8c70592f0bbbc08dafdd53df.ctex
Completed load for: 'res://assets/art/elites/xiahou_en/death_right/xiahou-en-death-04.png' remapped 'res://assets/art/elites/xiahou_en/death_right/xiahou-en-death-04.png' at thread -1
Loading resource: res://assets/art/elites/chunyu_dao/idle_right/chunyu-dao-idle-01.png remapped: res://assets/art/elites/chunyu_dao/idle_right/chunyu-dao-idle-01.png
Loading resource: res://.godot/imported/chunyu-dao-idle-01.png-67e2186546c9fbe7aa1bd537760912a8.ctex remapped: res://.godot/imported/chunyu-dao-idle-01.png-67e2186546c9fbe7aa1bd537760912a8.ctex
Completed load for: 'res://assets/art/elites/chunyu_dao/idle_right/chunyu-dao-idle-01.png' remapped 'res://assets/art/elites/chunyu_dao/idle_right/chunyu-dao-idle-01.png' at thread -1
Loading resource: res://assets/art/elites/chunyu_dao/idle_right/chunyu-dao-idle-02.png remapped: res://assets/art/elites/chunyu_dao/idle_right/chunyu-dao-idle-02.png
Loading resource: res://.godot/imported/chunyu-dao-idle-02.png-828ca9ce9f7b7afc27e3b8785ec48c26.ctex remapped: res://.godot/imported/chunyu-dao-idle-02.png-828ca9ce9f7b7afc27e3b8785ec48c26.ctex
Completed load for: 'res://assets/art/elites/chunyu_dao/idle_right/chunyu-dao-idle-02.png' remapped 'res://assets/art/elites/chunyu_dao/idle_right/chunyu-dao-idle-02.png' at thread -1
Loading resource: res://assets/art/elites/chunyu_dao/idle_right/chunyu-dao-idle-03.png remapped: res://assets/art/elites/chunyu_dao/idle_right/chunyu-dao-idle-03.png
Loading resource: res://.godot/imported/chunyu-dao-idle-03.png-606a0d9ab2860620666e31b4e49ffae6.ctex remapped: res://.godot/imported/chunyu-dao-idle-03.png-606a0d9ab2860620666e31b4e49ffae6.ctex
Completed load for: 'res://assets/art/elites/chunyu_dao/idle_right/chunyu-dao-idle-03.png' remapped 'res://assets/art/elites/chunyu_dao/idle_right/chunyu-dao-idle-03.png' at thread -1
Loading resource: res://assets/art/elites/chunyu_dao/walk_right/chunyu-dao-walk-01.png remapped: res://assets/art/elites/chunyu_dao/walk_right/chunyu-dao-walk-01.png
Loading resource: res://.godot/imported/chunyu-dao-walk-01.png-2244fbf81d1de50dbc95aab735190492.ctex remapped: res://.godot/imported/chunyu-dao-walk-01.png-2244fbf81d1de50dbc95aab735190492.ctex
Completed load for: 'res://assets/art/elites/chunyu_dao/walk_right/chunyu-dao-walk-01.png' remapped 'res://assets/art/elites/chunyu_dao/walk_right/chunyu-dao-walk-01.png' at thread -1
Loading resource: res://assets/art/elites/chunyu_dao/walk_right/chunyu-dao-walk-02.png remapped: res://assets/art/elites/chunyu_dao/walk_right/chunyu-dao-walk-02.png
Loading resource: res://.godot/imported/chunyu-dao-walk-02.png-9aa11292aca90326dc02dec862f0f2ff.ctex remapped: res://.godot/imported/chunyu-dao-walk-02.png-9aa11292aca90326dc02dec862f0f2ff.ctex
Completed load for: 'res://assets/art/elites/chunyu_dao/walk_right/chunyu-dao-walk-02.png' remapped 'res://assets/art/elites/chunyu_dao/walk_right/chunyu-dao-walk-02.png' at thread -1
Loading resource: res://assets/art/elites/chunyu_dao/walk_right/chunyu-dao-walk-03.png remapped: res://assets/art/elites/chunyu_dao/walk_right/chunyu-dao-walk-03.png
Loading resource: res://.godot/imported/chunyu-dao-walk-03.png-e1ef4953a4135d812eaea0f939f551ad.ctex remapped: res://.godot/imported/chunyu-dao-walk-03.png-e1ef4953a4135d812eaea0f939f551ad.ctex
Completed load for: 'res://assets/art/elites/chunyu_dao/walk_right/chunyu-dao-walk-03.png' remapped 'res://assets/art/elites/chunyu_dao/walk_right/chunyu-dao-walk-03.png' at thread -1
Loading resource: res://assets/art/elites/chunyu_dao/walk_right/chunyu-dao-walk-04.png remapped: res://assets/art/elites/chunyu_dao/walk_right/chunyu-dao-walk-04.png
Loading resource: res://.godot/imported/chunyu-dao-walk-04.png-26b5959dab3e8838ed0790e96741106e.ctex remapped: res://.godot/imported/chunyu-dao-walk-04.png-26b5959dab3e8838ed0790e96741106e.ctex
Completed load for: 'res://assets/art/elites/chunyu_dao/walk_right/chunyu-dao-walk-04.png' remapped 'res://assets/art/elites/chunyu_dao/walk_right/chunyu-dao-walk-04.png' at thread -1
Loading resource: res://assets/art/elites/chunyu_dao/attack_right/chunyu-dao-attack-01.png remapped: res://assets/art/elites/chunyu_dao/attack_right/chunyu-dao-attack-01.png
Loading resource: res://.godot/imported/chunyu-dao-attack-01.png-fa185e32a406be68f26a2059028eed6b.ctex remapped: res://.godot/imported/chunyu-dao-attack-01.png-fa185e32a406be68f26a2059028eed6b.ctex
Completed load for: 'res://assets/art/elites/chunyu_dao/attack_right/chunyu-dao-attack-01.png' remapped 'res://assets/art/elites/chunyu_dao/attack_right/chunyu-dao-attack-01.png' at thread -1
Loading resource: res://assets/art/elites/chunyu_dao/attack_right/chunyu-dao-attack-02.png remapped: res://assets/art/elites/chunyu_dao/attack_right/chunyu-dao-attack-02.png
Loading resource: res://.godot/imported/chunyu-dao-attack-02.png-52a0867acce80797318450a2c1e2caf6.ctex remapped: res://.godot/imported/chunyu-dao-attack-02.png-52a0867acce80797318450a2c1e2caf6.ctex
Completed load for: 'res://assets/art/elites/chunyu_dao/attack_right/chunyu-dao-attack-02.png' remapped 'res://assets/art/elites/chunyu_dao/attack_right/chunyu-dao-attack-02.png' at thread -1
Loading resource: res://assets/art/elites/chunyu_dao/attack_right/chunyu-dao-attack-03.png remapped: res://assets/art/elites/chunyu_dao/attack_right/chunyu-dao-attack-03.png
Loading resource: res://.godot/imported/chunyu-dao-attack-03.png-fbefd3548e724f39d3539c77839cb41e.ctex remapped: res://.godot/imported/chunyu-dao-attack-03.png-fbefd3548e724f39d3539c77839cb41e.ctex
Completed load for: 'res://assets/art/elites/chunyu_dao/attack_right/chunyu-dao-attack-03.png' remapped 'res://assets/art/elites/chunyu_dao/attack_right/chunyu-dao-attack-03.png' at thread -1
Loading resource: res://assets/art/elites/chunyu_dao/attack_right/chunyu-dao-attack-04.png remapped: res://assets/art/elites/chunyu_dao/attack_right/chunyu-dao-attack-04.png
Loading resource: res://.godot/imported/chunyu-dao-attack-04.png-dbbbb06b9044138fd48a577a4656d69a.ctex remapped: res://.godot/imported/chunyu-dao-attack-04.png-dbbbb06b9044138fd48a577a4656d69a.ctex
Completed load for: 'res://assets/art/elites/chunyu_dao/attack_right/chunyu-dao-attack-04.png' remapped 'res://assets/art/elites/chunyu_dao/attack_right/chunyu-dao-attack-04.png' at thread -1
Loading resource: res://assets/art/elites/chunyu_dao/attack_right/chunyu-dao-attack-11.png remapped: res://assets/art/elites/chunyu_dao/attack_right/chunyu-dao-attack-11.png
Loading resource: res://.godot/imported/chunyu-dao-attack-11.png-4ade9fbb5db90c14cfbfd0fbc6c92925.ctex remapped: res://.godot/imported/chunyu-dao-attack-11.png-4ade9fbb5db90c14cfbfd0fbc6c92925.ctex
Completed load for: 'res://assets/art/elites/chunyu_dao/attack_right/chunyu-dao-attack-11.png' remapped 'res://assets/art/elites/chunyu_dao/attack_right/chunyu-dao-attack-11.png' at thread -1
Loading resource: res://assets/art/elites/chunyu_dao/attack_right/chunyu-dao-attack-12.png remapped: res://assets/art/elites/chunyu_dao/attack_right/chunyu-dao-attack-12.png
Loading resource: res://.godot/imported/chunyu-dao-attack-12.png-6a0da50258c9077c4b8959ec5d0f3ab6.ctex remapped: res://.godot/imported/chunyu-dao-attack-12.png-6a0da50258c9077c4b8959ec5d0f3ab6.ctex
Completed load for: 'res://assets/art/elites/chunyu_dao/attack_right/chunyu-dao-attack-12.png' remapped 'res://assets/art/elites/chunyu_dao/attack_right/chunyu-dao-attack-12.png' at thread -1
Loading resource: res://assets/art/elites/chunyu_dao/attack_right/chunyu-dao-attack-13.png remapped: res://assets/art/elites/chunyu_dao/attack_right/chunyu-dao-attack-13.png
Loading resource: res://.godot/imported/chunyu-dao-attack-13.png-a30c0596d16268f8e09de2b6d111757c.ctex remapped: res://.godot/imported/chunyu-dao-attack-13.png-a30c0596d16268f8e09de2b6d111757c.ctex
Completed load for: 'res://assets/art/elites/chunyu_dao/attack_right/chunyu-dao-attack-13.png' remapped 'res://assets/art/elites/chunyu_dao/attack_right/chunyu-dao-attack-13.png' at thread -1
Loading resource: res://assets/art/elites/chunyu_dao/attack_right/chunyu-dao-attack-14.png remapped: res://assets/art/elites/chunyu_dao/attack_right/chunyu-dao-attack-14.png
Loading resource: res://.godot/imported/chunyu-dao-attack-14.png-04448381ddf5c92c2bd3d6078201e8b7.ctex remapped: res://.godot/imported/chunyu-dao-attack-14.png-04448381ddf5c92c2bd3d6078201e8b7.ctex
Completed load for: 'res://assets/art/elites/chunyu_dao/attack_right/chunyu-dao-attack-14.png' remapped 'res://assets/art/elites/chunyu_dao/attack_right/chunyu-dao-attack-14.png' at thread -1
Loading resource: res://assets/art/elites/chunyu_dao/attack_right/chunyu-dao-attack-21.png remapped: res://assets/art/elites/chunyu_dao/attack_right/chunyu-dao-attack-21.png
Loading resource: res://.godot/imported/chunyu-dao-attack-21.png-6ce3307371459d327f727db8f59092d7.ctex remapped: res://.godot/imported/chunyu-dao-attack-21.png-6ce3307371459d327f727db8f59092d7.ctex
Completed load for: 'res://assets/art/elites/chunyu_dao/attack_right/chunyu-dao-attack-21.png' remapped 'res://assets/art/elites/chunyu_dao/attack_right/chunyu-dao-attack-21.png' at thread -1
Loading resource: res://assets/art/elites/chunyu_dao/attack_right/chunyu-dao-attack-22.png remapped: res://assets/art/elites/chunyu_dao/attack_right/chunyu-dao-attack-22.png
Loading resource: res://.godot/imported/chunyu-dao-attack-22.png-7e1cf4f3d3bbbbf4813961d768c724a8.ctex remapped: res://.godot/imported/chunyu-dao-attack-22.png-7e1cf4f3d3bbbbf4813961d768c724a8.ctex
Completed load for: 'res://assets/art/elites/chunyu_dao/attack_right/chunyu-dao-attack-22.png' remapped 'res://assets/art/elites/chunyu_dao/attack_right/chunyu-dao-attack-22.png' at thread -1
Loading resource: res://assets/art/elites/chunyu_dao/attack_right/chunyu-dao-attack-23.png remapped: res://assets/art/elites/chunyu_dao/attack_right/chunyu-dao-attack-23.png
Loading resource: res://.godot/imported/chunyu-dao-attack-23.png-cdd72d7825db7f6290ee1ef06a619a30.ctex remapped: res://.godot/imported/chunyu-dao-attack-23.png-cdd72d7825db7f6290ee1ef06a619a30.ctex
Completed load for: 'res://assets/art/elites/chunyu_dao/attack_right/chunyu-dao-attack-23.png' remapped 'res://assets/art/elites/chunyu_dao/attack_right/chunyu-dao-attack-23.png' at thread -1
Loading resource: res://assets/art/elites/chunyu_dao/attack_right/chunyu-dao-attack-24.png remapped: res://assets/art/elites/chunyu_dao/attack_right/chunyu-dao-attack-24.png
Loading resource: res://.godot/imported/chunyu-dao-attack-24.png-eb932537befd15272d389c5e0cb6a1e9.ctex remapped: res://.godot/imported/chunyu-dao-attack-24.png-eb932537befd15272d389c5e0cb6a1e9.ctex
Completed load for: 'res://assets/art/elites/chunyu_dao/attack_right/chunyu-dao-attack-24.png' remapped 'res://assets/art/elites/chunyu_dao/attack_right/chunyu-dao-attack-24.png' at thread -1
Loading resource: res://assets/art/elites/chunyu_dao/attack_right/chunyu-dao-attack-31.png remapped: res://assets/art/elites/chunyu_dao/attack_right/chunyu-dao-attack-31.png
Loading resource: res://.godot/imported/chunyu-dao-attack-31.png-c2871635c791b2ff3e86c3ca41d6890f.ctex remapped: res://.godot/imported/chunyu-dao-attack-31.png-c2871635c791b2ff3e86c3ca41d6890f.ctex
Completed load for: 'res://assets/art/elites/chunyu_dao/attack_right/chunyu-dao-attack-31.png' remapped 'res://assets/art/elites/chunyu_dao/attack_right/chunyu-dao-attack-31.png' at thread -1
Loading resource: res://assets/art/elites/chunyu_dao/attack_right/chunyu-dao-attack-32.png remapped: res://assets/art/elites/chunyu_dao/attack_right/chunyu-dao-attack-32.png
Loading resource: res://.godot/imported/chunyu-dao-attack-32.png-ff314d5e6997671d558e831b0c9b6589.ctex remapped: res://.godot/imported/chunyu-dao-attack-32.png-ff314d5e6997671d558e831b0c9b6589.ctex
Completed load for: 'res://assets/art/elites/chunyu_dao/attack_right/chunyu-dao-attack-32.png' remapped 'res://assets/art/elites/chunyu_dao/attack_right/chunyu-dao-attack-32.png' at thread -1
Loading resource: res://assets/art/elites/chunyu_dao/attack_right/chunyu-dao-attack-33.png remapped: res://assets/art/elites/chunyu_dao/attack_right/chunyu-dao-attack-33.png
Loading resource: res://.godot/imported/chunyu-dao-attack-33.png-da0738f110f7f89efaf833b562c41b76.ctex remapped: res://.godot/imported/chunyu-dao-attack-33.png-da0738f110f7f89efaf833b562c41b76.ctex
Completed load for: 'res://assets/art/elites/chunyu_dao/attack_right/chunyu-dao-attack-33.png' remapped 'res://assets/art/elites/chunyu_dao/attack_right/chunyu-dao-attack-33.png' at thread -1
Loading resource: res://assets/art/elites/chunyu_dao/death_right/chunyu-dao-death-01.png remapped: res://assets/art/elites/chunyu_dao/death_right/chunyu-dao-death-01.png
Loading resource: res://.godot/imported/chunyu-dao-death-01.png-946f95ec4ab9319109cac40781d73bf0.ctex remapped: res://.godot/imported/chunyu-dao-death-01.png-946f95ec4ab9319109cac40781d73bf0.ctex
Completed load for: 'res://assets/art/elites/chunyu_dao/death_right/chunyu-dao-death-01.png' remapped 'res://assets/art/elites/chunyu_dao/death_right/chunyu-dao-death-01.png' at thread -1
Loading resource: res://assets/art/elites/chunyu_dao/death_right/chunyu-dao-death-02.png remapped: res://assets/art/elites/chunyu_dao/death_right/chunyu-dao-death-02.png
Loading resource: res://.godot/imported/chunyu-dao-death-02.png-cfd478a54e9573fba4d3dfa12d580e6c.ctex remapped: res://.godot/imported/chunyu-dao-death-02.png-cfd478a54e9573fba4d3dfa12d580e6c.ctex
Completed load for: 'res://assets/art/elites/chunyu_dao/death_right/chunyu-dao-death-02.png' remapped 'res://assets/art/elites/chunyu_dao/death_right/chunyu-dao-death-02.png' at thread -1
Loading resource: res://assets/art/elites/chunyu_dao/death_right/chunyu-dao-death-03.png remapped: res://assets/art/elites/chunyu_dao/death_right/chunyu-dao-death-03.png
Loading resource: res://.godot/imported/chunyu-dao-death-03.png-f6e756acf56b3ad9e04de9b04ea536c4.ctex remapped: res://.godot/imported/chunyu-dao-death-03.png-f6e756acf56b3ad9e04de9b04ea536c4.ctex
Completed load for: 'res://assets/art/elites/chunyu_dao/death_right/chunyu-dao-death-03.png' remapped 'res://assets/art/elites/chunyu_dao/death_right/chunyu-dao-death-03.png' at thread -1
Loading resource: res://assets/art/projectiles/archer-arrow.png remapped: res://assets/art/projectiles/archer-arrow.png
Loading resource: res://.godot/imported/archer-arrow.png-c2ae9c62cbc0138c6d111fca90d96dbe.ctex remapped: res://.godot/imported/archer-arrow.png-c2ae9c62cbc0138c6d111fca90d96dbe.ctex
Completed load for: 'res://assets/art/projectiles/archer-arrow.png' remapped 'res://assets/art/projectiles/archer-arrow.png' at thread -1
Loading resource: res://scenes/effects/ground_impact_wave.tscn remapped: res://scenes/effects/ground_impact_wave.tscn
Loading resource: res://scripts/effects/ground_impact_wave.gd remapped: res://scripts/effects/ground_impact_wave.gd
Completed load for: 'res://scripts/effects/ground_impact_wave.gd' remapped 'res://scripts/effects/ground_impact_wave.gd' at thread -1
Loading resource: res://assets/art/effects/ground_impact/ground_impact_wave.tres remapped: res://assets/art/effects/ground_impact/ground_impact_wave.tres
Loading resource: res://assets/art/effects/ground_impact/1.png remapped: res://assets/art/effects/ground_impact/1.png
Loading resource: res://.godot/imported/1.png-bb2a38c7f3422b868796e25d482601f8.ctex remapped: res://.godot/imported/1.png-bb2a38c7f3422b868796e25d482601f8.ctex
Completed load for: 'res://assets/art/effects/ground_impact/1.png' remapped 'res://assets/art/effects/ground_impact/1.png' at thread -1
Loading resource: res://assets/art/effects/ground_impact/2.png remapped: res://assets/art/effects/ground_impact/2.png
Loading resource: res://.godot/imported/2.png-ea7a2b2c8a08b20d2082eaa8e0b7ca3c.ctex remapped: res://.godot/imported/2.png-ea7a2b2c8a08b20d2082eaa8e0b7ca3c.ctex
Completed load for: 'res://assets/art/effects/ground_impact/2.png' remapped 'res://assets/art/effects/ground_impact/2.png' at thread -1
Loading resource: res://assets/art/effects/ground_impact/3.png remapped: res://assets/art/effects/ground_impact/3.png
Loading resource: res://.godot/imported/3.png-7a459e1e77072ea5ebf580b7dc0405e6.ctex remapped: res://.godot/imported/3.png-7a459e1e77072ea5ebf580b7dc0405e6.ctex
Completed load for: 'res://assets/art/effects/ground_impact/3.png' remapped 'res://assets/art/effects/ground_impact/3.png' at thread -1
Loading resource: res://assets/art/effects/ground_impact/4.png remapped: res://assets/art/effects/ground_impact/4.png
Loading resource: res://.godot/imported/4.png-7e91a6b746700e1369ee7dac02b3b0c4.ctex remapped: res://.godot/imported/4.png-7e91a6b746700e1369ee7dac02b3b0c4.ctex
Completed load for: 'res://assets/art/effects/ground_impact/4.png' remapped 'res://assets/art/effects/ground_impact/4.png' at thread -1
Loading resource: res://assets/art/effects/ground_impact/5.png remapped: res://assets/art/effects/ground_impact/5.png
Loading resource: res://.godot/imported/5.png-2c247508139e3aacf73b092459e39f0c.ctex remapped: res://.godot/imported/5.png-2c247508139e3aacf73b092459e39f0c.ctex
Completed load for: 'res://assets/art/effects/ground_impact/5.png' remapped 'res://assets/art/effects/ground_impact/5.png' at thread -1
Loading resource: res://assets/art/effects/ground_impact/6.png remapped: res://assets/art/effects/ground_impact/6.png
Loading resource: res://.godot/imported/6.png-c6434efe4d1fe0bd0d5cdb836f493158.ctex remapped: res://.godot/imported/6.png-c6434efe4d1fe0bd0d5cdb836f493158.ctex
Completed load for: 'res://assets/art/effects/ground_impact/6.png' remapped 'res://assets/art/effects/ground_impact/6.png' at thread -1
Loading resource: res://assets/art/effects/ground_impact/7.png remapped: res://assets/art/effects/ground_impact/7.png
Loading resource: res://.godot/imported/7.png-8b0a793630d73bd056b8c0e9e2ad2d60.ctex remapped: res://.godot/imported/7.png-8b0a793630d73bd056b8c0e9e2ad2d60.ctex
Completed load for: 'res://assets/art/effects/ground_impact/7.png' remapped 'res://assets/art/effects/ground_impact/7.png' at thread -1
Loading resource: res://assets/art/effects/ground_impact/8.png remapped: res://assets/art/effects/ground_impact/8.png
Loading resource: res://.godot/imported/8.png-7c88daf432710c57d64fb81e8f074960.ctex remapped: res://.godot/imported/8.png-7c88daf432710c57d64fb81e8f074960.ctex
Completed load for: 'res://assets/art/effects/ground_impact/8.png' remapped 'res://assets/art/effects/ground_impact/8.png' at thread -1
Loading resource: res://assets/art/effects/ground_impact/9.png remapped: res://assets/art/effects/ground_impact/9.png
Loading resource: res://.godot/imported/9.png-8571553b573abcbe41fc468bd75877c6.ctex remapped: res://.godot/imported/9.png-8571553b573abcbe41fc468bd75877c6.ctex
Completed load for: 'res://assets/art/effects/ground_impact/9.png' remapped 'res://assets/art/effects/ground_impact/9.png' at thread -1
Loading resource: res://assets/art/effects/ground_impact/10.png remapped: res://assets/art/effects/ground_impact/10.png
Loading resource: res://.godot/imported/10.png-1cbed7cf77de789fcafbefc651ab0845.ctex remapped: res://.godot/imported/10.png-1cbed7cf77de789fcafbefc651ab0845.ctex
Completed load for: 'res://assets/art/effects/ground_impact/10.png' remapped 'res://assets/art/effects/ground_impact/10.png' at thread -1
Loading resource: res://assets/art/effects/ground_impact/11.png remapped: res://assets/art/effects/ground_impact/11.png
Loading resource: res://.godot/imported/11.png-4458774a9fdfaa0ebe28c7385d3a6704.ctex remapped: res://.godot/imported/11.png-4458774a9fdfaa0ebe28c7385d3a6704.ctex
Completed load for: 'res://assets/art/effects/ground_impact/11.png' remapped 'res://assets/art/effects/ground_impact/11.png' at thread -1
Loading resource: res://assets/art/effects/ground_impact/12.png remapped: res://assets/art/effects/ground_impact/12.png
Loading resource: res://.godot/imported/12.png-7dfb203538792214e0fa9e5cfd01de2d.ctex remapped: res://.godot/imported/12.png-7dfb203538792214e0fa9e5cfd01de2d.ctex
Completed load for: 'res://assets/art/effects/ground_impact/12.png' remapped 'res://assets/art/effects/ground_impact/12.png' at thread -1
Loading resource: res://assets/art/effects/ground_impact/13.png remapped: res://assets/art/effects/ground_impact/13.png
Loading resource: res://.godot/imported/13.png-45be0739e2c4b2b6aaabb3caa8912642.ctex remapped: res://.godot/imported/13.png-45be0739e2c4b2b6aaabb3caa8912642.ctex
Completed load for: 'res://assets/art/effects/ground_impact/13.png' remapped 'res://assets/art/effects/ground_impact/13.png' at thread -1
Loading resource: res://assets/art/effects/ground_impact/14.png remapped: res://assets/art/effects/ground_impact/14.png
Loading resource: res://.godot/imported/14.png-93a34505bad795d253102b74905f5809.ctex remapped: res://.godot/imported/14.png-93a34505bad795d253102b74905f5809.ctex
Completed load for: 'res://assets/art/effects/ground_impact/14.png' remapped 'res://assets/art/effects/ground_impact/14.png' at thread -1
Loading resource: res://assets/art/effects/ground_impact/15.png remapped: res://assets/art/effects/ground_impact/15.png
Loading resource: res://.godot/imported/15.png-0a0cf4e75de71798f19c3f0dc4ba0a5d.ctex remapped: res://.godot/imported/15.png-0a0cf4e75de71798f19c3f0dc4ba0a5d.ctex
Completed load for: 'res://assets/art/effects/ground_impact/15.png' remapped 'res://assets/art/effects/ground_impact/15.png' at thread -1
Loading resource: res://assets/art/effects/ground_impact/16.png remapped: res://assets/art/effects/ground_impact/16.png
Loading resource: res://.godot/imported/16.png-7725cbc08f7fabe798c403feebede8c0.ctex remapped: res://.godot/imported/16.png-7725cbc08f7fabe798c403feebede8c0.ctex
Completed load for: 'res://assets/art/effects/ground_impact/16.png' remapped 'res://assets/art/effects/ground_impact/16.png' at thread -1
Loading resource: res://assets/art/effects/ground_impact/17.png remapped: res://assets/art/effects/ground_impact/17.png
Loading resource: res://.godot/imported/17.png-cd1cec11f69a4dcc5ef280e7a2167a55.ctex remapped: res://.godot/imported/17.png-cd1cec11f69a4dcc5ef280e7a2167a55.ctex
Completed load for: 'res://assets/art/effects/ground_impact/17.png' remapped 'res://assets/art/effects/ground_impact/17.png' at thread -1
Completed load for: 'res://assets/art/effects/ground_impact/ground_impact_wave.tres' remapped 'res://assets/art/effects/ground_impact/ground_impact_wave.tres' at thread -1
Completed load for: 'res://scenes/effects/ground_impact_wave.tscn' remapped 'res://scenes/effects/ground_impact_wave.tscn' at thread -1
Completed load for: 'res://scripts/presentation/battle_renderer.gd' remapped 'res://scripts/presentation/battle_renderer.gd' at thread -1
Loading resource: res://scripts/actors/player_actor.gd remapped: res://scripts/actors/player_actor.gd
Completed load for: 'res://scripts/actors/player_actor.gd' remapped 'res://scripts/actors/player_actor.gd' at thread -1
Loading resource: res://scripts/run/run_scene.gd remapped: res://scripts/run/run_scene.gd
Loading resource: res://scenes/actors/elite_actor.tscn remapped: res://scenes/actors/elite_actor.tscn
Completed load for: 'res://scenes/actors/elite_actor.tscn' remapped 'res://scenes/actors/elite_actor.tscn' at thread -1
Completed load for: 'res://scripts/run/run_scene.gd' remapped 'res://scripts/run/run_scene.gd' at thread -1
[  83% ] [90m[1mloading_editor_layout[22m | 编辑器布局就绪。[39m[0m
[92m[ DONE ][39m [1mloading_editor_layout[22m
[0m
Failed to bind socket. Error: 3.
Unloading addon: res://addons/GodotTapTapSDK/plugin.cfg
Script docs haven't been properly loaded or regenerated, so don't save them to disk.
EditorSettings: Save OK!
XR: Clearing primary interface
XR: Removed interface "Native mobile"
XR: Removed interface "OpenXR"
Orphan StringName: Node (static: 7, total: 8)
StringName: 1 unclaimed string names at exit.
